match_id,match_date,match_time,team_name,opposition_name,is_home,goals_scored,goals_conceded,Ball possession,Expected goals,Big chances,Total shots,Goalkeeper saves,Corner kicks,Fouls,Passes,Tackles,Free kicks,Yellow cards,Shots on target,Hit woodwork,Shots off target,Blocked shots,Shots inside box,Shots outside box,Big chances scored,Big chances missed,Through balls,Touches in penalty area,Fouled in final third,Offsides,Accurate passes,Throw-ins,Final third entries,Final third phase,Final third phase - Total,Long balls,Long balls - Total,Crosses,Crosses - Total,Duels,Dispossessed,Ground duels,Ground duels - Total,Aerial duels,Aerial duels - Total,Dribbles,Dribbles - Total,Tackles won,Tackles won - Total,Total tackles,Interceptions,Recoveries,Clearances,Errors lead to a shot,Total saves,Goals prevented,Big saves,High claims,Punches,Goal kicks,Errors lead to a goal,Red cards,Penalty saves
13981759,2025-07-18,16:00:00,Jagiellonia Białystok,Bruk-Bet Termalica Nieciecza,True,0,4,64.0,0.89,0.0,13.0,3.0,3.0,7.0,543.0,20.0,10.0,1.0,4.0,0.0,5.0,4.0,10.0,3.0,0.0,0.0,2.0,35.0,2.0,4.0,469.0,12.0,73.0,122.0,164.0,18.0,40.0,8.0,34.0,50.0,15.0,38.0,80.0,21.0,39.0,9.0,19.0,16.0,20.0,20.0,4.0,57.0,24.0,2.0,3.0,-0.809,2.0,0.0,0.0,2.0,,,
13981759,2025-07-18,16:00:00,Bruk-Bet Termalica Nieciecza,Jagiellonia Białystok,False,4,0,36.0,2.47,3.0,18.0,4.0,8.0,10.0,311.0,25.0,6.0,0.0,6.0,0.0,4.0,8.0,11.0,7.0,2.0,1.0,0.0,23.0,2.0,1.0,226.0,13.0,49.0,61.0,95.0,26.0,66.0,4.0,12.0,50.0,12.0,42.0,80.0,18.0,39.0,10.0,18.0,14.0,25.0,25.0,8.0,56.0,40.0,0.0,4.0,0.2532,0.0,1.0,1.0,10.0,,,
13981761,2025-07-18,18:30:00,Lech Poznań,Cracovia,True,1,4,75.0,1.43,1.0,10.0,1.0,5.0,10.0,638.0,6.0,11.0,1.0,2.0,0.0,6.0,2.0,5.0,5.0,1.0,,,16.0,5.0,3.0,572.0,24.0,90.0,150.0,196.0,19.0,35.0,4.0,30.0,53.0,6.0,30.0,55.0,11.0,23.0,13.0,19.0,6.0,6.0,6.0,4.0,31.0,7.0,,1.0,-1.6238,,0.0,0.0,4.0,3.0,,
13981761,2025-07-18,18:30:00,Cracovia,Lech Poznań,False,4,1,25.0,0.73,2.0,7.0,1.0,0.0,12.0,222.0,12.0,10.0,2.0,5.0,0.0,2.0,0.0,5.0,2.0,2.0,,,8.0,0.0,1.0,153.0,15.0,31.0,29.0,51.0,15.0,53.0,0.0,1.0,47.0,4.0,25.0,55.0,12.0,23.0,3.0,5.0,8.0,12.0,12.0,8.0,31.0,39.0,,1.0,-0.0992,,1.0,1.0,10.0,0.0,,
13981750,2025-07-19,12:45:00,Widzew Łódź,Zagłębie Lubin,True,1,0,53.0,1.06,,15.0,2.0,8.0,8.0,349.0,16.0,20.0,3.0,4.0,0.0,3.0,8.0,10.0,5.0,,,0.0,34.0,3.0,1.0,283.0,18.0,58.0,80.0,119.0,24.0,51.0,4.0,17.0,59.0,8.0,43.0,70.0,16.0,30.0,8.0,15.0,11.0,16.0,16.0,2.0,34.0,27.0,0.0,2.0,0.124,0.0,1.0,,8.0,,,
13981750,2025-07-19,12:45:00,Zagłębie Lubin,Widzew Łódź,False,0,1,47.0,0.67,,11.0,3.0,6.0,20.0,311.0,15.0,8.0,4.0,2.0,0.0,6.0,3.0,6.0,5.0,,,1.0,21.0,2.0,3.0,244.0,17.0,36.0,64.0,94.0,16.0,34.0,3.0,14.0,41.0,7.0,27.0,70.0,14.0,30.0,6.0,15.0,8.0,15.0,15.0,11.0,44.0,22.0,1.0,3.0,-0.2298,1.0,1.0,,7.0,,,
13981884,2025-07-19,15:30:00,Wisła Płock,MKS Korona Kielce,True,2,0,64.0,2.75,6.0,22.0,1.0,7.0,12.0,499.0,15.0,12.0,1.0,8.0,0.0,11.0,3.0,13.0,9.0,2.0,4.0,,46.0,4.0,1.0,436.0,15.0,64.0,157.0,195.0,29.0,39.0,6.0,25.0,60.0,6.0,33.0,57.0,17.0,26.0,5.0,9.0,7.0,15.0,15.0,8.0,33.0,25.0,,1.0,0.0729,0.0,1.0,0.0,3.0,,0.0,
13981884,2025-07-19,15:30:00,MKS Korona Kielce,Wisła Płock,False,0,2,36.0,0.12,0.0,5.0,6.0,1.0,13.0,282.0,10.0,12.0,3.0,1.0,0.0,3.0,1.0,1.0,4.0,0.0,0.0,,7.0,2.0,4.0,212.0,15.0,41.0,25.0,58.0,18.0,56.0,1.0,6.0,40.0,12.0,24.0,57.0,9.0,26.0,3.0,6.0,5.0,10.0,10.0,8.0,35.0,25.0,,6.0,0.148,2.0,0.0,1.0,17.0,,2.0,
13981754,2025-07-19,18:15:00,GKS Katowice,Raków Częstochowa,True,0,1,49.0,0.16,0.0,3.0,4.0,3.0,7.0,424.0,16.0,14.0,1.0,0.0,0.0,2.0,1.0,2.0,1.0,,0.0,,10.0,0.0,2.0,345.0,11.0,37.0,39.0,65.0,32.0,66.0,2.0,16.0,54.0,9.0,38.0,70.0,21.0,40.0,7.0,14.0,10.0,16.0,16.0,4.0,47.0,30.0,1.0,4.0,-0.0039,2.0,1.0,1.0,11.0,,,
13981754,2025-07-19,18:15:00,Raków Częstochowa,GKS Katowice,False,1,0,51.0,1.81,4.0,18.0,0.0,6.0,14.0,439.0,16.0,7.0,1.0,4.0,0.0,7.0,7.0,15.0,3.0,,4.0,,34.0,1.0,0.0,364.0,17.0,62.0,108.0,152.0,19.0,46.0,5.0,21.0,46.0,8.0,32.0,70.0,19.0,40.0,9.0,18.0,9.0,16.0,16.0,9.0,54.0,27.0,0.0,0.0,0.0,0.0,0.0,0.0,7.0,,,
13981752,2025-07-20,12:45:00,Górnik Zabrze,KS Lechia Gdańsk,True,2,1,53.0,2.31,2.0,21.0,5.0,6.0,8.0,430.0,12.0,10.0,1.0,6.0,1.0,10.0,5.0,16.0,5.0,1.0,1.0,,35.0,2.0,1.0,371.0,16.0,48.0,102.0,131.0,31.0,53.0,5.0,22.0,48.0,6.0,31.0,61.0,11.0,27.0,9.0,19.0,7.0,12.0,12.0,4.0,39.0,15.0,,5.0,1.7446,2.0,0.0,0.0,10.0,,,
13981752,2025-07-20,12:45:00,KS Lechia Gdańsk,Górnik Zabrze,False,1,2,47.0,1.9,3.0,15.0,4.0,3.0,10.0,398.0,16.0,7.0,1.0,6.0,0.0,7.0,2.0,10.0,5.0,1.0,2.0,,22.0,2.0,1.0,329.0,16.0,42.0,67.0,99.0,17.0,36.0,5.0,8.0,52.0,5.0,30.0,61.0,16.0,27.0,6.0,13.0,10.0,16.0,16.0,2.0,34.0,29.0,,4.0,-0.2653,1.0,1.0,2.0,10.0,,,
13981753,2025-07-20,15:30:00,Motor Lublin,MZKS Arka Gdynia,True,1,0,60.0,1.92,4.0,17.0,1.0,8.0,14.0,457.0,6.0,11.0,2.0,5.0,1.0,8.0,4.0,12.0,5.0,1.0,3.0,,39.0,0.0,3.0,375.0,17.0,49.0,82.0,119.0,20.0,43.0,4.0,28.0,45.0,8.0,19.0,50.0,18.0,33.0,3.0,7.0,4.0,6.0,6.0,2.0,38.0,27.0,0.0,1.0,0.0813,1.0,,0.0,10.0,,,
13981753,2025-07-20,15:30:00,MZKS Arka Gdynia,Motor Lublin,False,0,1,40.0,0.49,0.0,9.0,3.0,8.0,11.0,301.0,12.0,14.0,4.0,1.0,0.0,5.0,3.0,4.0,5.0,0.0,0.0,,15.0,1.0,3.0,235.0,16.0,51.0,60.0,97.0,18.0,51.0,3.0,21.0,55.0,3.0,31.0,50.0,15.0,33.0,6.0,9.0,5.0,12.0,12.0,5.0,29.0,41.0,1.0,3.0,-0.0154,0.0,,1.0,12.0,,,
13981760,2025-07-20,18:15:00,Radomiak Radom,Pogoń Szczecin,True,5,1,43.0,1.66,4.0,15.0,0.0,4.0,8.0,300.0,7.0,9.0,1.0,8.0,0.0,3.0,4.0,11.0,4.0,3.0,1.0,,25.0,2.0,2.0,240.0,18.0,48.0,67.0,101.0,15.0,42.0,7.0,15.0,54.0,3.0,23.0,40.0,15.0,30.0,8.0,12.0,5.0,7.0,7.0,7.0,29.0,26.0,,0.0,-0.6282,,2.0,,7.0,,,
13981760,2025-07-20,18:15:00,Pogoń Szczecin,Radomiak Radom,False,1,5,57.0,1.47,4.0,6.0,3.0,4.0,9.0,403.0,7.0,8.0,1.0,1.0,1.0,5.0,0.0,6.0,0.0,1.0,3.0,,16.0,2.0,5.0,333.0,20.0,48.0,46.0,87.0,22.0,47.0,6.0,18.0,46.0,3.0,17.0,40.0,15.0,30.0,4.0,8.0,4.0,7.0,7.0,7.0,33.0,21.0,,3.0,-2.2077,,1.0,,6.0,,,
14079318,2025-12-14,19:15:00,Legia Warszawa,Piast Gliwice,True,0,1,52.0,0.65,,10.0,2.0,5.0,14.0,416.0,19.0,14.0,3.0,2.0,0.0,4.0,4.0,6.0,4.0,,,2.0,18.0,1.0,2.0,321.0,17.0,52.0,59.0,101.0,20.0,54.0,6.0,18.0,52.0,10.0,37.0,71.0,17.0,32.0,6.0,12.0,14.0,19.0,19.0,12.0,65.0,27.0,1.0,2.0,-0.4017,,1.0,1.0,7.0,,,
14079318,2025-12-14,19:15:00,Piast Gliwice,Legia Warszawa,False,1,0,48.0,0.56,,10.0,2.0,3.0,14.0,388.0,16.0,14.0,1.0,3.0,1.0,5.0,2.0,3.0,7.0,,,0.0,12.0,1.0,2.0,302.0,16.0,55.0,61.0,105.0,21.0,60.0,2.0,11.0,48.0,12.0,34.0,71.0,15.0,32.0,5.0,12.0,9.0,16.0,16.0,14.0,64.0,30.0,1.0,2.0,0.1764,,2.0,0.0,10.0,,,
13981767,2025-07-25,16:00:00,Cracovia,Bruk-Bet Termalica Nieciecza,True,2,0,46.0,1.74,2.0,14.0,5.0,5.0,16.0,314.0,20.0,15.0,3.0,3.0,1.0,8.0,3.0,8.0,6.0,2.0,0.0,,20.0,3.0,1.0,234.0,18.0,39.0,51.0,79.0,24.0,53.0,5.0,13.0,47.0,9.0,39.0,85.0,20.0,41.0,5.0,19.0,14.0,20.0,20.0,11.0,47.0,37.0,1.0,5.0,1.3421,,1.0,0.0,5.0,,,
13981767,2025-07-25,16:00:00,Bruk-Bet Termalica Nieciecza,Cracovia,False,0,2,54.0,0.59,1.0,7.0,1.0,6.0,16.0,363.0,23.0,16.0,5.0,4.0,1.0,2.0,1.0,5.0,2.0,0.0,1.0,,18.0,1.0,0.0,272.0,28.0,70.0,74.0,124.0,21.0,51.0,3.0,19.0,53.0,10.0,46.0,85.0,21.0,41.0,8.0,18.0,11.0,23.0,23.0,2.0,39.0,16.0,1.0,1.0,-0.2834,,1.0,1.0,9.0,,,
13981755,2025-07-25,18:30:00,MZKS Arka Gdynia,Radomiak Radom,True,1,1,49.0,0.76,2.0,10.0,2.0,5.0,16.0,319.0,16.0,12.0,1.0,4.0,1.0,5.0,1.0,7.0,3.0,1.0,1.0,,17.0,1.0,3.0,251.0,21.0,52.0,49.0,90.0,18.0,54.0,4.0,16.0,41.0,10.0,33.0,81.0,11.0,26.0,5.0,16.0,9.0,16.0,16.0,6.0,35.0,34.0,0.0,2.0,0.1478,1.0,0.0,1.0,12.0,,,
13981755,2025-07-25,18:30:00,Radomiak Radom,MZKS Arka Gdynia,False,1,1,51.0,0.84,1.0,15.0,3.0,4.0,12.0,334.0,21.0,16.0,3.0,3.0,0.0,10.0,2.0,9.0,6.0,1.0,0.0,,20.0,4.0,2.0,266.0,16.0,55.0,78.0,112.0,28.0,47.0,1.0,14.0,59.0,4.0,48.0,81.0,15.0,26.0,12.0,24.0,13.0,21.0,21.0,7.0,41.0,35.0,1.0,3.0,-0.1034,2.0,1.0,1.0,3.0,,,
13981745,2025-07-26,12:45:00,Piast Gliwice,Górnik Zabrze,True,0,1,62.0,0.76,1.0,10.0,3.0,6.0,13.0,514.0,13.0,8.0,2.0,0.0,0.0,7.0,3.0,6.0,4.0,,1.0,,21.0,1.0,2.0,452.0,16.0,38.0,105.0,136.0,20.0,44.0,1.0,17.0,41.0,6.0,23.0,47.0,6.0,24.0,2.0,5.0,7.0,13.0,13.0,7.0,36.0,28.0,0.0,3.0,-0.6942,,0.0,0.0,4.0,1.0,,
13981745,2025-07-26,12:45:00,Górnik Zabrze,Piast Gliwice,False,1,0,38.0,0.27,1.0,8.0,0.0,2.0,8.0,315.0,9.0,13.0,1.0,4.0,0.0,2.0,2.0,4.0,4.0,,1.0,,15.0,1.0,0.0,255.0,32.0,46.0,57.0,94.0,18.0,44.0,1.0,14.0,59.0,8.0,24.0,47.0,18.0,24.0,4.0,9.0,6.0,9.0,9.0,5.0,25.0,22.0,1.0,0.0,0.0,,1.0,1.0,9.0,0.0,,
13981766,2025-07-26,15:30:00,Pogoń Szczecin,Motor Lublin,True,4,1,42.0,2.66,3.0,19.0,7.0,6.0,11.0,298.0,8.0,8.0,2.0,5.0,0.0,9.0,5.0,11.0,8.0,3.0,0.0,1.0,30.0,0.0,0.0,231.0,16.0,51.0,77.0,116.0,23.0,48.0,5.0,15.0,41.0,13.0,22.0,58.0,13.0,27.0,6.0,13.0,5.0,8.0,8.0,7.0,47.0,31.0,,7.0,0.8073,,2.0,1.0,9.0,1.0,,
13981766,2025-07-26,15:30:00,Motor Lublin,Pogoń Szczecin,False,1,4,58.0,1.77,2.0,20.0,1.0,8.0,8.0,409.0,20.0,11.0,1.0,8.0,1.0,8.0,4.0,17.0,3.0,1.0,1.0,0.0,34.0,5.0,1.0,348.0,15.0,62.0,75.0,110.0,19.0,32.0,6.0,31.0,59.0,5.0,36.0,58.0,14.0,27.0,5.0,8.0,9.0,20.0,20.0,8.0,37.0,21.0,,1.0,-0.7594,,0.0,0.0,11.0,0.0,,
13981765,2025-07-26,18:15:00,KS Lechia Gdańsk,Lech Poznań,True,3,4,40.0,1.38,3.0,16.0,7.0,9.0,13.0,278.0,18.0,11.0,3.0,7.0,1.0,3.0,6.0,12.0,4.0,2.0,1.0,1.0,22.0,2.0,,211.0,15.0,50.0,65.0,96.0,22.0,48.0,6.0,21.0,50.0,5.0,33.0,66.0,13.0,26.0,5.0,14.0,14.0,18.0,18.0,7.0,32.0,28.0,0.0,7.0,-1.6502,2.0,,0.0,7.0,,,1.0
13981765,2025-07-26,18:15:00,Lech Poznań,KS Lechia Gdańsk,False,4,3,60.0,2.59,4.0,21.0,4.0,10.0,11.0,433.0,14.0,12.0,3.0,11.0,0.0,5.0,5.0,16.0,5.0,1.0,3.0,0.0,32.0,1.0,,363.0,23.0,53.0,92.0,120.0,36.0,59.0,7.0,20.0,50.0,8.0,33.0,66.0,13.0,26.0,8.0,18.0,8.0,14.0,14.0,2.0,29.0,31.0,1.0,4.0,-0.759,1.0,,1.0,6.0,,,0.0
13981747,2025-07-27,12:45:00,Raków Częstochowa,Wisła Płock,True,1,2,61.0,0.78,1.0,11.0,3.0,6.0,17.0,480.0,13.0,21.0,4.0,3.0,0.0,4.0,4.0,9.0,2.0,0.0,1.0,0.0,22.0,2.0,0.0,410.0,19.0,48.0,64.0,98.0,26.0,54.0,9.0,30.0,56.0,6.0,40.0,76.0,21.0,33.0,6.0,14.0,8.0,13.0,13.0,4.0,42.0,19.0,0.0,3.0,0.4466,1.0,1.0,,6.0,0.0,,1.0
13981747,2025-07-27,12:45:00,Wisła Płock,Raków Częstochowa,False,2,1,39.0,2.42,3.0,11.0,2.0,3.0,21.0,320.0,14.0,16.0,4.0,5.0,0.0,5.0,1.0,6.0,5.0,1.0,2.0,1.0,15.0,3.0,1.0,239.0,11.0,47.0,50.0,88.0,29.0,67.0,2.0,11.0,44.0,5.0,36.0,76.0,12.0,33.0,5.0,13.0,11.0,14.0,14.0,5.0,53.0,26.0,1.0,2.0,0.1055,0.0,2.0,,6.0,1.0,,0.0
13981748,2025-07-27,15:30:00,Jagiellonia Białystok,Widzew Łódź,True,3,2,59.0,1.63,3.0,12.0,5.0,4.0,12.0,442.0,17.0,18.0,2.0,5.0,0.0,2.0,5.0,8.0,4.0,3.0,,,25.0,4.0,4.0,364.0,17.0,41.0,78.0,110.0,16.0,47.0,2.0,18.0,54.0,6.0,43.0,77.0,13.0,27.0,11.0,16.0,8.0,17.0,17.0,5.0,43.0,16.0,1.0,5.0,-0.8477,,,0.0,9.0,1.0,,
13981748,2025-07-27,15:30:00,Widzew Łódź,Jagiellonia Białystok,False,2,3,41.0,1.19,2.0,18.0,2.0,2.0,18.0,314.0,11.0,12.0,3.0,7.0,0.0,8.0,3.0,11.0,7.0,2.0,,,22.0,3.0,1.0,244.0,16.0,41.0,49.0,81.0,23.0,47.0,3.0,8.0,46.0,9.0,34.0,77.0,14.0,27.0,11.0,19.0,8.0,11.0,11.0,14.0,47.0,30.0,0.0,2.0,-1.1188,,,2.0,5.0,1.0,,
13981749,2025-07-27,18:15:00,MKS Korona Kielce,Legia Warszawa,True,0,2,52.0,1.05,2.0,18.0,3.0,13.0,8.0,388.0,13.0,15.0,0.0,2.0,1.0,7.0,9.0,10.0,8.0,0.0,2.0,,25.0,4.0,0.0,311.0,19.0,50.0,71.0,114.0,18.0,41.0,8.0,36.0,54.0,8.0,35.0,65.0,21.0,39.0,8.0,17.0,10.0,13.0,13.0,12.0,39.0,25.0,2.0,3.0,-0.5685,,0.0,0.0,10.0,,,
13981749,2025-07-27,18:15:00,Legia Warszawa,MKS Korona Kielce,False,2,0,48.0,1.72,2.0,17.0,2.0,7.0,15.0,374.0,17.0,8.0,1.0,5.0,0.0,9.0,3.0,11.0,6.0,1.0,1.0,,28.0,1.0,2.0,300.0,18.0,51.0,71.0,99.0,22.0,55.0,4.0,18.0,46.0,5.0,30.0,65.0,18.0,39.0,6.0,14.0,14.0,17.0,17.0,8.0,48.0,46.0,0.0,2.0,0.5361,,2.0,1.0,10.0,,,
14051696,2025-07-28,17:00:00,GKS Katowice,Zagłębie Lubin,True,2,2,56.0,1.24,1.0,18.0,0.0,14.0,9.0,311.0,13.0,16.0,1.0,8.0,1.0,4.0,6.0,13.0,5.0,0.0,1.0,,38.0,2.0,1.0,229.0,20.0,33.0,62.0,96.0,20.0,53.0,7.0,34.0,59.0,2.0,30.0,47.0,25.0,46.0,3.0,8.0,6.0,13.0,13.0,6.0,35.0,43.0,0.0,0.0,-0.2538,1.0,0.0,1.0,6.0,,,
14051696,2025-07-28,17:00:00,Zagłębie Lubin,GKS Katowice,False,2,2,44.0,2.28,3.0,20.0,6.0,8.0,16.0,248.0,7.0,8.0,1.0,3.0,0.0,6.0,11.0,15.0,5.0,2.0,1.0,,33.0,3.0,2.0,177.0,21.0,47.0,76.0,115.0,18.0,41.0,4.0,22.0,41.0,5.0,17.0,47.0,21.0,46.0,2.0,10.0,4.0,7.0,7.0,8.0,31.0,46.0,1.0,6.0,-0.6848,1.0,1.0,0.0,7.0,,,
13981758,2025-08-01,16:00:00,Zagłębie Lubin,MKS Korona Kielce,True,1,1,46.0,0.49,0.0,8.0,4.0,7.0,15.0,309.0,22.0,19.0,2.0,2.0,0.0,6.0,0.0,7.0,1.0,,0.0,,22.0,2.0,1.0,222.0,14.0,39.0,44.0,83.0,15.0,47.0,7.0,22.0,55.0,7.0,46.0,81.0,22.0,43.0,6.0,12.0,11.0,22.0,22.0,6.0,39.0,43.0,,4.0,0.2443,1.0,,2.0,11.0,1.0,,
13981758,2025-08-01,16:00:00,MKS Korona Kielce,Zagłębie Lubin,False,1,1,54.0,1.58,1.0,17.0,2.0,8.0,19.0,372.0,13.0,15.0,2.0,5.0,0.0,4.0,8.0,15.0,2.0,,1.0,,40.0,0.0,2.0,285.0,24.0,73.0,85.0,134.0,32.0,73.0,7.0,27.0,45.0,11.0,35.0,81.0,21.0,43.0,8.0,19.0,10.0,13.0,13.0,13.0,39.0,30.0,,2.0,-0.0106,0.0,,0.0,8.0,0.0,,
13981751,2025-08-01,18:30:00,Wisła Płock,Piast Gliwice,True,2,0,30.0,1.19,1.0,9.0,1.0,8.0,10.0,250.0,15.0,11.0,3.0,3.0,1.0,1.0,5.0,7.0,2.0,1.0,,,24.0,0.0,4.0,193.0,15.0,36.0,49.0,73.0,31.0,48.0,4.0,17.0,65.0,1.0,31.0,46.0,12.0,20.0,5.0,8.0,7.0,15.0,15.0,5.0,34.0,31.0,,1.0,0.0198,,,1.0,7.0,,,
13981751,2025-08-01,18:30:00,Piast Gliwice,Wisła Płock,False,0,2,70.0,0.29,0.0,6.0,2.0,6.0,11.0,600.0,4.0,10.0,5.0,1.0,1.0,3.0,2.0,5.0,1.0,0.0,,,15.0,1.0,0.0,542.0,14.0,77.0,163.0,201.0,14.0,31.0,4.0,23.0,35.0,7.0,15.0,46.0,8.0,20.0,3.0,11.0,3.0,4.0,4.0,7.0,31.0,17.0,,2.0,-1.1398,,,0.0,5.0,,,
13981756,2025-08-02,12:45:00,Bruk-Bet Termalica Nieciecza,Pogoń Szczecin,True,1,1,42.0,1.95,4.0,16.0,1.0,6.0,8.0,339.0,9.0,14.0,0.0,7.0,0.0,4.0,5.0,9.0,7.0,1.0,3.0,1.0,23.0,0.0,2.0,254.0,21.0,54.0,50.0,94.0,25.0,56.0,3.0,14.0,62.0,3.0,28.0,54.0,25.0,32.0,8.0,15.0,4.0,9.0,9.0,5.0,37.0,34.0,0.0,1.0,-0.0944,,1.0,1.0,8.0,,,
13981756,2025-08-02,12:45:00,Pogoń Szczecin,Bruk-Bet Termalica Nieciecza,False,1,1,58.0,1.04,3.0,12.0,6.0,9.0,14.0,453.0,10.0,8.0,2.0,2.0,0.0,5.0,5.0,8.0,4.0,0.0,3.0,2.0,20.0,2.0,0.0,383.0,18.0,43.0,65.0,88.0,15.0,40.0,2.0,27.0,38.0,5.0,26.0,54.0,7.0,32.0,9.0,13.0,8.0,10.0,10.0,9.0,46.0,19.0,3.0,6.0,0.5207,,0.0,0.0,7.0,,,
13981763,2025-08-02,15:30:00,Widzew Łódź,GKS Katowice,True,3,0,43.0,1.72,3.0,21.0,3.0,8.0,6.0,274.0,21.0,7.0,4.0,4.0,0.0,9.0,8.0,11.0,10.0,1.0,2.0,1.0,33.0,2.0,0.0,206.0,16.0,29.0,43.0,71.0,20.0,53.0,5.0,17.0,58.0,2.0,35.0,58.0,13.0,25.0,8.0,19.0,12.0,21.0,21.0,4.0,41.0,37.0,1.0,3.0,0.646,1.0,2.0,0.0,4.0,,,
13981763,2025-08-02,15:30:00,GKS Katowice,Widzew Łódź,False,0,3,57.0,1.09,1.0,8.0,2.0,6.0,7.0,364.0,13.0,6.0,2.0,3.0,0.0,2.0,3.0,4.0,4.0,0.0,1.0,0.0,13.0,2.0,2.0,297.0,21.0,50.0,66.0,100.0,26.0,53.0,2.0,24.0,42.0,7.0,23.0,58.0,12.0,25.0,5.0,19.0,7.0,13.0,13.0,5.0,39.0,24.0,0.0,2.0,-1.6192,1.0,1.0,2.0,8.0,,,
13981769,2025-08-02,18:15:00,Lech Poznań,Górnik Zabrze,True,2,1,56.0,1.6,2.0,12.0,0.0,6.0,9.0,525.0,12.0,5.0,2.0,5.0,0.0,5.0,2.0,6.0,6.0,2.0,,1.0,19.0,2.0,0.0,446.0,21.0,66.0,81.0,125.0,15.0,40.0,2.0,14.0,45.0,6.0,23.0,54.0,10.0,20.0,7.0,14.0,7.0,12.0,12.0,5.0,39.0,24.0,0.0,0.0,-0.6461,,1.0,,6.0,0.0,,
13981769,2025-08-02,18:15:00,Górnik Zabrze,Lech Poznań,False,1,2,44.0,0.49,0.0,12.0,3.0,8.0,5.0,414.0,13.0,9.0,1.0,1.0,0.0,5.0,6.0,4.0,8.0,0.0,,0.0,13.0,3.0,1.0,341.0,19.0,40.0,69.0,92.0,26.0,55.0,2.0,21.0,55.0,6.0,31.0,54.0,10.0,20.0,9.0,15.0,8.0,13.0,13.0,5.0,46.0,35.0,1.0,3.0,0.1611,,1.0,,8.0,1.0,,
13981772,2025-08-03,12:45:00,Cracovia,KS Lechia Gdańsk,True,2,2,56.0,2.99,6.0,20.0,0.0,5.0,13.0,424.0,19.0,13.0,3.0,6.0,1.0,7.0,7.0,16.0,4.0,2.0,4.0,,32.0,4.0,,336.0,22.0,59.0,91.0,130.0,29.0,61.0,9.0,30.0,61.0,8.0,39.0,65.0,24.0,39.0,7.0,11.0,15.0,19.0,19.0,9.0,41.0,29.0,1.0,0.0,-1.1975,,,0.0,11.0,0.0,,
13981772,2025-08-03,12:45:00,KS Lechia Gdańsk,Cracovia,False,2,2,44.0,0.58,1.0,12.0,4.0,4.0,13.0,335.0,12.0,13.0,2.0,2.0,1.0,6.0,4.0,8.0,4.0,1.0,0.0,,26.0,3.0,,249.0,22.0,50.0,60.0,104.0,20.0,58.0,6.0,18.0,39.0,10.0,26.0,65.0,15.0,39.0,2.0,11.0,6.0,12.0,12.0,9.0,40.0,30.0,0.0,4.0,1.3613,,,1.0,9.0,1.0,,
13981771,2025-08-03,15:30:00,Radomiak Radom,Raków Częstochowa,True,3,1,36.0,2.39,4.0,12.0,4.0,1.0,20.0,243.0,15.0,13.0,3.0,6.0,1.0,4.0,2.0,11.0,1.0,1.0,3.0,,25.0,4.0,0.0,178.0,19.0,30.0,50.0,74.0,15.0,44.0,3.0,7.0,52.0,11.0,35.0,75.0,27.0,44.0,7.0,11.0,6.0,15.0,15.0,5.0,28.0,53.0,,4.0,-0.3531,1.0,1.0,1.0,5.0,,,
13981771,2025-08-03,15:30:00,Raków Częstochowa,Radomiak Radom,False,1,3,64.0,0.84,3.0,11.0,3.0,7.0,14.0,414.0,15.0,20.0,3.0,5.0,0.0,2.0,4.0,7.0,4.0,1.0,2.0,,40.0,4.0,3.0,338.0,19.0,63.0,109.0,158.0,22.0,45.0,8.0,37.0,48.0,6.0,40.0,75.0,17.0,44.0,6.0,15.0,11.0,15.0,15.0,6.0,29.0,17.0,,3.0,0.7812,0.0,0.0,0.0,5.0,,,
13981762,2025-08-03,18:15:00,Legia Warszawa,MZKS Arka Gdynia,True,0,0,63.0,1.85,4.0,20.0,0.0,13.0,19.0,473.0,9.0,13.0,3.0,3.0,0.0,7.0,10.0,15.0,5.0,,4.0,,44.0,3.0,1.0,388.0,21.0,70.0,138.0,182.0,34.0,48.0,11.0,37.0,52.0,6.0,27.0,62.0,24.0,37.0,6.0,15.0,7.0,9.0,9.0,7.0,38.0,24.0,,0.0,0.0,,1.0,,3.0,,,
13981762,2025-08-03,18:15:00,MZKS Arka Gdynia,Legia Warszawa,False,0,0,37.0,0.66,2.0,6.0,3.0,4.0,13.0,284.0,15.0,19.0,3.0,0.0,2.0,3.0,3.0,5.0,1.0,,2.0,,10.0,3.0,1.0,213.0,14.0,38.0,40.0,66.0,22.0,54.0,6.0,19.0,48.0,4.0,35.0,62.0,13.0,37.0,5.0,10.0,8.0,15.0,15.0,10.0,27.0,49.0,,3.0,0.9184,,0.0,,11.0,,,
15028170,2025-12-14,16:30:00,Motor Lublin,Jagiellonia Białystok,True,1,1,49.0,2.0,4.0,16.0,6.0,5.0,14.0,366.0,29.0,7.0,2.0,1.0,1.0,9.0,6.0,15.0,1.0,1.0,3.0,,32.0,2.0,0.0,283.0,16.0,33.0,75.0,105.0,17.0,42.0,10.0,24.0,52.0,13.0,47.0,85.0,8.0,20.0,11.0,16.0,18.0,29.0,29.0,8.0,57.0,25.0,0.0,6.0,1.8883,2.0,2.0,1.0,11.0,1.0,,
15028170,2025-12-14,16:30:00,Jagiellonia Białystok,Motor Lublin,False,1,1,51.0,1.7,3.0,21.0,0.0,7.0,8.0,386.0,18.0,14.0,1.0,7.0,1.0,9.0,5.0,12.0,9.0,1.0,2.0,,36.0,3.0,3.0,316.0,26.0,57.0,133.0,173.0,17.0,41.0,8.0,19.0,48.0,9.0,38.0,85.0,12.0,20.0,8.0,28.0,8.0,18.0,18.0,8.0,52.0,17.0,1.0,0.0,-0.2803,0.0,1.0,0.0,10.0,0.0,,
13981776,2025-08-08,16:00:00,MKS Korona Kielce,Radomiak Radom,True,3,0,43.0,2.21,3.0,13.0,3.0,2.0,15.0,315.0,15.0,15.0,5.0,3.0,0.0,7.0,3.0,11.0,2.0,2.0,1.0,0.0,27.0,2.0,3.0,248.0,13.0,60.0,55.0,88.0,18.0,58.0,4.0,17.0,51.0,10.0,43.0,80.0,18.0,40.0,12.0,21.0,10.0,15.0,15.0,9.0,49.0,31.0,0.0,3.0,0.764,1.0,4.0,0.0,5.0,,,
13981776,2025-08-08,16:00:00,Radomiak Radom,MKS Korona Kielce,False,0,3,57.0,0.62,0.0,7.0,0.0,5.0,16.0,428.0,19.0,15.0,3.0,3.0,1.0,4.0,0.0,3.0,4.0,0.0,0.0,1.0,20.0,3.0,2.0,355.0,15.0,57.0,60.0,105.0,27.0,53.0,4.0,15.0,49.0,12.0,37.0,80.0,22.0,40.0,3.0,6.0,9.0,19.0,19.0,8.0,38.0,29.0,1.0,0.0,-0.9121,0.0,0.0,1.0,8.0,,,
13981774,2025-08-08,18:30:00,Górnik Zabrze,Bruk-Bet Termalica Nieciecza,True,0,1,62.0,1.69,3.0,25.0,1.0,7.0,12.0,569.0,17.0,15.0,3.0,5.0,1.0,12.0,8.0,13.0,12.0,,3.0,1.0,50.0,2.0,1.0,487.0,19.0,71.0,151.0,202.0,33.0,62.0,10.0,29.0,46.0,4.0,37.0,75.0,15.0,37.0,6.0,22.0,11.0,17.0,17.0,9.0,65.0,12.0,0.0,1.0,-0.371,1.0,,,5.0,,,
13981774,2025-08-08,18:30:00,Bruk-Bet Termalica Nieciecza,Górnik Zabrze,False,1,0,38.0,0.47,0.0,7.0,5.0,2.0,15.0,364.0,20.0,12.0,3.0,2.0,0.0,3.0,2.0,5.0,2.0,,0.0,1.0,15.0,1.0,0.0,269.0,12.0,46.0,64.0,102.0,26.0,60.0,0.0,2.0,54.0,11.0,38.0,75.0,22.0,37.0,9.0,15.0,13.0,20.0,20.0,11.0,59.0,41.0,1.0,5.0,1.403,3.0,,,15.0,,,
13981764,2025-08-09,15:30:00,MZKS Arka Gdynia,Pogoń Szczecin,True,2,1,44.0,0.48,0.0,11.0,2.0,6.0,13.0,314.0,15.0,14.0,3.0,5.0,0.0,3.0,3.0,5.0,6.0,0.0,0.0,,11.0,4.0,1.0,254.0,21.0,42.0,49.0,82.0,13.0,43.0,3.0,24.0,45.0,7.0,31.0,60.0,7.0,25.0,2.0,8.0,8.0,15.0,15.0,9.0,37.0,18.0,,2.0,0.2269,1.0,1.0,0.0,7.0,,,1.0
13981764,2025-08-09,15:30:00,Pogoń Szczecin,MZKS Arka Gdynia,False,1,2,56.0,2.01,3.0,13.0,3.0,5.0,14.0,399.0,13.0,12.0,3.0,3.0,0.0,4.0,6.0,12.0,1.0,1.0,2.0,,24.0,2.0,0.0,324.0,15.0,35.0,60.0,82.0,27.0,49.0,7.0,23.0,55.0,6.0,29.0,60.0,18.0,25.0,5.0,14.0,10.0,13.0,13.0,2.0,42.0,32.0,,3.0,-0.1303,0.0,0.0,3.0,8.0,,,0.0
13981779,2025-08-09,18:15:00,Widzew Łódź,Wisła Płock,True,1,1,61.0,0.86,0.0,15.0,0.0,5.0,7.0,498.0,14.0,12.0,2.0,6.0,0.0,4.0,5.0,8.0,7.0,0.0,0.0,1.0,29.0,5.0,1.0,424.0,19.0,47.0,90.0,132.0,26.0,44.0,3.0,21.0,51.0,5.0,36.0,69.0,12.0,26.0,11.0,24.0,11.0,14.0,14.0,10.0,56.0,20.0,0.0,0.0,-0.0973,0.0,3.0,0.0,4.0,,,
13981779,2025-08-09,18:15:00,Wisła Płock,Widzew Łódź,False,1,1,39.0,0.7,2.0,5.0,5.0,0.0,12.0,322.0,18.0,7.0,3.0,1.0,1.0,3.0,1.0,3.0,2.0,1.0,1.0,0.0,7.0,1.0,1.0,236.0,22.0,46.0,37.0,70.0,20.0,56.0,3.0,7.0,49.0,9.0,33.0,69.0,14.0,26.0,8.0,13.0,12.0,18.0,18.0,10.0,52.0,19.0,2.0,5.0,0.6068,2.0,2.0,1.0,11.0,,,
13981777,2025-08-10,15:30:00,Jagiellonia Białystok,Cracovia,True,5,2,64.0,3.01,3.0,15.0,2.0,10.0,14.0,492.0,8.0,16.0,2.0,8.0,0.0,2.0,5.0,11.0,4.0,3.0,0.0,,32.0,4.0,1.0,413.0,19.0,62.0,123.0,157.0,16.0,41.0,9.0,29.0,44.0,10.0,32.0,74.0,15.0,33.0,8.0,17.0,7.0,8.0,8.0,9.0,44.0,26.0,,2.0,-0.0031000000000001,,0.0,,2.0,,0.0,
13981777,2025-08-10,15:30:00,Cracovia,Jagiellonia Białystok,False,2,5,36.0,2.6,4.0,12.0,3.0,5.0,17.0,280.0,19.0,13.0,3.0,4.0,1.0,5.0,3.0,9.0,3.0,2.0,2.0,,15.0,2.0,1.0,202.0,15.0,44.0,51.0,85.0,17.0,52.0,4.0,14.0,56.0,5.0,42.0,74.0,18.0,33.0,10.0,13.0,11.0,19.0,19.0,9.0,41.0,32.0,,3.0,-1.5593,,2.0,,4.0,,1.0,
13981768,2025-08-10,18:15:00,Legia Warszawa,GKS Katowice,True,3,1,58.0,1.83,4.0,20.0,5.0,5.0,11.0,472.0,8.0,13.0,3.0,7.0,0.0,8.0,5.0,14.0,6.0,2.0,2.0,,41.0,1.0,1.0,374.0,21.0,63.0,128.0,181.0,22.0,60.0,7.0,26.0,48.0,12.0,30.0,67.0,21.0,40.0,10.0,19.0,6.0,8.0,8.0,12.0,49.0,37.0,1.0,5.0,0.2119,,0.0,1.0,5.0,,,
13981768,2025-08-10,18:15:00,GKS Katowice,Legia Warszawa,False,1,3,42.0,0.58,2.0,7.0,4.0,7.0,13.0,341.0,21.0,11.0,1.0,6.0,0.0,1.0,0.0,5.0,2.0,1.0,1.0,,19.0,3.0,1.0,238.0,18.0,50.0,44.0,89.0,24.0,66.0,4.0,18.0,52.0,6.0,37.0,67.0,19.0,40.0,7.0,9.0,10.0,21.0,21.0,16.0,39.0,41.0,0.0,4.0,0.2308,,1.0,0.0,13.0,,,
13981773,2025-08-11,17:00:00,KS Lechia Gdańsk,Motor Lublin,True,3,3,53.0,2.66,6.0,18.0,1.0,3.0,11.0,341.0,21.0,12.0,2.0,9.0,1.0,6.0,3.0,15.0,3.0,3.0,3.0,,36.0,4.0,0.0,250.0,29.0,62.0,115.0,165.0,20.0,45.0,8.0,16.0,54.0,3.0,42.0,74.0,20.0,40.0,9.0,17.0,11.0,21.0,21.0,8.0,48.0,38.0,0.0,1.0,-0.9425,1.0,0.0,2.0,7.0,1.0,,
13981773,2025-08-11,17:00:00,Motor Lublin,KS Lechia Gdańsk,False,3,3,47.0,0.64,1.0,14.0,5.0,8.0,12.0,300.0,11.0,11.0,2.0,4.0,0.0,7.0,3.0,8.0,6.0,1.0,0.0,,24.0,3.0,2.0,230.0,19.0,48.0,69.0,106.0,16.0,43.0,7.0,21.0,46.0,16.0,32.0,74.0,20.0,40.0,10.0,15.0,6.0,11.0,11.0,7.0,54.0,37.0,4.0,5.0,0.036,3.0,3.0,0.0,9.0,1.0,,
15028166,2025-12-14,13:45:00,Raków Częstochowa,Zagłębie Lubin,True,0,1,56.0,0.9,0.0,13.0,3.0,1.0,11.0,400.0,7.0,21.0,2.0,3.0,0.0,5.0,5.0,7.0,6.0,0.0,0.0,,26.0,5.0,1.0,299.0,29.0,78.0,96.0,160.0,35.0,79.0,7.0,22.0,57.0,7.0,41.0,67.0,19.0,38.0,15.0,23.0,3.0,7.0,7.0,8.0,44.0,10.0,,3.0,0.3867,,1.0,,8.0,,1.0,
15028166,2025-12-14,13:45:00,Zagłębie Lubin,Raków Częstochowa,False,1,0,44.0,1.71,5.0,15.0,3.0,1.0,21.0,321.0,15.0,11.0,4.0,5.0,0.0,7.0,3.0,11.0,4.0,1.0,4.0,,17.0,1.0,0.0,217.0,12.0,41.0,32.0,64.0,22.0,68.0,6.0,10.0,43.0,4.0,26.0,67.0,19.0,38.0,1.0,4.0,8.0,15.0,15.0,5.0,55.0,44.0,,3.0,0.2093,,0.0,,9.0,,0.0,
15224906,2026-02-03,19:30:00,Piast Gliwice,Lech Poznań,True,1,0,48.0,1.87,3.0,14.0,6.0,3.0,10.0,363.0,9.0,8.0,1.0,3.0,0.0,7.0,4.0,10.0,4.0,1.0,2.0,0.0,38.0,3.0,3.0,285.0,22.0,48.0,78.0,117.0,30.0,58.0,8.0,21.0,51.0,5.0,21.0,47.0,23.0,40.0,4.0,12.0,5.0,9.0,9.0,8.0,47.0,37.0,4.0,6.0,1.3228,,4.0,,11.0,,,0.0
15224906,2026-02-03,19:30:00,Lech Poznań,Piast Gliwice,False,0,1,52.0,2.8,5.0,23.0,2.0,9.0,9.0,397.0,13.0,10.0,2.0,6.0,0.0,12.0,5.0,18.0,5.0,0.0,5.0,3.0,44.0,2.0,3.0,306.0,21.0,50.0,84.0,119.0,26.0,61.0,9.0,27.0,49.0,1.0,26.0,47.0,17.0,40.0,4.0,12.0,9.0,13.0,13.0,7.0,48.0,40.0,0.0,2.0,0.0564,,0.0,,10.0,,,1.0
13981786,2025-08-15,16:00:00,Zagłębie Lubin,KS Lechia Gdańsk,True,6,2,41.0,2.53,7.0,22.0,0.0,5.0,6.0,270.0,19.0,8.0,,9.0,1.0,10.0,3.0,15.0,7.0,3.0,4.0,1.0,35.0,1.0,1.0,198.0,19.0,44.0,64.0,99.0,24.0,56.0,3.0,16.0,58.0,8.0,36.0,63.0,22.0,37.0,8.0,16.0,13.0,19.0,19.0,9.0,49.0,43.0,1.0,0.0,-1.2393,0.0,1.0,1.0,6.0,,,
13981786,2025-08-15,16:00:00,KS Lechia Gdańsk,Zagłębie Lubin,False,2,6,59.0,1.07,1.0,7.0,3.0,4.0,9.0,391.0,16.0,6.0,,2.0,0.0,1.0,4.0,5.0,2.0,1.0,0.0,1.0,13.0,1.0,0.0,307.0,19.0,49.0,63.0,100.0,13.0,35.0,1.0,16.0,42.0,5.0,27.0,63.0,15.0,37.0,6.0,20.0,13.0,16.0,16.0,5.0,40.0,43.0,1.0,3.0,-2.17,1.0,0.0,0.0,8.0,,,
13981788,2025-08-15,18:30:00,Cracovia,Widzew Łódź,True,1,0,44.0,0.52,2.0,8.0,3.0,7.0,16.0,264.0,15.0,11.0,2.0,2.0,0.0,4.0,2.0,5.0,3.0,1.0,1.0,0.0,19.0,2.0,1.0,189.0,28.0,48.0,52.0,89.0,15.0,44.0,4.0,20.0,47.0,8.0,29.0,66.0,15.0,28.0,4.0,11.0,9.0,15.0,15.0,13.0,40.0,48.0,,3.0,0.3696,,4.0,4.0,8.0,,,
13981788,2025-08-15,18:30:00,Widzew Łódź,Cracovia,False,0,1,56.0,0.87,0.0,14.0,1.0,8.0,11.0,332.0,15.0,16.0,1.0,4.0,1.0,5.0,5.0,9.0,5.0,0.0,0.0,1.0,28.0,4.0,0.0,249.0,16.0,62.0,59.0,101.0,27.0,68.0,4.0,29.0,53.0,7.0,37.0,66.0,13.0,28.0,9.0,17.0,12.0,15.0,15.0,5.0,39.0,31.0,,1.0,-0.3558,,0.0,0.0,7.0,,,
13981782,2025-08-16,12:45:00,Motor Lublin,Piast Gliwice,True,0,0,41.0,0.89,,8.0,4.0,7.0,17.0,314.0,15.0,16.0,4.0,1.0,0.0,5.0,2.0,6.0,2.0,,,1.0,19.0,1.0,4.0,257.0,9.0,33.0,68.0,100.0,29.0,49.0,5.0,20.0,57.0,2.0,38.0,64.0,14.0,27.0,9.0,17.0,8.0,15.0,15.0,5.0,36.0,26.0,,4.0,1.2379,1.0,3.0,1.0,17.0,,1.0,
13981782,2025-08-16,12:45:00,Piast Gliwice,Motor Lublin,False,0,0,59.0,0.96,,17.0,1.0,6.0,16.0,463.0,10.0,17.0,2.0,4.0,0.0,10.0,3.0,10.0,7.0,,,0.0,26.0,5.0,5.0,412.0,17.0,57.0,152.0,180.0,27.0,43.0,10.0,28.0,43.0,9.0,26.0,64.0,13.0,27.0,1.0,7.0,6.0,10.0,10.0,4.0,41.0,25.0,,1.0,0.0858,1.0,1.0,1.0,8.0,,0.0,
13981784,2025-08-16,15:30:00,GKS Katowice,MZKS Arka Gdynia,True,4,1,42.0,3.18,6.0,24.0,2.0,8.0,19.0,266.0,14.0,12.0,1.0,10.0,1.0,7.0,7.0,21.0,3.0,4.0,2.0,,40.0,3.0,1.0,202.0,17.0,40.0,51.0,80.0,23.0,52.0,8.0,26.0,50.0,4.0,28.0,60.0,22.0,40.0,3.0,9.0,10.0,14.0,14.0,4.0,41.0,25.0,1.0,2.0,-0.4437,,1.0,1.0,5.0,,,
13981784,2025-08-16,15:30:00,MZKS Arka Gdynia,GKS Katowice,False,1,4,58.0,0.59,2.0,12.0,5.0,5.0,12.0,381.0,10.0,19.0,4.0,3.0,0.0,5.0,4.0,9.0,3.0,1.0,1.0,,19.0,2.0,0.0,311.0,22.0,47.0,47.0,77.0,17.0,41.0,6.0,18.0,50.0,9.0,32.0,60.0,18.0,40.0,5.0,10.0,5.0,10.0,10.0,3.0,31.0,38.0,2.0,5.0,-0.3858,,1.0,1.0,8.0,,,
13981789,2025-08-16,18:15:00,Lech Poznań,MKS Korona Kielce,True,1,1,65.0,1.45,2.0,18.0,1.0,6.0,12.0,503.0,13.0,10.0,1.0,8.0,0.0,5.0,5.0,8.0,10.0,1.0,1.0,,35.0,4.0,2.0,422.0,17.0,61.0,125.0,175.0,16.0,36.0,5.0,26.0,54.0,7.0,35.0,69.0,18.0,30.0,12.0,21.0,8.0,13.0,13.0,4.0,51.0,19.0,2.0,1.0,0.0831,0.0,1.0,,12.0,1.0,,
13981789,2025-08-16,18:15:00,MKS Korona Kielce,Lech Poznań,False,1,1,35.0,1.33,2.0,16.0,7.0,0.0,10.0,259.0,16.0,12.0,1.0,2.0,0.0,12.0,2.0,10.0,6.0,1.0,1.0,,27.0,3.0,2.0,196.0,12.0,34.0,63.0,86.0,24.0,52.0,4.0,18.0,46.0,5.0,34.0,69.0,12.0,30.0,9.0,17.0,9.0,16.0,16.0,8.0,57.0,36.0,1.0,7.0,0.5463,1.0,3.0,,9.0,0.0,,
13981783,2025-08-17,15:30:00,Pogoń Szczecin,Górnik Zabrze,True,0,3,53.0,1.52,3.0,14.0,3.0,6.0,11.0,381.0,16.0,16.0,2.0,3.0,2.0,5.0,6.0,11.0,3.0,0.0,3.0,0.0,22.0,2.0,1.0,319.0,17.0,49.0,67.0,97.0,9.0,27.0,9.0,14.0,52.0,6.0,36.0,62.0,9.0,25.0,5.0,10.0,11.0,16.0,16.0,9.0,35.0,25.0,,3.0,-0.9568,1.0,0.0,,6.0,1.0,,
13981783,2025-08-17,15:30:00,Górnik Zabrze,Pogoń Szczecin,False,3,0,47.0,1.82,2.0,20.0,2.0,9.0,16.0,345.0,11.0,11.0,0.0,6.0,1.0,5.0,9.0,10.0,10.0,1.0,1.0,1.0,27.0,1.0,1.0,287.0,21.0,39.0,76.0,101.0,23.0,48.0,2.0,10.0,48.0,9.0,26.0,62.0,16.0,25.0,5.0,12.0,7.0,11.0,11.0,9.0,42.0,23.0,,2.0,0.3451,0.0,1.0,,4.0,0.0,,
13981785,2025-08-17,15:30:00,Radomiak Radom,Jagiellonia Białystok,True,1,2,40.0,1.47,4.0,11.0,3.0,6.0,20.0,276.0,11.0,12.0,6.0,5.0,0.0,4.0,2.0,8.0,3.0,1.0,3.0,1.0,18.0,3.0,3.0,207.0,15.0,39.0,40.0,75.0,16.0,56.0,7.0,18.0,50.0,2.0,23.0,52.0,18.0,30.0,1.0,3.0,4.0,11.0,11.0,6.0,25.0,22.0,,3.0,0.1186,2.0,0.0,2.0,10.0,,,
13981785,2025-08-17,15:30:00,Jagiellonia Białystok,Radomiak Radom,False,2,1,60.0,1.47,1.0,15.0,4.0,7.0,12.0,430.0,4.0,20.0,1.0,5.0,0.0,7.0,3.0,10.0,5.0,1.0,0.0,0.0,24.0,6.0,3.0,362.0,17.0,46.0,62.0,98.0,20.0,39.0,5.0,17.0,50.0,6.0,29.0,52.0,12.0,30.0,7.0,12.0,4.0,4.0,4.0,1.0,28.0,24.0,,4.0,-0.1795,0.0,2.0,0.0,8.0,,,
13981781,2025-08-17,18:15:00,Bruk-Bet Termalica Nieciecza,Raków Częstochowa,True,2,3,47.0,1.05,2.0,10.0,7.0,6.0,17.0,354.0,18.0,14.0,2.0,3.0,1.0,1.0,6.0,6.0,4.0,1.0,1.0,0.0,22.0,3.0,1.0,274.0,21.0,48.0,64.0,104.0,19.0,52.0,6.0,20.0,42.0,11.0,33.0,71.0,11.0,34.0,2.0,6.0,14.0,18.0,18.0,10.0,42.0,17.0,,7.0,0.7784,1.0,1.0,1.0,8.0,2.0,,
13981781,2025-08-17,18:15:00,Raków Częstochowa,Bruk-Bet Termalica Nieciecza,False,3,2,53.0,2.33,5.0,17.0,1.0,2.0,14.0,413.0,15.0,17.0,4.0,10.0,0.0,6.0,1.0,12.0,5.0,3.0,2.0,1.0,25.0,3.0,0.0,356.0,14.0,60.0,102.0,140.0,22.0,39.0,9.0,18.0,58.0,13.0,38.0,71.0,23.0,34.0,7.0,12.0,9.0,15.0,15.0,7.0,44.0,43.0,,1.0,-0.5697,0.0,0.0,2.0,2.0,0.0,,
13981780,2025-08-17,18:15:00,Wisła Płock,Legia Warszawa,True,1,0,34.0,0.6,1.0,10.0,3.0,3.0,5.0,331.0,15.0,9.0,0.0,5.0,0.0,3.0,2.0,5.0,5.0,1.0,0.0,0.0,10.0,0.0,1.0,250.0,13.0,38.0,48.0,81.0,28.0,66.0,3.0,9.0,53.0,7.0,30.0,57.0,21.0,39.0,7.0,16.0,10.0,15.0,15.0,8.0,50.0,57.0,1.0,3.0,0.577,0.0,,1.0,16.0,,,
13981780,2025-08-17,18:15:00,Legia Warszawa,Wisła Płock,False,0,1,66.0,1.15,1.0,23.0,4.0,9.0,9.0,603.0,16.0,5.0,1.0,3.0,0.0,9.0,11.0,15.0,8.0,0.0,1.0,1.0,41.0,2.0,1.0,532.0,14.0,112.0,192.0,244.0,28.0,48.0,11.0,57.0,47.0,9.0,27.0,57.0,18.0,39.0,6.0,12.0,11.0,16.0,16.0,5.0,58.0,18.0,0.0,4.0,0.2509,1.0,,0.0,5.0,,,
13981797,2025-08-22,16:00:00,Radomiak Radom,Bruk-Bet Termalica Nieciecza,True,1,1,63.0,1.7,2.0,17.0,1.0,2.0,12.0,471.0,22.0,11.0,1.0,4.0,0.0,6.0,7.0,9.0,8.0,1.0,1.0,2.0,20.0,2.0,3.0,401.0,20.0,44.0,73.0,106.0,23.0,46.0,2.0,23.0,53.0,6.0,39.0,69.0,18.0,38.0,6.0,11.0,16.0,22.0,22.0,3.0,36.0,31.0,1.0,1.0,0.1174,0.0,2.0,1.0,9.0,1.0,,
13981797,2025-08-22,16:00:00,Bruk-Bet Termalica Nieciecza,Radomiak Radom,False,1,1,37.0,1.21,3.0,13.0,3.0,5.0,11.0,281.0,11.0,12.0,2.0,2.0,2.0,10.0,1.0,7.0,6.0,1.0,2.0,1.0,19.0,1.0,3.0,208.0,18.0,45.0,40.0,80.0,28.0,64.0,2.0,16.0,47.0,12.0,30.0,69.0,20.0,38.0,8.0,18.0,7.0,11.0,11.0,3.0,41.0,37.0,0.0,3.0,-0.1119,1.0,0.0,0.0,12.0,0.0,,
13981796,2025-08-22,18:30:00,Widzew Łódź,Pogoń Szczecin,True,1,2,54.0,1.08,2.0,13.0,2.0,2.0,5.0,433.0,13.0,16.0,1.0,4.0,1.0,5.0,4.0,7.0,6.0,1.0,1.0,1.0,19.0,4.0,2.0,341.0,19.0,59.0,41.0,89.0,22.0,53.0,1.0,11.0,54.0,10.0,40.0,72.0,11.0,22.0,11.0,22.0,10.0,13.0,13.0,12.0,49.0,10.0,2.0,2.0,-1.4928,0.0,1.0,0.0,8.0,,1.0,
13981796,2025-08-22,18:30:00,Pogoń Szczecin,Widzew Łódź,False,2,1,46.0,0.33,2.0,8.0,3.0,0.0,16.0,364.0,21.0,5.0,4.0,4.0,0.0,4.0,0.0,6.0,2.0,1.0,1.0,1.0,12.0,1.0,2.0,277.0,30.0,50.0,65.0,101.0,22.0,48.0,1.0,8.0,46.0,4.0,32.0,72.0,11.0,22.0,6.0,15.0,13.0,21.0,21.0,12.0,49.0,22.0,0.0,3.0,0.5486,1.0,2.0,1.0,12.0,,0.0,
13981793,2025-08-23,15:30:00,MKS Korona Kielce,Motor Lublin,True,2,0,32.0,1.36,4.0,17.0,2.0,5.0,15.0,255.0,14.0,14.0,4.0,8.0,0.0,5.0,4.0,10.0,7.0,1.0,3.0,1.0,22.0,1.0,1.0,195.0,17.0,38.0,60.0,88.0,17.0,44.0,4.0,6.0,47.0,7.0,36.0,74.0,11.0,26.0,9.0,20.0,4.0,14.0,14.0,12.0,43.0,36.0,,2.0,0.3797,0.0,3.0,,9.0,0.0,,
13981793,2025-08-23,15:30:00,Motor Lublin,MKS Korona Kielce,False,0,2,68.0,1.38,1.0,13.0,5.0,6.0,14.0,520.0,18.0,15.0,5.0,2.0,0.0,6.0,5.0,10.0,3.0,0.0,1.0,0.0,36.0,2.0,1.0,458.0,25.0,59.0,108.0,140.0,23.0,32.0,9.0,34.0,53.0,6.0,38.0,74.0,15.0,26.0,6.0,14.0,14.0,18.0,18.0,6.0,40.0,15.0,,5.0,-0.152,1.0,1.0,,6.0,1.0,,
13981792,2025-08-23,18:15:00,Górnik Zabrze,GKS Katowice,True,3,0,51.0,2.12,3.0,18.0,1.0,2.0,9.0,450.0,13.0,11.0,0.0,6.0,0.0,8.0,4.0,12.0,6.0,1.0,2.0,,37.0,,,392.0,14.0,53.0,117.0,145.0,34.0,53.0,6.0,18.0,53.0,5.0,31.0,53.0,9.0,22.0,7.0,11.0,10.0,13.0,13.0,6.0,46.0,27.0,1.0,1.0,0.1135,0.0,1.0,,2.0,,,
13981792,2025-08-23,18:15:00,GKS Katowice,Górnik Zabrze,False,0,3,49.0,0.9,1.0,10.0,4.0,4.0,11.0,430.0,9.0,9.0,1.0,1.0,2.0,6.0,3.0,6.0,4.0,0.0,1.0,,11.0,,,358.0,20.0,32.0,32.0,61.0,15.0,44.0,2.0,12.0,47.0,7.0,22.0,53.0,13.0,22.0,5.0,11.0,6.0,9.0,9.0,9.0,39.0,22.0,0.0,4.0,-0.7651,1.0,0.0,,13.0,,,
13981795,2025-08-24,12:45:00,Piast Gliwice,Cracovia,True,0,0,60.0,0.62,0.0,15.0,1.0,4.0,20.0,547.0,6.0,17.0,1.0,1.0,1.0,4.0,10.0,6.0,9.0,,0.0,,22.0,3.0,1.0,477.0,27.0,68.0,111.0,148.0,25.0,50.0,5.0,21.0,48.0,9.0,27.0,64.0,16.0,25.0,5.0,10.0,3.0,6.0,6.0,5.0,37.0,23.0,1.0,1.0,0.1771,,0.0,1.0,7.0,,,
13981795,2025-08-24,12:45:00,Cracovia,Piast Gliwice,False,0,0,40.0,0.8,2.0,8.0,1.0,2.0,17.0,360.0,14.0,20.0,0.0,2.0,1.0,4.0,2.0,4.0,4.0,,2.0,,9.0,1.0,0.0,293.0,19.0,54.0,64.0,97.0,23.0,56.0,4.0,18.0,52.0,2.0,37.0,64.0,9.0,25.0,3.0,7.0,7.0,14.0,14.0,14.0,34.0,34.0,0.0,1.0,0.0484,,2.0,0.0,6.0,,,
13981791,2025-08-24,15:30:00,KS Lechia Gdańsk,MZKS Arka Gdynia,True,1,0,53.0,0.99,1.0,12.0,1.0,4.0,10.0,367.0,18.0,12.0,3.0,3.0,0.0,3.0,6.0,8.0,4.0,1.0,,,20.0,2.0,2.0,283.0,36.0,73.0,72.0,123.0,15.0,52.0,6.0,23.0,54.0,2.0,34.0,60.0,26.0,51.0,4.0,11.0,12.0,18.0,18.0,5.0,43.0,25.0,,1.0,0.1589,1.0,1.0,,6.0,,,
13981791,2025-08-24,15:30:00,MZKS Arka Gdynia,KS Lechia Gdańsk,False,0,1,47.0,0.46,0.0,7.0,2.0,4.0,12.0,337.0,9.0,10.0,3.0,1.0,0.0,4.0,2.0,5.0,2.0,0.0,,,19.0,1.0,0.0,249.0,27.0,41.0,36.0,69.0,18.0,61.0,1.0,11.0,46.0,8.0,26.0,60.0,25.0,51.0,8.0,18.0,5.0,9.0,9.0,2.0,32.0,49.0,,2.0,-0.596,0.0,1.0,,12.0,,,
13981787,2025-08-25,17:00:00,Wisła Płock,Zagłębie Lubin,True,2,1,58.0,1.73,1.0,15.0,2.0,4.0,15.0,544.0,15.0,8.0,1.0,4.0,0.0,8.0,3.0,9.0,6.0,1.0,,,20.0,2.0,2.0,474.0,15.0,67.0,118.0,159.0,15.0,34.0,6.0,29.0,45.0,3.0,29.0,58.0,10.0,29.0,6.0,9.0,10.0,15.0,15.0,5.0,49.0,21.0,0.0,2.0,-0.3969,0.0,,0.0,4.0,,,
13981787,2025-08-25,17:00:00,Zagłębie Lubin,Wisła Płock,False,1,2,42.0,0.41,1.0,7.0,2.0,3.0,9.0,402.0,6.0,15.0,0.0,3.0,0.0,1.0,3.0,4.0,3.0,1.0,,,12.0,0.0,1.0,334.0,16.0,47.0,56.0,91.0,30.0,52.0,5.0,10.0,55.0,7.0,29.0,58.0,19.0,29.0,10.0,18.0,1.0,6.0,6.0,6.0,37.0,42.0,2.0,2.0,-0.6294,1.0,,1.0,11.0,,,
14570884,2025-09-24,16:45:00,Raków Częstochowa,Lech Poznań,True,2,2,64.0,2.74,6.0,18.0,1.0,6.0,10.0,545.0,12.0,14.0,3.0,7.0,0.0,4.0,7.0,15.0,3.0,2.0,4.0,1.0,37.0,3.0,4.0,488.0,13.0,46.0,139.0,156.0,23.0,35.0,9.0,35.0,51.0,9.0,38.0,73.0,15.0,30.0,12.0,25.0,9.0,12.0,12.0,3.0,42.0,19.0,,1.0,-1.3723,,,0.0,2.0,,0.0,
14570884,2025-09-24,16:45:00,Lech Poznań,Raków Częstochowa,False,2,2,36.0,0.73,1.0,10.0,5.0,2.0,15.0,315.0,22.0,10.0,1.0,3.0,0.0,2.0,5.0,6.0,4.0,0.0,1.0,1.0,15.0,1.0,1.0,235.0,17.0,45.0,63.0,94.0,19.0,58.0,2.0,11.0,49.0,5.0,35.0,73.0,15.0,30.0,4.0,11.0,16.0,22.0,22.0,7.0,34.0,34.0,,5.0,0.8541,,,1.0,5.0,,1.0,
14682952,2025-09-24,19:00:00,Legia Warszawa,Jagiellonia Białystok,True,0,0,51.0,1.93,5.0,20.0,1.0,2.0,20.0,432.0,19.0,15.0,1.0,8.0,1.0,6.0,6.0,12.0,8.0,,5.0,,24.0,4.0,0.0,339.0,22.0,60.0,102.0,152.0,30.0,64.0,7.0,23.0,52.0,11.0,39.0,82.0,20.0,32.0,8.0,16.0,12.0,19.0,19.0,11.0,46.0,17.0,0.0,1.0,0.0139,,1.0,,4.0,,,
14682952,2025-09-24,19:00:00,Jagiellonia Białystok,Legia Warszawa,False,0,0,49.0,0.14,0.0,3.0,8.0,2.0,15.0,413.0,19.0,20.0,3.0,1.0,0.0,2.0,0.0,2.0,1.0,,0.0,,7.0,2.0,7.0,326.0,15.0,32.0,42.0,68.0,17.0,55.0,2.0,9.0,48.0,12.0,43.0,82.0,12.0,32.0,6.0,13.0,12.0,19.0,19.0,9.0,55.0,24.0,1.0,8.0,1.2794,,1.0,,6.0,,,
13981800,2025-08-29,16:00:00,MZKS Arka Gdynia,Wisła Płock,True,1,0,51.0,0.46,0.0,8.0,2.0,0.0,12.0,433.0,16.0,10.0,1.0,2.0,0.0,5.0,1.0,2.0,6.0,,0.0,,11.0,3.0,1.0,350.0,18.0,54.0,90.0,131.0,20.0,57.0,1.0,10.0,46.0,4.0,29.0,63.0,21.0,45.0,5.0,15.0,8.0,16.0,16.0,13.0,34.0,29.0,,2.0,0.1108,,1.0,,12.0,,,
13981800,2025-08-29,16:00:00,Wisła Płock,MZKS Arka Gdynia,False,0,1,49.0,1.38,2.0,18.0,1.0,5.0,10.0,403.0,14.0,12.0,2.0,4.0,1.0,10.0,4.0,9.0,9.0,,2.0,,26.0,1.0,1.0,321.0,22.0,35.0,49.0,76.0,24.0,61.0,6.0,23.0,54.0,7.0,34.0,63.0,24.0,45.0,8.0,17.0,8.0,14.0,14.0,6.0,34.0,22.0,,1.0,-0.1867,,0.0,,7.0,,,
13981803,2025-08-29,18:30:00,GKS Katowice,Radomiak Radom,True,3,2,47.0,2.32,4.0,18.0,2.0,8.0,16.0,257.0,14.0,21.0,3.0,8.0,0.0,7.0,3.0,12.0,6.0,1.0,3.0,,27.0,3.0,3.0,196.0,10.0,55.0,58.0,98.0,26.0,53.0,8.0,29.0,56.0,4.0,35.0,62.0,28.0,50.0,5.0,8.0,8.0,14.0,14.0,2.0,32.0,28.0,,2.0,-0.7725,0.0,1.0,2.0,7.0,,,
13981803,2025-08-29,18:30:00,Radomiak Radom,GKS Katowice,False,2,3,53.0,0.43,0.0,9.0,4.0,4.0,21.0,299.0,7.0,16.0,6.0,4.0,0.0,1.0,4.0,5.0,4.0,0.0,0.0,,22.0,1.0,1.0,225.0,13.0,45.0,40.0,76.0,16.0,45.0,5.0,19.0,44.0,7.0,27.0,62.0,22.0,50.0,6.0,13.0,5.0,7.0,7.0,3.0,27.0,43.0,,4.0,0.0199,3.0,1.0,1.0,8.0,,,
13981798,2025-08-30,12:45:00,Bruk-Bet Termalica Nieciecza,MKS Korona Kielce,True,1,3,46.0,0.66,1.0,9.0,6.0,3.0,13.0,368.0,16.0,12.0,0.0,6.0,0.0,3.0,0.0,9.0,0.0,0.0,1.0,0.0,16.0,1.0,2.0,286.0,20.0,60.0,77.0,126.0,12.0,52.0,8.0,17.0,50.0,8.0,31.0,67.0,15.0,25.0,5.0,11.0,10.0,16.0,16.0,5.0,41.0,21.0,,6.0,-0.1055,1.0,0.0,,11.0,1.0,,
13981798,2025-08-30,12:45:00,MKS Korona Kielce,Bruk-Bet Termalica Nieciecza,False,3,1,54.0,2.7,4.0,24.0,4.0,1.0,12.0,433.0,14.0,13.0,2.0,9.0,1.0,9.0,6.0,19.0,5.0,1.0,3.0,1.0,42.0,2.0,1.0,359.0,13.0,58.0,89.0,128.0,19.0,51.0,6.0,14.0,50.0,4.0,36.0,67.0,10.0,25.0,10.0,22.0,9.0,14.0,14.0,2.0,51.0,22.0,,4.0,0.5433,2.0,2.0,,8.0,0.0,,
13981807,2025-08-30,15:30:00,Zagłębie Lubin,Piast Gliwice,True,2,2,30.0,2.98,5.0,11.0,3.0,3.0,15.0,255.0,15.0,8.0,3.0,2.0,1.0,6.0,3.0,9.0,2.0,2.0,3.0,,18.0,2.0,2.0,188.0,11.0,40.0,38.0,71.0,16.0,40.0,4.0,10.0,48.0,8.0,23.0,61.0,22.0,32.0,1.0,10.0,11.0,15.0,15.0,11.0,44.0,31.0,0.0,3.0,-1.3249,1.0,,,4.0,,,
13981807,2025-08-30,15:30:00,Piast Gliwice,Zagłębie Lubin,False,2,2,70.0,0.81,1.0,16.0,0.0,5.0,9.0,594.0,17.0,15.0,3.0,5.0,0.0,3.0,8.0,8.0,8.0,1.0,0.0,,22.0,5.0,3.0,509.0,23.0,60.0,118.0,154.0,23.0,60.0,2.0,21.0,52.0,4.0,38.0,61.0,10.0,32.0,7.0,18.0,10.0,17.0,17.0,7.0,46.0,16.0,1.0,0.0,-0.2129,0.0,,,7.0,,,
13981799,2025-08-30,18:15:00,Górnik Zabrze,Motor Lublin,True,0,1,58.0,0.98,1.0,18.0,2.0,10.0,9.0,487.0,15.0,14.0,4.0,3.0,0.0,11.0,4.0,12.0,6.0,0.0,1.0,1.0,29.0,2.0,2.0,435.0,16.0,71.0,175.0,206.0,26.0,42.0,10.0,33.0,56.0,9.0,42.0,70.0,8.0,19.0,14.0,20.0,13.0,15.0,15.0,8.0,53.0,16.0,1.0,2.0,0.151,0.0,0.0,,7.0,,,
13981799,2025-08-30,18:15:00,Motor Lublin,Górnik Zabrze,False,1,0,42.0,1.02,2.0,10.0,3.0,5.0,14.0,357.0,15.0,9.0,4.0,3.0,0.0,5.0,2.0,7.0,3.0,1.0,1.0,0.0,25.0,0.0,1.0,293.0,16.0,38.0,59.0,82.0,13.0,38.0,4.0,12.0,44.0,5.0,28.0,70.0,11.0,19.0,5.0,15.0,14.0,15.0,15.0,9.0,51.0,28.0,0.0,3.0,0.8073,2.0,2.0,,12.0,,,
13981805,2025-08-31,15:30:00,Jagiellonia Białystok,KS Lechia Gdańsk,True,2,0,52.0,0.86,1.0,12.0,4.0,1.0,13.0,394.0,8.0,20.0,4.0,4.0,0.0,6.0,2.0,11.0,1.0,1.0,0.0,,20.0,2.0,2.0,320.0,27.0,44.0,72.0,97.0,18.0,40.0,7.0,13.0,50.0,12.0,34.0,68.0,13.0,26.0,7.0,10.0,5.0,8.0,8.0,7.0,40.0,36.0,1.0,4.0,1.4955,,1.0,,9.0,,,
13981805,2025-08-31,15:30:00,KS Lechia Gdańsk,Jagiellonia Białystok,False,0,2,48.0,1.21,1.0,15.0,2.0,5.0,20.0,362.0,15.0,13.0,4.0,4.0,0.0,7.0,4.0,9.0,6.0,0.0,1.0,,21.0,3.0,0.0,278.0,21.0,44.0,64.0,98.0,22.0,49.0,5.0,19.0,50.0,3.0,34.0,68.0,13.0,26.0,6.0,11.0,8.0,15.0,15.0,14.0,50.0,22.0,0.0,2.0,-0.3337,,0.0,,5.0,,,
13981809,2025-08-31,15:30:00,Lech Poznań,Widzew Łódź,True,2,1,51.0,1.6,3.0,13.0,2.0,5.0,11.0,418.0,12.0,8.0,4.0,5.0,0.0,5.0,3.0,6.0,7.0,2.0,1.0,0.0,14.0,0.0,1.0,344.0,15.0,57.0,62.0,98.0,31.0,56.0,1.0,13.0,48.0,8.0,31.0,60.0,7.0,20.0,11.0,14.0,6.0,12.0,12.0,12.0,42.0,16.0,,2.0,-0.0904,0.0,1.0,1.0,13.0,0.0,,
13981809,2025-08-31,15:30:00,Widzew Łódź,Lech Poznań,False,1,2,49.0,1.36,3.0,15.0,3.0,7.0,8.0,389.0,11.0,10.0,0.0,3.0,1.0,9.0,3.0,9.0,6.0,1.0,2.0,1.0,25.0,5.0,6.0,318.0,15.0,47.0,67.0,106.0,29.0,61.0,3.0,18.0,52.0,4.0,29.0,60.0,13.0,20.0,7.0,15.0,8.0,11.0,11.0,7.0,49.0,18.0,,3.0,-0.133,2.0,2.0,1.0,7.0,1.0,,
13981802,2025-08-31,18:15:00,Cracovia,Legia Warszawa,True,2,1,56.0,0.2,1.0,2.0,4.0,2.0,13.0,472.0,11.0,18.0,4.0,2.0,0.0,0.0,0.0,2.0,0.0,1.0,0.0,1.0,7.0,0.0,1.0,388.0,21.0,51.0,46.0,80.0,13.0,42.0,2.0,8.0,48.0,9.0,33.0,73.0,16.0,30.0,5.0,11.0,8.0,11.0,11.0,8.0,35.0,25.0,,4.0,0.3244,1.0,,,8.0,,,
13981802,2025-08-31,18:15:00,Legia Warszawa,Cracovia,False,1,2,44.0,1.48,2.0,13.0,1.0,5.0,18.0,359.0,15.0,13.0,2.0,5.0,1.0,4.0,4.0,9.0,4.0,1.0,1.0,0.0,24.0,2.0,1.0,275.0,29.0,54.0,58.0,98.0,24.0,58.0,5.0,18.0,52.0,8.0,40.0,73.0,14.0,30.0,12.0,15.0,11.0,15.0,15.0,4.0,38.0,19.0,,1.0,-1.5287,1.0,,,4.0,,,
13981801,2025-08-31,18:15:00,Pogoń Szczecin,Raków Częstochowa,True,2,0,45.0,0.83,3.0,6.0,3.0,1.0,16.0,338.0,14.0,10.0,4.0,3.0,0.0,2.0,1.0,5.0,1.0,1.0,2.0,0.0,14.0,1.0,3.0,256.0,8.0,40.0,44.0,78.0,12.0,57.0,4.0,12.0,40.0,6.0,23.0,58.0,14.0,34.0,2.0,6.0,11.0,14.0,14.0,10.0,49.0,40.0,0.0,3.0,0.2307,1.0,2.0,2.0,10.0,,,
13981801,2025-08-31,18:15:00,Raków Częstochowa,Pogoń Szczecin,False,0,2,55.0,0.87,1.0,17.0,1.0,14.0,10.0,402.0,10.0,16.0,3.0,3.0,0.0,7.0,7.0,10.0,7.0,0.0,1.0,1.0,30.0,3.0,2.0,329.0,12.0,47.0,77.0,112.0,19.0,41.0,6.0,38.0,60.0,7.0,35.0,58.0,20.0,34.0,9.0,16.0,4.0,10.0,10.0,5.0,41.0,10.0,2.0,1.0,-0.7663,1.0,0.0,0.0,6.0,,,
13981806,2025-09-12,16:00:00,KS Lechia Gdańsk,GKS Katowice,True,2,0,42.0,2.08,5.0,13.0,3.0,2.0,8.0,346.0,18.0,10.0,3.0,3.0,0.0,6.0,4.0,8.0,5.0,2.0,3.0,,14.0,1.0,,263.0,13.0,54.0,44.0,88.0,6.0,38.0,6.0,12.0,48.0,2.0,32.0,52.0,10.0,36.0,4.0,8.0,9.0,18.0,18.0,10.0,54.0,43.0,,3.0,0.4705,1.0,2.0,1.0,9.0,0.0,,
13981806,2025-09-12,16:00:00,GKS Katowice,KS Lechia Gdańsk,False,0,2,58.0,0.54,0.0,11.0,1.0,5.0,10.0,468.0,6.0,8.0,1.0,3.0,0.0,5.0,3.0,5.0,6.0,0.0,0.0,,29.0,3.0,,387.0,36.0,55.0,95.0,139.0,36.0,58.0,10.0,36.0,52.0,10.0,20.0,52.0,26.0,36.0,6.0,14.0,5.0,6.0,6.0,6.0,43.0,22.0,,1.0,-0.1014,0.0,1.0,0.0,7.0,1.0,,
13981811,2025-09-12,18:30:00,Lech Poznań,Zagłębie Lubin,True,1,2,64.0,1.8,3.0,26.0,2.0,7.0,11.0,503.0,3.0,9.0,3.0,6.0,1.0,9.0,11.0,16.0,10.0,,3.0,,37.0,3.0,0.0,411.0,23.0,92.0,120.0,176.0,22.0,47.0,6.0,22.0,49.0,1.0,18.0,42.0,22.0,39.0,6.0,17.0,3.0,3.0,3.0,6.0,47.0,19.0,,2.0,-0.1149,2.0,1.0,,3.0,,,
13981811,2025-09-12,18:30:00,Zagłębie Lubin,Lech Poznań,False,2,1,36.0,0.64,0.0,10.0,5.0,6.0,9.0,275.0,12.0,11.0,3.0,4.0,0.0,3.0,3.0,6.0,4.0,,0.0,,17.0,0.0,4.0,204.0,16.0,36.0,31.0,62.0,27.0,59.0,2.0,13.0,51.0,2.0,24.0,42.0,17.0,39.0,2.0,3.0,10.0,12.0,12.0,13.0,42.0,56.0,,5.0,0.5484,0.0,2.0,,10.0,,,
13981816,2025-09-13,12:45:00,MKS Korona Kielce,Pogoń Szczecin,True,1,0,45.0,3.15,5.0,18.0,9.0,12.0,9.0,285.0,8.0,11.0,1.0,6.0,1.0,7.0,5.0,13.0,5.0,1.0,4.0,2.0,33.0,3.0,5.0,220.0,9.0,46.0,79.0,115.0,27.0,52.0,6.0,36.0,50.0,5.0,27.0,54.0,14.0,28.0,9.0,17.0,5.0,8.0,8.0,4.0,48.0,35.0,,9.0,1.3755,2.0,2.0,0.0,12.0,,,
13981816,2025-09-13,12:45:00,Pogoń Szczecin,MKS Korona Kielce,False,0,1,55.0,1.88,4.0,21.0,5.0,7.0,11.0,376.0,13.0,9.0,1.0,10.0,0.0,6.0,5.0,12.0,9.0,0.0,4.0,0.0,29.0,4.0,2.0,295.0,14.0,57.0,72.0,120.0,12.0,41.0,6.0,23.0,50.0,2.0,27.0,54.0,14.0,28.0,7.0,13.0,9.0,13.0,13.0,6.0,45.0,41.0,,5.0,1.4327,1.0,2.0,2.0,9.0,,,
13981814,2025-09-13,18:15:00,Piast Gliwice,Jagiellonia Białystok,True,1,1,53.0,0.84,1.0,14.0,5.0,4.0,11.0,511.0,11.0,13.0,7.0,4.0,0.0,7.0,3.0,11.0,3.0,,1.0,,24.0,3.0,2.0,446.0,17.0,47.0,89.0,113.0,21.0,40.0,5.0,21.0,53.0,3.0,33.0,62.0,8.0,16.0,10.0,18.0,7.0,11.0,11.0,6.0,53.0,22.0,1.0,5.0,-0.4637,0.0,,,5.0,,1.0,
13981814,2025-09-13,18:15:00,Jagiellonia Białystok,Piast Gliwice,False,1,1,47.0,1.04,1.0,11.0,3.0,1.0,13.0,462.0,11.0,11.0,4.0,6.0,0.0,4.0,1.0,8.0,3.0,,1.0,,27.0,2.0,1.0,384.0,16.0,48.0,98.0,135.0,24.0,42.0,3.0,5.0,47.0,10.0,29.0,62.0,8.0,16.0,7.0,8.0,6.0,11.0,11.0,8.0,48.0,23.0,2.0,3.0,0.1736,1.0,,,8.0,,0.0,
13981810,2025-09-14,10:15:00,Motor Lublin,Bruk-Bet Termalica Nieciecza,True,1,1,51.0,1.25,1.0,14.0,5.0,5.0,16.0,402.0,13.0,13.0,2.0,2.0,0.0,6.0,6.0,11.0,3.0,1.0,0.0,1.0,31.0,2.0,4.0,330.0,17.0,33.0,72.0,109.0,12.0,28.0,3.0,16.0,48.0,7.0,35.0,69.0,10.0,24.0,10.0,17.0,7.0,13.0,13.0,7.0,41.0,15.0,0.0,5.0,1.312,0.0,2.0,,6.0,,,
13981810,2025-09-14,10:15:00,Bruk-Bet Termalica Nieciecza,Motor Lublin,False,1,1,49.0,2.01,5.0,10.0,1.0,4.0,13.0,388.0,14.0,15.0,4.0,6.0,1.0,3.0,1.0,8.0,2.0,1.0,4.0,0.0,22.0,3.0,1.0,327.0,9.0,52.0,85.0,116.0,26.0,50.0,9.0,19.0,52.0,10.0,34.0,69.0,14.0,24.0,6.0,9.0,10.0,14.0,14.0,11.0,43.0,35.0,1.0,1.0,-0.2187,1.0,1.0,,8.0,,,
13981808,2025-09-14,12:45:00,Legia Warszawa,Radomiak Radom,True,4,1,55.0,2.54,2.0,13.0,4.0,5.0,17.0,443.0,12.0,14.0,1.0,6.0,0.0,3.0,4.0,9.0,4.0,2.0,0.0,,26.0,2.0,,375.0,17.0,72.0,122.0,164.0,24.0,51.0,1.0,16.0,51.0,6.0,34.0,69.0,14.0,25.0,8.0,15.0,8.0,12.0,12.0,13.0,45.0,21.0,,4.0,-0.271,2.0,,,4.0,0.0,,
13981808,2025-09-14,12:45:00,Radomiak Radom,Legia Warszawa,False,1,4,45.0,1.07,2.0,13.0,2.0,5.0,15.0,356.0,13.0,17.0,2.0,5.0,0.0,1.0,7.0,8.0,5.0,1.0,1.0,,15.0,3.0,,291.0,20.0,35.0,42.0,64.0,23.0,45.0,2.0,13.0,49.0,5.0,35.0,69.0,11.0,25.0,6.0,13.0,7.0,13.0,13.0,8.0,40.0,25.0,,2.0,-1.6375,1.0,,,7.0,1.0,,
13981818,2025-09-14,15:30:00,Widzew Łódź,MZKS Arka Gdynia,True,2,0,49.0,2.39,5.0,14.0,5.0,1.0,4.0,377.0,15.0,16.0,0.0,8.0,1.0,5.0,1.0,9.0,5.0,1.0,4.0,2.0,21.0,3.0,1.0,316.0,27.0,49.0,62.0,88.0,29.0,59.0,3.0,12.0,49.0,5.0,41.0,74.0,8.0,27.0,10.0,26.0,13.0,15.0,15.0,4.0,41.0,25.0,,5.0,0.3132,1.0,0.0,,8.0,,,
13981818,2025-09-14,15:30:00,MZKS Arka Gdynia,Widzew Łódź,False,0,2,51.0,0.97,1.0,13.0,4.0,2.0,16.0,392.0,21.0,4.0,1.0,5.0,0.0,8.0,0.0,7.0,6.0,0.0,1.0,0.0,25.0,0.0,3.0,324.0,30.0,43.0,58.0,91.0,30.0,56.0,5.0,13.0,51.0,8.0,33.0,74.0,19.0,27.0,8.0,15.0,12.0,21.0,21.0,5.0,38.0,20.0,,4.0,-0.1988,0.0,1.0,,6.0,,,
14457539,2025-09-15,17:00:00,Raków Częstochowa,Górnik Zabrze,True,0,1,67.0,0.96,2.0,9.0,6.0,3.0,7.0,614.0,18.0,16.0,1.0,1.0,0.0,4.0,4.0,6.0,3.0,0.0,2.0,1.0,22.0,3.0,2.0,530.0,23.0,43.0,102.0,140.0,18.0,35.0,8.0,24.0,56.0,14.0,41.0,75.0,13.0,21.0,8.0,13.0,17.0,18.0,18.0,5.0,47.0,28.0,1.0,6.0,0.4122,,,0.0,5.0,,,
14457539,2025-09-15,17:00:00,Górnik Zabrze,Raków Częstochowa,False,1,0,33.0,1.61,3.0,16.0,1.0,6.0,16.0,295.0,19.0,7.0,6.0,7.0,0.0,2.0,7.0,9.0,7.0,1.0,2.0,1.0,24.0,0.0,0.0,213.0,23.0,49.0,70.0,111.0,22.0,56.0,4.0,16.0,44.0,7.0,34.0,75.0,8.0,21.0,8.0,19.0,17.0,19.0,19.0,5.0,45.0,25.0,0.0,1.0,0.3691,,,1.0,9.0,,,
15161024,2025-12-04,16:00:00,Wisła Płock,Cracovia,True,0,0,44.0,0.34,,8.0,1.0,3.0,8.0,371.0,12.0,16.0,2.0,4.0,0.0,2.0,2.0,7.0,1.0,,,,19.0,1.0,0.0,300.0,23.0,53.0,76.0,114.0,37.0,69.0,7.0,20.0,50.0,4.0,32.0,59.0,18.0,42.0,5.0,13.0,11.0,12.0,12.0,4.0,33.0,16.0,,1.0,0.0416,0.0,2.0,,9.0,,,
15161024,2025-12-04,16:00:00,Cracovia,Wisła Płock,False,0,0,56.0,0.48,,7.0,4.0,2.0,16.0,482.0,12.0,8.0,2.0,1.0,0.0,6.0,0.0,3.0,4.0,,,,7.0,0.0,2.0,408.0,18.0,59.0,96.0,125.0,22.0,49.0,6.0,22.0,50.0,7.0,27.0,59.0,24.0,42.0,7.0,12.0,8.0,12.0,12.0,13.0,37.0,35.0,,4.0,0.2922,1.0,1.0,,7.0,,,
13981822,2025-09-19,16:00:00,GKS Katowice,Cracovia,True,0,3,57.0,0.7,0.0,16.0,4.0,11.0,6.0,471.0,7.0,13.0,2.0,5.0,0.0,4.0,7.0,7.0,9.0,0.0,0.0,0.0,29.0,1.0,,380.0,27.0,65.0,84.0,142.0,28.0,62.0,4.0,34.0,56.0,6.0,29.0,47.0,17.0,35.0,9.0,13.0,7.0,7.0,7.0,5.0,42.0,13.0,2.0,4.0,-0.8423,0.0,0.0,,6.0,,,
13981822,2025-09-19,16:00:00,Cracovia,GKS Katowice,False,3,0,43.0,2.2,5.0,13.0,5.0,3.0,13.0,368.0,10.0,6.0,1.0,6.0,0.0,3.0,4.0,7.0,6.0,2.0,3.0,1.0,15.0,0.0,,267.0,10.0,37.0,39.0,70.0,17.0,62.0,2.0,7.0,44.0,4.0,18.0,47.0,18.0,35.0,2.0,5.0,6.0,10.0,10.0,15.0,45.0,45.0,1.0,5.0,0.5081,1.0,2.0,,13.0,,,
13981970,2025-09-19,18:30:00,Wisła Płock,Jagiellonia Białystok,True,0,1,41.0,1.25,2.0,17.0,8.0,5.0,13.0,292.0,12.0,8.0,0.0,4.0,0.0,6.0,7.0,9.0,8.0,0.0,2.0,,28.0,1.0,3.0,228.0,21.0,44.0,62.0,93.0,34.0,57.0,7.0,20.0,48.0,7.0,21.0,47.0,16.0,30.0,2.0,5.0,6.0,12.0,12.0,3.0,33.0,23.0,,8.0,0.5236,0.0,0.0,,8.0,,,
13981970,2025-09-19,18:30:00,Jagiellonia Białystok,Wisła Płock,False,1,0,59.0,1.76,2.0,13.0,4.0,5.0,8.0,443.0,10.0,12.0,2.0,9.0,0.0,4.0,0.0,10.0,3.0,1.0,1.0,,29.0,4.0,3.0,384.0,17.0,61.0,91.0,127.0,19.0,36.0,7.0,17.0,52.0,10.0,26.0,47.0,14.0,30.0,4.0,6.0,6.0,10.0,10.0,9.0,33.0,23.0,,4.0,0.4903,1.0,1.0,,8.0,,,
13981820,2025-09-20,10:15:00,Radomiak Radom,Piast Gliwice,True,1,0,40.0,1.49,2.0,17.0,3.0,3.0,21.0,321.0,12.0,13.0,0.0,5.0,0.0,6.0,6.0,9.0,8.0,,2.0,,21.0,2.0,1.0,263.0,14.0,52.0,83.0,113.0,26.0,48.0,1.0,10.0,45.0,7.0,28.0,61.0,12.0,27.0,3.0,7.0,6.0,12.0,12.0,6.0,38.0,33.0,,3.0,0.2824,1.0,1.0,3.0,11.0,,,
13981820,2025-09-20,10:15:00,Piast Gliwice,Radomiak Radom,False,0,1,60.0,0.62,1.0,11.0,4.0,2.0,13.0,477.0,11.0,21.0,2.0,2.0,0.0,6.0,3.0,7.0,4.0,,1.0,,23.0,2.0,1.0,417.0,14.0,47.0,100.0,132.0,28.0,47.0,6.0,23.0,55.0,7.0,33.0,61.0,15.0,27.0,3.0,8.0,8.0,11.0,11.0,6.0,42.0,20.0,,4.0,-0.3049,1.0,0.0,1.0,7.0,,,
13981817,2025-09-20,12:45:00,MZKS Arka Gdynia,MKS Korona Kielce,True,0,0,49.0,0.44,,11.0,1.0,4.0,12.0,336.0,13.0,15.0,3.0,3.0,0.0,5.0,3.0,3.0,8.0,,,,9.0,4.0,1.0,271.0,18.0,42.0,40.0,70.0,11.0,38.0,4.0,12.0,54.0,8.0,30.0,62.0,21.0,33.0,3.0,7.0,6.0,13.0,13.0,14.0,43.0,32.0,,1.0,0.0702,,1.0,,7.0,,,
13981817,2025-09-20,12:45:00,MKS Korona Kielce,MZKS Arka Gdynia,False,0,0,51.0,0.45,,9.0,3.0,6.0,15.0,345.0,12.0,12.0,2.0,1.0,1.0,2.0,6.0,5.0,4.0,,,,20.0,1.0,0.0,276.0,20.0,41.0,54.0,87.0,19.0,47.0,2.0,17.0,46.0,5.0,32.0,62.0,12.0,33.0,8.0,16.0,8.0,12.0,12.0,7.0,42.0,20.0,,3.0,0.4123,,1.0,,7.0,,,
13981813,2025-09-20,15:30:00,Bruk-Bet Termalica Nieciecza,Lech Poznań,True,0,2,54.0,0.84,0.0,13.0,7.0,3.0,7.0,490.0,19.0,7.0,1.0,2.0,0.0,9.0,2.0,6.0,7.0,0.0,,,19.0,2.0,0.0,415.0,16.0,56.0,85.0,129.0,22.0,50.0,1.0,13.0,56.0,4.0,37.0,60.0,12.0,27.0,11.0,17.0,12.0,19.0,19.0,9.0,47.0,26.0,0.0,7.0,0.2825,3.0,1.0,0.0,6.0,1.0,,
13981813,2025-09-20,15:30:00,Lech Poznań,Bruk-Bet Termalica Nieciecza,False,2,0,46.0,1.74,2.0,18.0,2.0,10.0,7.0,412.0,10.0,7.0,1.0,9.0,2.0,5.0,4.0,12.0,6.0,2.0,,,26.0,2.0,2.0,347.0,16.0,46.0,110.0,136.0,24.0,46.0,3.0,19.0,44.0,9.0,23.0,60.0,15.0,27.0,6.0,16.0,7.0,10.0,10.0,5.0,47.0,24.0,1.0,2.0,0.116,0.0,1.0,3.0,11.0,0.0,,
13981823,2025-09-20,18:15:00,Raków Częstochowa,Legia Warszawa,True,1,1,40.0,1.37,1.0,8.0,1.0,1.0,15.0,315.0,10.0,17.0,1.0,2.0,0.0,3.0,3.0,7.0,1.0,1.0,,,14.0,4.0,2.0,222.0,22.0,34.0,42.0,72.0,21.0,57.0,3.0,8.0,50.0,9.0,28.0,62.0,25.0,43.0,4.0,8.0,6.0,10.0,10.0,8.0,42.0,30.0,,1.0,0.0185,,0.0,,10.0,,,
13981823,2025-09-20,18:15:00,Legia Warszawa,Raków Częstochowa,False,1,1,60.0,1.25,0.0,16.0,1.0,2.0,18.0,474.0,13.0,15.0,3.0,2.0,1.0,9.0,5.0,12.0,4.0,0.0,,,32.0,0.0,0.0,378.0,12.0,80.0,102.0,156.0,16.0,58.0,7.0,15.0,50.0,4.0,34.0,62.0,18.0,43.0,7.0,13.0,6.0,13.0,13.0,13.0,50.0,16.0,,1.0,-0.1136,,2.0,,5.0,,,
13981815,2025-09-21,10:15:00,Zagłębie Lubin,Motor Lublin,True,2,2,45.0,1.95,3.0,12.0,4.0,6.0,14.0,283.0,26.0,14.0,3.0,5.0,0.0,2.0,5.0,8.0,4.0,2.0,1.0,,23.0,3.0,2.0,218.0,11.0,52.0,62.0,97.0,20.0,47.0,7.0,26.0,56.0,8.0,46.0,82.0,17.0,30.0,6.0,8.0,15.0,26.0,26.0,7.0,35.0,24.0,,4.0,-0.0816,2.0,1.0,0.0,8.0,,,
13981815,2025-09-21,10:15:00,Motor Lublin,Zagłębie Lubin,False,2,2,55.0,1.05,2.0,16.0,3.0,5.0,15.0,369.0,10.0,14.0,4.0,6.0,0.0,4.0,6.0,6.0,10.0,1.0,1.0,,19.0,2.0,3.0,321.0,18.0,50.0,95.0,122.0,13.0,29.0,1.0,12.0,44.0,17.0,36.0,82.0,13.0,30.0,12.0,21.0,6.0,10.0,10.0,5.0,34.0,37.0,,3.0,0.3308,0.0,1.0,1.0,7.0,,,
13981821,2025-09-21,12:45:00,Pogoń Szczecin,KS Lechia Gdańsk,True,3,4,59.0,2.45,2.0,22.0,6.0,4.0,10.0,405.0,7.0,10.0,3.0,10.0,0.0,7.0,5.0,15.0,7.0,2.0,0.0,,44.0,3.0,1.0,353.0,13.0,57.0,101.0,135.0,27.0,47.0,7.0,22.0,49.0,4.0,21.0,44.0,12.0,24.0,3.0,9.0,1.0,7.0,7.0,7.0,41.0,18.0,2.0,6.0,-0.3433,3.0,1.0,2.0,3.0,1.0,,1.0
13981821,2025-09-21,12:45:00,KS Lechia Gdańsk,Pogoń Szczecin,False,4,3,41.0,3.32,6.0,12.0,6.0,4.0,11.0,289.0,10.0,9.0,3.0,9.0,0.0,3.0,0.0,8.0,4.0,2.0,4.0,,19.0,2.0,0.0,221.0,14.0,47.0,38.0,73.0,19.0,45.0,1.0,10.0,51.0,4.0,23.0,44.0,12.0,24.0,4.0,7.0,4.0,10.0,10.0,9.0,39.0,32.0,0.0,6.0,-0.0416,3.0,0.0,1.0,8.0,0.0,,0.0
13981819,2025-09-21,15:30:00,Górnik Zabrze,Widzew Łódź,True,3,2,50.0,2.43,3.0,17.0,3.0,6.0,16.0,378.0,10.0,11.0,4.0,7.0,0.0,6.0,4.0,12.0,5.0,2.0,1.0,0.0,24.0,3.0,2.0,315.0,25.0,36.0,79.0,107.0,18.0,42.0,3.0,25.0,40.0,9.0,23.0,61.0,11.0,23.0,3.0,12.0,8.0,10.0,10.0,13.0,47.0,21.0,1.0,3.0,0.8277,1.0,2.0,1.0,3.0,1.0,,
13981819,2025-09-21,15:30:00,Widzew Łódź,Górnik Zabrze,False,2,3,50.0,1.43,2.0,11.0,4.0,4.0,11.0,385.0,18.0,16.0,1.0,5.0,1.0,2.0,4.0,4.0,7.0,1.0,1.0,1.0,17.0,2.0,0.0,310.0,14.0,59.0,50.0,89.0,22.0,53.0,4.0,17.0,60.0,3.0,38.0,61.0,12.0,23.0,5.0,12.0,13.0,18.0,18.0,11.0,41.0,30.0,1.0,4.0,-0.2361,1.0,3.0,0.0,6.0,1.0,,
13981825,2025-09-26,18:30:00,Wisła Płock,GKS Katowice,True,1,1,46.0,1.12,2.0,11.0,4.0,4.0,14.0,385.0,9.0,11.0,1.0,5.0,0.0,3.0,3.0,8.0,3.0,0.0,2.0,,14.0,0.0,1.0,306.0,18.0,53.0,80.0,114.0,15.0,47.0,4.0,27.0,41.0,7.0,27.0,61.0,9.0,27.0,8.0,12.0,6.0,9.0,9.0,3.0,43.0,25.0,,4.0,0.7635,,0.0,0.0,5.0,1.0,,
13981825,2025-09-26,18:30:00,GKS Katowice,Wisła Płock,False,1,1,54.0,0.51,1.0,11.0,3.0,2.0,11.0,474.0,11.0,14.0,1.0,5.0,0.0,2.0,4.0,5.0,6.0,1.0,0.0,,15.0,3.0,2.0,426.0,14.0,46.0,88.0,112.0,22.0,44.0,0.0,16.0,59.0,5.0,34.0,61.0,18.0,27.0,12.0,16.0,8.0,11.0,11.0,4.0,38.0,33.0,,3.0,0.4139,,2.0,2.0,6.0,0.0,,
13981829,2025-09-27,12:45:00,MKS Korona Kielce,KS Lechia Gdańsk,True,3,0,44.0,1.49,3.0,17.0,3.0,6.0,12.0,307.0,14.0,13.0,2.0,7.0,0.0,3.0,7.0,14.0,3.0,1.0,2.0,,26.0,2.0,1.0,227.0,18.0,37.0,52.0,81.0,13.0,47.0,6.0,15.0,51.0,6.0,31.0,66.0,13.0,21.0,5.0,19.0,7.0,14.0,14.0,10.0,45.0,32.0,,3.0,0.5522,,1.0,0.0,9.0,,0.0,
13981829,2025-09-27,12:45:00,KS Lechia Gdańsk,MKS Korona Kielce,False,0,3,56.0,1.22,2.0,10.0,4.0,5.0,13.0,398.0,20.0,12.0,1.0,3.0,3.0,7.0,0.0,6.0,4.0,0.0,2.0,,16.0,3.0,0.0,314.0,23.0,60.0,79.0,123.0,19.0,42.0,4.0,20.0,49.0,5.0,35.0,66.0,8.0,21.0,4.0,13.0,13.0,20.0,20.0,9.0,55.0,29.0,,4.0,-0.9419,,1.0,1.0,3.0,,1.0,
13981833,2025-09-27,15:30:00,Piast Gliwice,Bruk-Bet Termalica Nieciecza,True,4,2,48.0,2.02,3.0,19.0,5.0,2.0,7.0,368.0,8.0,15.0,1.0,6.0,0.0,6.0,7.0,12.0,7.0,1.0,2.0,1.0,29.0,3.0,1.0,307.0,13.0,46.0,103.0,133.0,18.0,46.0,0.0,17.0,45.0,8.0,25.0,50.0,17.0,43.0,5.0,10.0,3.0,8.0,8.0,7.0,43.0,45.0,1.0,5.0,0.873,2.0,2.0,0.0,9.0,1.0,1.0,
13981833,2025-09-27,15:30:00,Bruk-Bet Termalica Nieciecza,Piast Gliwice,False,2,4,52.0,2.82,4.0,22.0,2.0,7.0,15.0,387.0,13.0,7.0,3.0,7.0,0.0,9.0,6.0,16.0,6.0,2.0,2.0,0.0,42.0,2.0,2.0,310.0,16.0,50.0,124.0,169.0,25.0,51.0,9.0,28.0,55.0,5.0,25.0,50.0,26.0,43.0,6.0,9.0,7.0,13.0,13.0,6.0,44.0,23.0,0.0,2.0,-2.217,1.0,0.0,1.0,7.0,1.0,0.0,
13981831,2025-09-27,18:15:00,Cracovia,Górnik Zabrze,True,1,1,64.0,0.93,2.0,13.0,1.0,6.0,4.0,597.0,7.0,10.0,1.0,3.0,0.0,4.0,6.0,7.0,6.0,1.0,1.0,,21.0,3.0,1.0,529.0,17.0,52.0,104.0,142.0,20.0,35.0,5.0,21.0,42.0,2.0,20.0,46.0,8.0,20.0,4.0,15.0,5.0,7.0,7.0,9.0,37.0,14.0,0.0,1.0,-0.7597,,0.0,,8.0,,,
13981831,2025-09-27,18:15:00,Górnik Zabrze,Cracovia,False,1,1,36.0,1.95,3.0,11.0,2.0,7.0,10.0,331.0,13.0,4.0,3.0,2.0,1.0,5.0,4.0,11.0,0.0,1.0,2.0,,20.0,0.0,0.0,279.0,18.0,40.0,51.0,68.0,29.0,50.0,5.0,18.0,58.0,5.0,26.0,46.0,12.0,20.0,9.0,11.0,9.0,13.0,13.0,10.0,38.0,29.0,2.0,2.0,-0.0605,,2.0,,9.0,,,
13981832,2025-09-28,10:15:00,Widzew Łódź,Raków Częstochowa,True,0,1,38.0,0.57,1.0,6.0,3.0,3.0,11.0,353.0,17.0,17.0,3.0,1.0,0.0,2.0,3.0,3.0,3.0,0.0,1.0,,11.0,1.0,3.0,281.0,6.0,39.0,43.0,72.0,16.0,48.0,0.0,5.0,54.0,6.0,40.0,78.0,12.0,19.0,6.0,11.0,9.0,17.0,17.0,4.0,49.0,28.0,2.0,3.0,0.038,1.0,2.0,,11.0,,,
13981832,2025-09-28,10:15:00,Raków Częstochowa,Widzew Łódź,False,1,0,62.0,1.23,1.0,20.0,1.0,3.0,17.0,553.0,11.0,11.0,4.0,6.0,0.0,9.0,5.0,12.0,8.0,1.0,0.0,,32.0,1.0,0.0,493.0,15.0,57.0,143.0,177.0,25.0,47.0,8.0,23.0,46.0,4.0,38.0,78.0,7.0,19.0,17.0,30.0,4.0,11.0,11.0,10.0,48.0,15.0,0.0,1.0,0.0214,0.0,0.0,,7.0,,,
13981830,2025-09-28,12:45:00,Lech Poznań,Jagiellonia Białystok,True,2,2,53.0,1.66,1.0,13.0,1.0,5.0,10.0,406.0,17.0,12.0,1.0,6.0,0.0,2.0,5.0,9.0,4.0,1.0,,,29.0,3.0,0.0,331.0,13.0,52.0,79.0,119.0,34.0,52.0,6.0,21.0,50.0,13.0,39.0,75.0,15.0,33.0,10.0,16.0,9.0,17.0,17.0,6.0,44.0,30.0,,1.0,-1.1543,0.0,1.0,1.0,14.0,,,
13981830,2025-09-28,12:45:00,Jagiellonia Białystok,Lech Poznań,False,2,2,47.0,0.86,0.0,15.0,4.0,10.0,13.0,366.0,19.0,10.0,4.0,3.0,1.0,5.0,7.0,11.0,4.0,0.0,,,28.0,0.0,1.0,290.0,9.0,39.0,81.0,114.0,10.0,40.0,5.0,19.0,50.0,10.0,36.0,75.0,18.0,33.0,8.0,15.0,12.0,19.0,19.0,11.0,54.0,21.0,,4.0,0.0299,1.0,2.0,1.0,7.0,,,
13981826,2025-09-28,15:30:00,Legia Warszawa,Pogoń Szczecin,True,1,0,55.0,1.87,4.0,14.0,1.0,6.0,18.0,434.0,5.0,14.0,2.0,6.0,0.0,6.0,2.0,11.0,3.0,1.0,3.0,,29.0,4.0,3.0,334.0,12.0,65.0,110.0,165.0,30.0,69.0,6.0,20.0,50.0,5.0,24.0,60.0,30.0,47.0,5.0,11.0,3.0,5.0,5.0,5.0,47.0,25.0,1.0,1.0,0.031,0.0,1.0,,6.0,,,
13981826,2025-09-28,15:30:00,Pogoń Szczecin,Legia Warszawa,False,0,1,45.0,0.46,2.0,6.0,6.0,1.0,15.0,359.0,11.0,18.0,3.0,1.0,1.0,5.0,0.0,3.0,3.0,0.0,2.0,,9.0,2.0,2.0,261.0,19.0,44.0,29.0,61.0,27.0,67.0,1.0,7.0,50.0,1.0,36.0,60.0,17.0,47.0,8.0,12.0,4.0,11.0,11.0,10.0,45.0,31.0,1.0,6.0,0.5186,2.0,0.0,,9.0,,,
13981827,2025-09-29,16:00:00,Zagłębie Lubin,MZKS Arka Gdynia,True,4,0,40.0,1.22,1.0,10.0,2.0,2.0,15.0,313.0,14.0,16.0,0.0,7.0,0.0,2.0,1.0,8.0,2.0,1.0,0.0,1.0,14.0,1.0,0.0,238.0,12.0,34.0,31.0,60.0,28.0,56.0,6.0,11.0,53.0,9.0,29.0,61.0,26.0,42.0,1.0,6.0,6.0,14.0,14.0,6.0,46.0,33.0,0.0,2.0,0.0327,,1.0,1.0,7.0,,,
13981827,2025-09-29,16:00:00,MZKS Arka Gdynia,Zagłębie Lubin,False,0,4,60.0,0.62,1.0,11.0,3.0,2.0,16.0,489.0,14.0,15.0,3.0,3.0,0.0,2.0,6.0,7.0,4.0,0.0,1.0,0.0,20.0,2.0,2.0,410.0,19.0,49.0,101.0,147.0,15.0,39.0,1.0,13.0,47.0,11.0,32.0,61.0,16.0,42.0,5.0,8.0,10.0,14.0,14.0,12.0,43.0,15.0,1.0,3.0,-1.3665,,0.0,0.0,5.0,,,
13981828,2025-09-29,18:30:00,Motor Lublin,Radomiak Radom,True,2,2,55.0,0.85,0.0,12.0,4.0,5.0,10.0,397.0,18.0,14.0,1.0,4.0,0.0,4.0,4.0,8.0,4.0,0.0,0.0,0.0,26.0,2.0,2.0,325.0,17.0,45.0,107.0,145.0,7.0,19.0,4.0,25.0,53.0,10.0,34.0,69.0,16.0,26.0,3.0,7.0,13.0,18.0,18.0,5.0,41.0,26.0,2.0,4.0,-0.2569,1.0,1.0,2.0,10.0,,,
13981828,2025-09-29,18:30:00,Radomiak Radom,Motor Lublin,False,2,2,45.0,1.86,3.0,20.0,2.0,3.0,14.0,340.0,14.0,10.0,3.0,5.0,0.0,11.0,4.0,14.0,6.0,1.0,2.0,1.0,25.0,2.0,0.0,275.0,15.0,48.0,91.0,119.0,23.0,44.0,6.0,16.0,47.0,11.0,35.0,69.0,10.0,26.0,11.0,18.0,9.0,14.0,14.0,3.0,43.0,28.0,0.0,2.0,0.1441,1.0,0.0,3.0,9.0,,,
13981835,2025-10-03,16:00:00,KS Lechia Gdańsk,Wisła Płock,True,1,1,56.0,0.89,1.0,12.0,0.0,3.0,7.0,451.0,7.0,11.0,1.0,5.0,0.0,4.0,3.0,6.0,6.0,0.0,1.0,,15.0,2.0,2.0,383.0,23.0,58.0,48.0,86.0,18.0,43.0,4.0,17.0,49.0,7.0,22.0,48.0,18.0,33.0,4.0,10.0,4.0,7.0,7.0,10.0,49.0,28.0,0.0,0.0,-0.8457,0.0,1.0,1.0,5.0,,,
13981835,2025-10-03,16:00:00,Wisła Płock,KS Lechia Gdańsk,False,1,1,44.0,0.54,1.0,9.0,4.0,4.0,11.0,342.0,13.0,7.0,3.0,1.0,1.0,5.0,3.0,5.0,4.0,1.0,0.0,,14.0,1.0,0.0,269.0,17.0,48.0,67.0,96.0,22.0,56.0,1.0,23.0,51.0,4.0,26.0,48.0,15.0,33.0,6.0,9.0,11.0,13.0,13.0,5.0,53.0,35.0,1.0,4.0,0.8627,1.0,1.0,0.0,3.0,,,
13981844,2025-10-03,18:30:00,Pogoń Szczecin,Piast Gliwice,True,2,1,48.0,3.92,8.0,28.0,1.0,6.0,11.0,396.0,8.0,15.0,2.0,10.0,3.0,9.0,9.0,19.0,9.0,2.0,6.0,,44.0,4.0,2.0,331.0,17.0,44.0,73.0,105.0,23.0,41.0,6.0,22.0,51.0,5.0,22.0,45.0,13.0,23.0,1.0,4.0,5.0,8.0,8.0,3.0,38.0,17.0,0.0,1.0,-0.0786,0.0,1.0,0.0,5.0,,,
13981844,2025-10-03,18:30:00,Piast Gliwice,Pogoń Szczecin,False,1,2,52.0,1.3,1.0,8.0,7.0,1.0,16.0,455.0,8.0,11.0,1.0,2.0,0.0,3.0,3.0,4.0,4.0,1.0,0.0,,12.0,1.0,1.0,398.0,13.0,41.0,64.0,91.0,21.0,38.0,3.0,14.0,49.0,5.0,23.0,45.0,10.0,23.0,4.0,7.0,4.0,8.0,8.0,9.0,35.0,30.0,4.0,7.0,0.7566,2.0,0.0,2.0,11.0,,,
13981836,2025-10-04,12:45:00,Bruk-Bet Termalica Nieciecza,Widzew Łódź,True,2,4,53.0,0.87,2.0,9.0,6.0,3.0,15.0,378.0,13.0,16.0,1.0,4.0,0.0,2.0,3.0,6.0,3.0,0.0,2.0,,15.0,1.0,0.0,291.0,27.0,53.0,75.0,126.0,36.0,72.0,5.0,11.0,50.0,5.0,33.0,71.0,13.0,21.0,4.0,9.0,7.0,13.0,13.0,5.0,40.0,24.0,2.0,6.0,-0.9389,0.0,1.0,,4.0,0.0,,
13981836,2025-10-04,12:45:00,Widzew Łódź,Bruk-Bet Termalica Nieciecza,False,4,2,47.0,1.48,4.0,14.0,2.0,4.0,16.0,334.0,10.0,15.0,2.0,10.0,0.0,2.0,2.0,9.0,5.0,2.0,2.0,,19.0,2.0,1.0,262.0,13.0,48.0,65.0,98.0,29.0,62.0,1.0,17.0,50.0,4.0,38.0,71.0,8.0,21.0,13.0,22.0,6.0,10.0,10.0,9.0,43.0,38.0,0.0,2.0,-0.9817,1.0,0.0,,7.0,1.0,,
13981838,2025-10-04,15:30:00,Radomiak Radom,Zagłębie Lubin,True,3,1,50.0,1.83,3.0,17.0,6.0,5.0,11.0,324.0,16.0,13.0,1.0,5.0,0.0,9.0,3.0,13.0,4.0,1.0,2.0,,30.0,2.0,1.0,244.0,14.0,48.0,89.0,121.0,15.0,44.0,8.0,22.0,45.0,6.0,32.0,68.0,21.0,51.0,3.0,11.0,11.0,16.0,16.0,3.0,42.0,50.0,,6.0,-0.2308,,1.0,1.0,12.0,1.0,,
13981838,2025-10-04,15:30:00,Zagłębie Lubin,Radomiak Radom,False,1,3,50.0,1.28,2.0,18.0,3.0,6.0,13.0,335.0,14.0,11.0,3.0,7.0,0.0,8.0,3.0,9.0,9.0,1.0,1.0,,20.0,4.0,4.0,251.0,24.0,53.0,58.0,99.0,28.0,53.0,3.0,18.0,55.0,5.0,36.0,68.0,30.0,51.0,11.0,22.0,8.0,14.0,14.0,8.0,44.0,31.0,,3.0,-1.4387,,0.0,1.0,8.0,0.0,,
13981834,2025-10-04,18:15:00,MZKS Arka Gdynia,Cracovia,True,2,1,37.0,1.11,2.0,8.0,0.0,4.0,20.0,298.0,13.0,17.0,0.0,3.0,1.0,3.0,2.0,4.0,4.0,1.0,1.0,,7.0,4.0,2.0,216.0,13.0,44.0,42.0,75.0,18.0,60.0,4.0,13.0,52.0,5.0,35.0,68.0,14.0,27.0,5.0,9.0,9.0,13.0,13.0,6.0,37.0,35.0,1.0,0.0,-0.7099,,1.0,,8.0,,,
13981834,2025-10-04,18:15:00,Cracovia,MZKS Arka Gdynia,False,1,2,63.0,0.88,1.0,13.0,1.0,6.0,17.0,503.0,9.0,20.0,2.0,1.0,0.0,7.0,5.0,12.0,1.0,1.0,0.0,,22.0,4.0,2.0,418.0,13.0,45.0,84.0,122.0,18.0,51.0,3.0,26.0,48.0,7.0,33.0,68.0,13.0,27.0,6.0,12.0,5.0,9.0,9.0,5.0,43.0,20.0,0.0,1.0,-1.3359,,0.0,,5.0,,,
13981841,2025-10-05,10:15:00,Jagiellonia Białystok,MKS Korona Kielce,True,3,1,69.0,1.92,3.0,18.0,2.0,7.0,9.0,627.0,16.0,10.0,1.0,7.0,3.0,7.0,4.0,11.0,7.0,1.0,2.0,,26.0,2.0,1.0,547.0,18.0,48.0,137.0,177.0,10.0,24.0,5.0,20.0,55.0,10.0,34.0,64.0,13.0,22.0,8.0,13.0,10.0,16.0,16.0,11.0,52.0,17.0,1.0,2.0,-0.433,0.0,2.0,1.0,5.0,,,
13981841,2025-10-05,10:15:00,MKS Korona Kielce,Jagiellonia Białystok,False,1,3,31.0,0.92,2.0,14.0,4.0,7.0,10.0,273.0,15.0,9.0,1.0,3.0,0.0,6.0,5.0,11.0,3.0,1.0,1.0,,21.0,2.0,4.0,206.0,15.0,36.0,36.0,64.0,16.0,37.0,7.0,15.0,45.0,4.0,30.0,64.0,9.0,22.0,8.0,20.0,4.0,15.0,15.0,14.0,51.0,29.0,0.0,4.0,-0.6802,1.0,1.0,0.0,5.0,,,
13981839,2025-10-05,12:45:00,Raków Częstochowa,Motor Lublin,True,2,0,54.0,3.01,6.0,22.0,2.0,4.0,12.0,503.0,15.0,14.0,1.0,8.0,1.0,10.0,4.0,15.0,7.0,1.0,5.0,3.0,33.0,3.0,2.0,431.0,16.0,73.0,140.0,179.0,30.0,52.0,5.0,16.0,50.0,8.0,39.0,78.0,13.0,25.0,10.0,25.0,6.0,15.0,15.0,11.0,58.0,19.0,0.0,2.0,0.8425,0.0,2.0,,6.0,,1.0,
13981839,2025-10-05,12:45:00,Motor Lublin,Raków Częstochowa,False,0,2,46.0,0.47,0.0,5.0,6.0,5.0,15.0,421.0,23.0,12.0,3.0,2.0,0.0,3.0,0.0,4.0,1.0,0.0,0.0,0.0,17.0,1.0,2.0,347.0,11.0,37.0,63.0,93.0,18.0,33.0,2.0,19.0,50.0,9.0,39.0,78.0,12.0,25.0,6.0,12.0,11.0,23.0,23.0,11.0,60.0,18.0,2.0,6.0,0.3107,4.0,4.0,,8.0,,0.0,
13981843,2025-10-05,15:30:00,GKS Katowice,Lech Poznań,True,0,1,43.0,1.12,1.0,14.0,1.0,6.0,15.0,379.0,16.0,17.0,1.0,5.0,1.0,6.0,3.0,8.0,6.0,,1.0,,21.0,4.0,4.0,309.0,10.0,64.0,62.0,108.0,22.0,47.0,8.0,23.0,49.0,6.0,35.0,69.0,13.0,29.0,4.0,13.0,9.0,16.0,16.0,12.0,45.0,20.0,,1.0,-0.0247,,,0.0,8.0,,,
13981843,2025-10-05,15:30:00,Lech Poznań,GKS Katowice,False,1,0,57.0,1.13,2.0,11.0,4.0,2.0,17.0,521.0,15.0,15.0,3.0,3.0,0.0,4.0,4.0,7.0,4.0,,2.0,,17.0,1.0,0.0,434.0,15.0,41.0,88.0,116.0,27.0,52.0,2.0,11.0,51.0,7.0,34.0,69.0,16.0,29.0,5.0,14.0,11.0,15.0,15.0,5.0,43.0,30.0,,4.0,1.0903,,,1.0,10.0,,,
13981837,2025-10-05,18:15:00,Górnik Zabrze,Legia Warszawa,True,3,1,39.0,1.05,3.0,9.0,1.0,0.0,10.0,328.0,20.0,10.0,1.0,6.0,1.0,3.0,0.0,6.0,3.0,3.0,0.0,,10.0,1.0,2.0,266.0,15.0,30.0,54.0,72.0,26.0,52.0,2.0,6.0,47.0,5.0,33.0,66.0,12.0,30.0,3.0,13.0,11.0,20.0,20.0,8.0,47.0,38.0,1.0,1.0,-0.8243,0.0,1.0,,7.0,,,
13981837,2025-10-05,18:15:00,Legia Warszawa,Górnik Zabrze,False,1,3,61.0,1.28,1.0,16.0,3.0,6.0,10.0,490.0,15.0,10.0,1.0,3.0,1.0,6.0,7.0,9.0,7.0,0.0,1.0,,31.0,3.0,0.0,416.0,26.0,63.0,112.0,156.0,26.0,44.0,6.0,30.0,53.0,14.0,33.0,66.0,18.0,30.0,8.0,14.0,7.0,15.0,15.0,13.0,41.0,14.0,0.0,3.0,-0.2029,1.0,0.0,,4.0,,,
13981842,2025-10-17,16:00:00,Motor Lublin,GKS Katowice,True,2,5,51.0,1.6,2.0,18.0,0.0,10.0,10.0,387.0,13.0,14.0,2.0,6.0,0.0,1.0,11.0,12.0,6.0,2.0,0.0,0.0,29.0,3.0,0.0,314.0,15.0,49.0,78.0,110.0,14.0,40.0,7.0,38.0,40.0,13.0,28.0,68.0,13.0,35.0,2.0,10.0,9.0,13.0,13.0,9.0,46.0,23.0,,0.0,-1.9186,,1.0,0.0,7.0,,1.0,
13981842,2025-10-17,16:00:00,GKS Katowice,Motor Lublin,False,5,2,49.0,2.41,5.0,15.0,2.0,2.0,14.0,400.0,21.0,10.0,3.0,4.0,0.0,4.0,7.0,9.0,6.0,4.0,1.0,4.0,32.0,1.0,2.0,326.0,16.0,50.0,99.0,135.0,22.0,51.0,2.0,9.0,60.0,6.0,40.0,68.0,22.0,35.0,10.0,17.0,9.0,21.0,21.0,12.0,53.0,47.0,,2.0,-0.4994,,0.0,2.0,3.0,,0.0,
13981853,2025-10-17,18:30:00,Widzew Łódź,Radomiak Radom,True,3,2,48.0,2.54,6.0,18.0,4.0,2.0,13.0,326.0,13.0,15.0,1.0,6.0,0.0,6.0,6.0,14.0,4.0,2.0,4.0,1.0,29.0,6.0,1.0,254.0,11.0,33.0,39.0,68.0,22.0,53.0,4.0,10.0,47.0,3.0,33.0,67.0,18.0,41.0,6.0,16.0,6.0,13.0,13.0,9.0,44.0,28.0,1.0,4.0,0.1947,,4.0,,9.0,0.0,,
13981853,2025-10-17,18:30:00,Radomiak Radom,Widzew Łódź,False,2,3,52.0,2.05,2.0,19.0,3.0,4.0,15.0,347.0,13.0,13.0,2.0,6.0,0.0,6.0,7.0,12.0,7.0,2.0,0.0,0.0,26.0,1.0,4.0,281.0,23.0,52.0,68.0,110.0,23.0,42.0,5.0,22.0,53.0,8.0,34.0,67.0,23.0,41.0,8.0,13.0,7.0,13.0,13.0,5.0,41.0,20.0,0.0,3.0,0.1455,,0.0,,6.0,1.0,,
13981845,2025-10-18,12:45:00,MKS Korona Kielce,Górnik Zabrze,True,1,1,43.0,2.25,3.0,12.0,2.0,9.0,7.0,345.0,21.0,10.0,2.0,4.0,1.0,5.0,3.0,9.0,3.0,1.0,2.0,,28.0,5.0,3.0,272.0,16.0,50.0,68.0,104.0,20.0,51.0,6.0,31.0,48.0,6.0,39.0,69.0,2.0,17.0,6.0,15.0,17.0,21.0,21.0,10.0,50.0,26.0,,2.0,-0.212,0.0,0.0,0.0,9.0,,,0.0
13981845,2025-10-18,12:45:00,Górnik Zabrze,MKS Korona Kielce,False,1,1,57.0,0.84,1.0,16.0,3.0,7.0,12.0,476.0,15.0,7.0,0.0,3.0,0.0,7.0,6.0,11.0,5.0,1.0,0.0,,26.0,2.0,1.0,402.0,16.0,63.0,140.0,171.0,32.0,55.0,6.0,25.0,52.0,9.0,30.0,69.0,15.0,17.0,8.0,20.0,7.0,15.0,15.0,8.0,56.0,37.0,,3.0,0.8919,1.0,2.0,2.0,4.0,,,1.0
13981850,2025-10-18,15:30:00,Jagiellonia Białystok,MZKS Arka Gdynia,True,4,0,55.0,2.79,6.0,19.0,1.0,3.0,8.0,469.0,14.0,10.0,1.0,8.0,0.0,10.0,1.0,13.0,6.0,3.0,3.0,1.0,26.0,4.0,2.0,394.0,19.0,40.0,93.0,117.0,16.0,33.0,4.0,13.0,54.0,8.0,32.0,58.0,11.0,22.0,8.0,15.0,8.0,14.0,14.0,8.0,43.0,29.0,1.0,1.0,0.2855,0.0,1.0,1.0,7.0,0.0,,
13981850,2025-10-18,15:30:00,MZKS Arka Gdynia,Jagiellonia Białystok,False,0,4,45.0,0.7,2.0,8.0,4.0,5.0,10.0,366.0,15.0,8.0,1.0,1.0,0.0,4.0,3.0,5.0,3.0,0.0,2.0,0.0,24.0,1.0,1.0,302.0,10.0,37.0,57.0,84.0,23.0,47.0,8.0,30.0,46.0,10.0,26.0,58.0,11.0,22.0,3.0,7.0,6.0,15.0,15.0,13.0,36.0,17.0,1.0,4.0,-0.2564,1.0,0.0,1.0,10.0,2.0,,
13981847,2025-10-18,18:15:00,Cracovia,Raków Częstochowa,True,2,0,42.0,1.71,1.0,17.0,1.0,5.0,16.0,355.0,30.0,13.0,3.0,4.0,0.0,6.0,7.0,9.0,8.0,1.0,,,23.0,2.0,2.0,252.0,14.0,70.0,71.0,129.0,17.0,63.0,4.0,18.0,56.0,5.0,49.0,86.0,17.0,31.0,7.0,13.0,19.0,30.0,30.0,9.0,53.0,26.0,0.0,1.0,0.0256,,1.0,1.0,4.0,,,
13981847,2025-10-18,18:15:00,Raków Częstochowa,Cracovia,False,0,2,58.0,0.11,0.0,3.0,2.0,2.0,13.0,507.0,11.0,16.0,4.0,1.0,0.0,2.0,0.0,2.0,1.0,0.0,,,14.0,0.0,2.0,404.0,21.0,40.0,56.0,92.0,30.0,77.0,3.0,13.0,44.0,14.0,37.0,86.0,14.0,31.0,11.0,27.0,4.0,11.0,11.0,6.0,51.0,31.0,2.0,2.0,-0.0273,,0.0,1.0,6.0,,,
14715700,2025-10-19,10:15:00,Piast Gliwice,KS Lechia Gdańsk,True,1,2,62.0,1.31,0.0,16.0,1.0,9.0,9.0,529.0,18.0,4.0,2.0,3.0,0.0,8.0,5.0,11.0,5.0,0.0,0.0,1.0,22.0,1.0,2.0,448.0,19.0,62.0,123.0,159.0,19.0,41.0,5.0,28.0,51.0,9.0,29.0,57.0,11.0,22.0,8.0,16.0,13.0,18.0,18.0,11.0,59.0,39.0,0.0,1.0,-1.1645,,2.0,2.0,4.0,,,
14715700,2025-10-19,10:15:00,KS Lechia Gdańsk,Piast Gliwice,False,2,1,38.0,1.06,2.0,9.0,2.0,6.0,4.0,317.0,17.0,9.0,3.0,3.0,0.0,3.0,3.0,6.0,3.0,1.0,1.0,3.0,19.0,2.0,0.0,237.0,16.0,48.0,54.0,97.0,14.0,43.0,5.0,19.0,49.0,8.0,28.0,57.0,11.0,22.0,3.0,13.0,9.0,17.0,17.0,11.0,51.0,33.0,1.0,2.0,0.0747,,4.0,0.0,7.0,,,
13981849,2025-10-19,12:45:00,Lech Poznań,Pogoń Szczecin,True,2,2,66.0,2.61,3.0,26.0,4.0,9.0,6.0,503.0,10.0,12.0,1.0,12.0,1.0,8.0,6.0,17.0,9.0,2.0,1.0,1.0,37.0,2.0,6.0,425.0,17.0,68.0,139.0,179.0,32.0,47.0,4.0,35.0,54.0,9.0,28.0,48.0,10.0,22.0,7.0,9.0,6.0,10.0,10.0,5.0,48.0,15.0,2.0,4.0,-0.5881,2.0,0.0,0.0,6.0,,,
13981849,2025-10-19,12:45:00,Pogoń Szczecin,Lech Poznań,False,2,2,34.0,1.74,3.0,16.0,10.0,4.0,12.0,261.0,11.0,6.0,0.0,6.0,0.0,8.0,2.0,11.0,5.0,1.0,2.0,0.0,25.0,0.0,5.0,198.0,10.0,53.0,68.0,104.0,28.0,60.0,6.0,13.0,46.0,8.0,20.0,48.0,12.0,22.0,4.0,6.0,5.0,11.0,11.0,11.0,42.0,48.0,0.0,10.0,1.7445,1.0,1.0,1.0,11.0,,,
13981846,2025-10-19,15:30:00,Zagłębie Lubin,Legia Warszawa,True,3,1,35.0,2.54,5.0,16.0,2.0,3.0,17.0,306.0,14.0,12.0,2.0,5.0,0.0,6.0,5.0,12.0,4.0,2.0,3.0,,21.0,2.0,3.0,231.0,10.0,44.0,53.0,92.0,27.0,51.0,6.0,17.0,59.0,3.0,28.0,58.0,26.0,34.0,3.0,8.0,7.0,14.0,14.0,14.0,53.0,36.0,,2.0,-0.4914,,0.0,,4.0,,0.0,
13981846,2025-10-19,15:30:00,Legia Warszawa,Zagłębie Lubin,False,1,3,65.0,0.97,2.0,12.0,1.0,4.0,13.0,582.0,8.0,17.0,1.0,2.0,0.0,4.0,6.0,6.0,6.0,0.0,2.0,,28.0,6.0,1.0,504.0,20.0,74.0,138.0,179.0,26.0,54.0,7.0,25.0,41.0,7.0,30.0,58.0,8.0,34.0,6.0,13.0,6.0,8.0,8.0,3.0,46.0,24.0,,1.0,-1.0385,,1.0,,6.0,,1.0,
13981840,2025-10-20,17:00:00,Wisła Płock,Bruk-Bet Termalica Nieciecza,True,3,1,55.0,1.75,3.0,20.0,2.0,6.0,6.0,491.0,14.0,9.0,0.0,7.0,0.0,8.0,5.0,15.0,5.0,2.0,1.0,1.0,36.0,1.0,1.0,432.0,11.0,54.0,143.0,167.0,37.0,58.0,8.0,32.0,58.0,6.0,28.0,49.0,21.0,35.0,5.0,8.0,9.0,14.0,14.0,8.0,47.0,41.0,,2.0,-0.8709,0.0,1.0,1.0,8.0,,,
13981840,2025-10-20,17:00:00,Bruk-Bet Termalica Nieciecza,Wisła Płock,False,1,3,45.0,0.91,2.0,14.0,4.0,5.0,9.0,395.0,9.0,6.0,1.0,2.0,0.0,6.0,6.0,8.0,6.0,0.0,2.0,0.0,25.0,2.0,2.0,328.0,18.0,46.0,93.0,129.0,20.0,50.0,6.0,29.0,42.0,7.0,21.0,49.0,14.0,35.0,6.0,13.0,5.0,9.0,9.0,5.0,40.0,26.0,,4.0,-0.1095,1.0,0.0,0.0,10.0,,,
13981854,2025-10-24,16:00:00,Bruk-Bet Termalica Nieciecza,Zagłębie Lubin,True,1,1,54.0,1.5,1.0,14.0,5.0,7.0,9.0,406.0,12.0,11.0,3.0,3.0,0.0,3.0,8.0,11.0,3.0,1.0,0.0,,25.0,4.0,1.0,332.0,20.0,56.0,83.0,122.0,32.0,65.0,7.0,26.0,44.0,7.0,24.0,49.0,15.0,39.0,3.0,9.0,4.0,12.0,12.0,6.0,38.0,23.0,,5.0,1.6338,2.0,0.0,0.0,6.0,,,
13981854,2025-10-24,16:00:00,Zagłębie Lubin,Bruk-Bet Termalica Nieciecza,False,1,1,46.0,1.0,3.0,13.0,2.0,5.0,12.0,340.0,13.0,9.0,1.0,6.0,0.0,3.0,4.0,10.0,3.0,1.0,2.0,,21.0,0.0,0.0,270.0,18.0,41.0,36.0,69.0,25.0,57.0,9.0,17.0,56.0,3.0,25.0,49.0,24.0,39.0,3.0,12.0,7.0,13.0,13.0,10.0,41.0,45.0,,2.0,0.3751,0.0,1.0,1.0,7.0,,,
13981857,2025-10-24,18:30:00,Motor Lublin,Widzew Łódź,True,3,0,46.0,2.4,5.0,16.0,4.0,5.0,8.0,347.0,29.0,12.0,1.0,5.0,0.0,5.0,6.0,13.0,3.0,3.0,2.0,1.0,26.0,1.0,6.0,288.0,12.0,35.0,62.0,88.0,12.0,31.0,5.0,15.0,58.0,5.0,45.0,79.0,8.0,12.0,5.0,18.0,19.0,29.0,29.0,11.0,59.0,23.0,1.0,4.0,0.2944,,,,7.0,,,
13981857,2025-10-24,18:30:00,Widzew Łódź,Motor Lublin,False,0,3,54.0,0.59,1.0,13.0,2.0,4.0,12.0,407.0,18.0,8.0,2.0,4.0,0.0,6.0,3.0,6.0,7.0,0.0,1.0,0.0,16.0,1.0,1.0,363.0,19.0,50.0,91.0,113.0,16.0,27.0,4.0,25.0,42.0,13.0,34.0,79.0,4.0,12.0,8.0,24.0,9.0,18.0,18.0,9.0,48.0,11.0,1.0,2.0,-1.2248,,,,9.0,,,
13981852,2025-10-25,12:45:00,MZKS Arka Gdynia,Piast Gliwice,True,2,1,37.0,0.77,1.0,7.0,2.0,4.0,17.0,277.0,13.0,13.0,2.0,3.0,0.0,2.0,2.0,4.0,3.0,1.0,,,14.0,1.0,1.0,182.0,12.0,40.0,34.0,70.0,16.0,59.0,3.0,8.0,47.0,8.0,29.0,58.0,22.0,50.0,3.0,8.0,8.0,13.0,13.0,7.0,52.0,41.0,0.0,2.0,0.0536,1.0,5.0,0.0,11.0,,,
13981852,2025-10-25,12:45:00,Piast Gliwice,MZKS Arka Gdynia,False,1,2,63.0,2.25,1.0,25.0,1.0,10.0,13.0,446.0,13.0,16.0,4.0,4.0,2.0,13.0,8.0,16.0,9.0,1.0,,,44.0,4.0,0.0,358.0,17.0,81.0,134.0,179.0,24.0,58.0,12.0,36.0,53.0,8.0,29.0,58.0,28.0,50.0,2.0,7.0,4.0,13.0,13.0,5.0,46.0,20.0,1.0,1.0,-1.01,0.0,0.0,1.0,3.0,,,
13981856,2025-10-25,15:30:00,Pogoń Szczecin,Cracovia,True,2,1,56.0,1.13,3.0,11.0,6.0,8.0,10.0,449.0,15.0,13.0,2.0,3.0,0.0,5.0,3.0,9.0,2.0,1.0,2.0,0.0,20.0,,2.0,347.0,22.0,64.0,49.0,100.0,29.0,75.0,5.0,24.0,46.0,6.0,31.0,66.0,20.0,45.0,4.0,11.0,10.0,15.0,15.0,5.0,39.0,38.0,1.0,6.0,0.4894,1.0,2.0,1.0,6.0,,,
13981856,2025-10-25,15:30:00,Cracovia,Pogoń Szczecin,False,1,2,44.0,2.27,3.0,17.0,1.0,3.0,13.0,354.0,13.0,10.0,4.0,7.0,0.0,5.0,5.0,12.0,5.0,1.0,2.0,2.0,33.0,,0.0,254.0,19.0,66.0,86.0,140.0,19.0,53.0,5.0,22.0,54.0,9.0,35.0,66.0,25.0,45.0,13.0,19.0,5.0,13.0,13.0,8.0,40.0,41.0,0.0,1.0,-1.1772,0.0,0.0,1.0,9.0,,,
13981858,2025-10-25,18:15:00,GKS Katowice,MKS Korona Kielce,True,1,0,40.0,1.11,2.0,14.0,1.0,3.0,16.0,276.0,19.0,8.0,4.0,4.0,1.0,5.0,5.0,9.0,5.0,,2.0,,17.0,1.0,2.0,189.0,20.0,31.0,48.0,79.0,19.0,53.0,4.0,12.0,51.0,7.0,33.0,70.0,21.0,35.0,6.0,11.0,11.0,19.0,19.0,7.0,48.0,55.0,1.0,1.0,0.0384,0.0,0.0,1.0,6.0,,,
13981858,2025-10-25,18:15:00,MKS Korona Kielce,GKS Katowice,False,0,1,60.0,1.73,2.0,14.0,3.0,3.0,8.0,407.0,12.0,16.0,3.0,3.0,2.0,4.0,7.0,10.0,4.0,,2.0,,33.0,2.0,1.0,318.0,26.0,56.0,77.0,123.0,30.0,65.0,3.0,18.0,49.0,14.0,37.0,70.0,14.0,35.0,10.0,15.0,5.0,12.0,12.0,4.0,47.0,20.0,0.0,3.0,0.1887,1.0,2.0,0.0,8.0,,,
13981860,2025-10-26,13:45:00,Raków Częstochowa,KS Lechia Gdańsk,True,2,1,43.0,1.17,2.0,10.0,4.0,4.0,3.0,312.0,16.0,17.0,1.0,4.0,0.0,4.0,2.0,4.0,6.0,1.0,1.0,0.0,16.0,2.0,4.0,246.0,14.0,33.0,59.0,80.0,27.0,53.0,4.0,18.0,60.0,8.0,42.0,69.0,23.0,39.0,10.0,25.0,11.0,16.0,16.0,9.0,46.0,42.0,,4.0,0.323,2.0,2.0,1.0,8.0,0.0,,
13981860,2025-10-26,13:45:00,KS Lechia Gdańsk,Raków Częstochowa,False,1,2,57.0,0.57,2.0,10.0,3.0,4.0,17.0,428.0,23.0,3.0,3.0,5.0,0.0,4.0,1.0,3.0,7.0,1.0,1.0,1.0,19.0,2.0,0.0,347.0,26.0,61.0,96.0,132.0,23.0,50.0,2.0,22.0,40.0,4.0,27.0,69.0,16.0,39.0,1.0,13.0,12.0,23.0,23.0,13.0,42.0,19.0,,3.0,-0.769,2.0,1.0,0.0,11.0,1.0,,
13981855,2025-10-26,16:30:00,Górnik Zabrze,Jagiellonia Białystok,True,2,1,41.0,2.86,2.0,22.0,2.0,5.0,8.0,413.0,15.0,6.0,0.0,6.0,0.0,9.0,7.0,14.0,8.0,0.0,2.0,1.0,35.0,1.0,1.0,364.0,17.0,40.0,96.0,121.0,27.0,42.0,4.0,16.0,55.0,8.0,38.0,69.0,4.0,7.0,17.0,27.0,7.0,15.0,15.0,8.0,61.0,22.0,,2.0,-0.1604,,1.0,1.0,5.0,,,
13981855,2025-10-26,16:30:00,Jagiellonia Białystok,Górnik Zabrze,False,1,2,59.0,1.09,3.0,15.0,5.0,4.0,6.0,596.0,18.0,8.0,1.0,3.0,0.0,5.0,7.0,9.0,6.0,1.0,2.0,0.0,26.0,0.0,1.0,530.0,12.0,51.0,99.0,136.0,16.0,33.0,2.0,12.0,45.0,10.0,31.0,69.0,3.0,7.0,5.0,10.0,12.0,18.0,18.0,7.0,54.0,25.0,,5.0,-0.3291,,0.0,0.0,11.0,,,
13981848,2025-10-26,19:15:00,Legia Warszawa,Lech Poznań,True,0,0,48.0,0.6,,14.0,3.0,8.0,16.0,409.0,19.0,13.0,1.0,4.0,0.0,7.0,3.0,7.0,7.0,,,,19.0,2.0,1.0,343.0,12.0,51.0,80.0,108.0,23.0,53.0,7.0,29.0,49.0,6.0,34.0,64.0,12.0,29.0,3.0,6.0,5.0,19.0,19.0,9.0,47.0,23.0,1.0,3.0,0.2078,,,0.0,8.0,,,
13981848,2025-10-26,19:15:00,Lech Poznań,Legia Warszawa,False,0,0,52.0,0.58,,12.0,4.0,5.0,13.0,452.0,9.0,16.0,2.0,2.0,0.0,5.0,5.0,9.0,3.0,,,,22.0,2.0,5.0,382.0,9.0,60.0,102.0,143.0,25.0,45.0,6.0,16.0,51.0,11.0,30.0,64.0,17.0,29.0,5.0,13.0,6.0,9.0,9.0,6.0,49.0,31.0,0.0,4.0,0.4536,,,1.0,7.0,,,
14912737,2025-10-27,18:00:00,Radomiak Radom,Wisła Płock,True,1,1,55.0,1.68,1.0,19.0,2.0,4.0,16.0,427.0,6.0,13.0,1.0,2.0,0.0,11.0,6.0,8.0,11.0,0.0,1.0,1.0,19.0,2.0,2.0,363.0,18.0,42.0,134.0,176.0,23.0,42.0,6.0,25.0,47.0,2.0,21.0,47.0,10.0,19.0,4.0,7.0,4.0,6.0,6.0,5.0,41.0,29.0,0.0,2.0,-0.0969,1.0,0.0,2.0,8.0,,,
14912737,2025-10-27,18:00:00,Wisła Płock,Radomiak Radom,False,1,1,45.0,1.07,1.0,8.0,1.0,5.0,13.0,344.0,5.0,15.0,1.0,3.0,1.0,2.0,3.0,4.0,4.0,1.0,0.0,0.0,12.0,3.0,1.0,278.0,14.0,47.0,61.0,87.0,23.0,53.0,3.0,29.0,53.0,3.0,26.0,47.0,9.0,19.0,6.0,9.0,2.0,5.0,5.0,4.0,40.0,34.0,2.0,1.0,0.0797,0.0,1.0,0.0,9.0,,,
13981864,2025-10-31,17:00:00,Bruk-Bet Termalica Nieciecza,GKS Katowice,True,0,3,66.0,1.65,5.0,18.0,4.0,7.0,13.0,507.0,8.0,18.0,1.0,7.0,0.0,6.0,5.0,12.0,6.0,0.0,5.0,0.0,27.0,2.0,1.0,425.0,17.0,64.0,123.0,160.0,30.0,57.0,7.0,37.0,53.0,10.0,31.0,66.0,28.0,45.0,6.0,13.0,5.0,8.0,8.0,13.0,45.0,13.0,0.0,4.0,-0.2442,1.0,0.0,0.0,4.0,,,
13981864,2025-10-31,17:00:00,GKS Katowice,Bruk-Bet Termalica Nieciecza,False,3,0,34.0,2.48,3.0,11.0,6.0,2.0,18.0,277.0,17.0,13.0,2.0,7.0,1.0,3.0,1.0,6.0,5.0,2.0,1.0,2.0,18.0,1.0,4.0,201.0,16.0,37.0,36.0,66.0,18.0,55.0,0.0,5.0,47.0,3.0,35.0,66.0,17.0,45.0,7.0,12.0,10.0,17.0,17.0,6.0,47.0,35.0,1.0,6.0,1.1124,3.0,1.0,2.0,8.0,,,
13981872,2025-10-31,19:30:00,Piast Gliwice,MKS Korona Kielce,True,0,0,49.0,0.59,,10.0,4.0,7.0,13.0,385.0,17.0,8.0,2.0,2.0,0.0,6.0,2.0,7.0,3.0,,,,26.0,3.0,0.0,289.0,29.0,52.0,63.0,102.0,23.0,59.0,5.0,26.0,50.0,7.0,30.0,60.0,20.0,41.0,7.0,14.0,11.0,17.0,17.0,13.0,50.0,29.0,1.0,4.0,0.7766,1.0,0.0,2.0,12.0,,1.0,
13981872,2025-10-31,19:30:00,MKS Korona Kielce,Piast Gliwice,False,0,0,51.0,1.23,,20.0,2.0,9.0,8.0,410.0,14.0,13.0,1.0,4.0,1.0,10.0,6.0,12.0,8.0,,,,26.0,1.0,1.0,320.0,20.0,58.0,83.0,122.0,27.0,54.0,5.0,21.0,50.0,10.0,30.0,60.0,21.0,41.0,5.0,12.0,7.0,14.0,14.0,8.0,61.0,52.0,0.0,2.0,0.1229,0.0,1.0,0.0,5.0,,0.0,
13981863,2025-11-02,11:15:00,Górnik Zabrze,MZKS Arka Gdynia,True,5,1,53.0,2.61,2.0,29.0,1.0,10.0,9.0,399.0,9.0,9.0,1.0,11.0,0.0,10.0,8.0,17.0,12.0,1.0,1.0,1.0,30.0,2.0,0.0,347.0,9.0,35.0,87.0,106.0,25.0,50.0,3.0,13.0,43.0,7.0,23.0,56.0,10.0,20.0,5.0,10.0,5.0,9.0,9.0,7.0,34.0,17.0,1.0,1.0,-0.6122,0.0,1.0,0.0,7.0,1.0,,0.0
13981863,2025-11-02,11:15:00,MZKS Arka Gdynia,Górnik Zabrze,False,1,5,47.0,0.76,1.0,8.0,6.0,2.0,10.0,355.0,12.0,9.0,3.0,2.0,0.0,5.0,1.0,4.0,4.0,1.0,0.0,0.0,8.0,4.0,1.0,298.0,11.0,33.0,46.0,71.0,10.0,28.0,2.0,11.0,57.0,7.0,33.0,56.0,10.0,20.0,12.0,14.0,4.0,12.0,12.0,4.0,27.0,17.0,1.0,6.0,-0.3969,2.0,0.0,1.0,8.0,0.0,,1.0
13981866,2025-11-02,13:45:00,Lech Poznań,Motor Lublin,True,2,2,59.0,1.17,0.0,19.0,1.0,6.0,10.0,563.0,13.0,15.0,2.0,4.0,0.0,8.0,7.0,9.0,10.0,0.0,,0.0,45.0,2.0,1.0,475.0,27.0,96.0,181.0,240.0,29.0,47.0,4.0,29.0,53.0,11.0,38.0,75.0,11.0,17.0,10.0,20.0,10.0,13.0,13.0,11.0,54.0,12.0,1.0,1.0,-1.3421,,0.0,1.0,8.0,,,
13981866,2025-11-02,13:45:00,Motor Lublin,Lech Poznań,False,2,2,41.0,0.89,1.0,8.0,1.0,2.0,15.0,383.0,21.0,10.0,1.0,2.0,0.0,5.0,1.0,7.0,1.0,1.0,,1.0,16.0,1.0,2.0,314.0,11.0,26.0,40.0,60.0,13.0,41.0,2.0,12.0,47.0,9.0,37.0,75.0,6.0,17.0,6.0,10.0,13.0,21.0,21.0,12.0,54.0,51.0,0.0,1.0,-0.6201,,4.0,1.0,15.0,,,
13981867,2025-11-02,16:30:00,Jagiellonia Białystok,Raków Częstochowa,True,1,2,67.0,2.03,3.0,26.0,3.0,5.0,19.0,502.0,15.0,17.0,5.0,6.0,1.0,10.0,10.0,17.0,9.0,1.0,2.0,,38.0,3.0,0.0,420.0,10.0,68.0,127.0,167.0,23.0,39.0,10.0,22.0,50.0,10.0,42.0,79.0,13.0,32.0,10.0,12.0,6.0,15.0,15.0,2.0,49.0,17.0,1.0,3.0,-0.1091,2.0,0.0,1.0,6.0,,,
13981867,2025-11-02,16:30:00,Raków Częstochowa,Jagiellonia Białystok,False,2,1,33.0,1.21,1.0,11.0,5.0,4.0,17.0,248.0,12.0,19.0,2.0,5.0,1.0,3.0,3.0,7.0,4.0,1.0,0.0,,30.0,3.0,1.0,178.0,3.0,47.0,58.0,100.0,27.0,60.0,5.0,10.0,50.0,9.0,37.0,79.0,19.0,32.0,6.0,12.0,8.0,12.0,12.0,14.0,47.0,28.0,0.0,5.0,0.6741,1.0,1.0,0.0,15.0,,,
13981869,2025-11-02,19:15:00,Widzew Łódź,Legia Warszawa,True,1,1,42.0,1.4,2.0,10.0,3.0,3.0,10.0,329.0,18.0,12.0,3.0,3.0,0.0,2.0,5.0,8.0,2.0,1.0,1.0,,21.0,1.0,3.0,274.0,21.0,32.0,47.0,78.0,15.0,45.0,0.0,9.0,50.0,13.0,37.0,74.0,11.0,22.0,7.0,12.0,10.0,18.0,18.0,7.0,39.0,40.0,1.0,3.0,0.0111,,2.0,0.0,9.0,,,
13981869,2025-11-02,19:15:00,Legia Warszawa,Widzew Łódź,False,1,1,58.0,1.74,3.0,20.0,2.0,8.0,13.0,442.0,18.0,10.0,3.0,3.0,0.0,6.0,11.0,11.0,9.0,0.0,3.0,,42.0,2.0,0.0,391.0,22.0,71.0,148.0,183.0,16.0,31.0,4.0,33.0,50.0,7.0,37.0,74.0,11.0,22.0,9.0,20.0,13.0,18.0,18.0,7.0,33.0,25.0,1.0,2.0,0.0468,,0.0,1.0,4.0,,,
13981862,2025-11-03,17:00:00,KS Lechia Gdańsk,Radomiak Radom,True,1,2,47.0,1.4,3.0,14.0,3.0,8.0,11.0,338.0,18.0,12.0,2.0,4.0,2.0,5.0,5.0,10.0,4.0,1.0,2.0,1.0,30.0,2.0,2.0,257.0,28.0,60.0,65.0,100.0,16.0,43.0,7.0,30.0,44.0,5.0,35.0,77.0,22.0,52.0,5.0,17.0,7.0,18.0,18.0,13.0,59.0,23.0,,3.0,-0.3904,0.0,1.0,0.0,1.0,,,
13981862,2025-11-03,17:00:00,Radomiak Radom,KS Lechia Gdańsk,False,2,1,53.0,1.37,2.0,11.0,3.0,4.0,12.0,404.0,17.0,11.0,4.0,5.0,0.0,2.0,4.0,7.0,4.0,1.0,1.0,0.0,19.0,2.0,1.0,321.0,26.0,42.0,56.0,91.0,23.0,50.0,3.0,12.0,56.0,9.0,42.0,77.0,30.0,52.0,14.0,23.0,10.0,17.0,17.0,9.0,47.0,50.0,,3.0,-0.1229,1.0,0.0,1.0,7.0,,,
13981861,2025-11-03,17:00:00,Wisła Płock,Pogoń Szczecin,True,2,0,32.0,1.27,1.0,15.0,9.0,6.0,5.0,280.0,10.0,7.0,1.0,5.0,0.0,6.0,4.0,9.0,6.0,,1.0,,19.0,1.0,0.0,197.0,13.0,50.0,56.0,96.0,22.0,64.0,6.0,22.0,55.0,8.0,20.0,38.0,15.0,26.0,4.0,6.0,5.0,10.0,10.0,10.0,52.0,41.0,2.0,9.0,0.7926,1.0,2.0,2.0,12.0,,,
13981861,2025-11-03,17:00:00,Pogoń Szczecin,Wisła Płock,False,0,2,68.0,1.56,2.0,22.0,2.0,8.0,7.0,628.0,10.0,5.0,1.0,9.0,2.0,8.0,5.0,10.0,12.0,,2.0,,39.0,0.0,1.0,554.0,20.0,66.0,157.0,208.0,26.0,38.0,7.0,38.0,45.0,3.0,18.0,38.0,11.0,26.0,3.0,10.0,7.0,10.0,10.0,6.0,53.0,23.0,1.0,2.0,-1.0782,1.0,0.0,1.0,8.0,,,
13981865,2025-11-03,19:30:00,Cracovia,Zagłębie Lubin,True,0,0,68.0,1.3,2.0,14.0,3.0,2.0,11.0,644.0,16.0,11.0,,3.0,0.0,8.0,3.0,8.0,6.0,,2.0,,24.0,3.0,3.0,544.0,23.0,82.0,129.0,181.0,21.0,49.0,7.0,30.0,53.0,13.0,36.0,80.0,29.0,42.0,9.0,18.0,10.0,16.0,16.0,10.0,62.0,28.0,,3.0,0.2326,0.0,0.0,,8.0,,,
13981865,2025-11-03,19:30:00,Zagłębie Lubin,Cracovia,False,0,0,32.0,0.22,0.0,8.0,3.0,0.0,11.0,299.0,22.0,11.0,,3.0,0.0,5.0,0.0,5.0,3.0,,0.0,,14.0,1.0,0.0,201.0,16.0,52.0,34.0,82.0,29.0,74.0,2.0,7.0,47.0,8.0,44.0,80.0,13.0,42.0,11.0,19.0,18.0,22.0,22.0,14.0,57.0,40.0,,3.0,1.6791,1.0,1.0,,14.0,,,
13981875,2025-11-07,17:00:00,Radomiak Radom,Cracovia,True,3,0,51.0,1.89,4.0,12.0,1.0,5.0,12.0,459.0,13.0,16.0,2.0,8.0,0.0,3.0,1.0,7.0,5.0,3.0,1.0,2.0,17.0,4.0,1.0,388.0,15.0,49.0,69.0,101.0,30.0,57.0,7.0,17.0,54.0,11.0,40.0,80.0,19.0,30.0,10.0,20.0,11.0,13.0,13.0,9.0,51.0,25.0,,1.0,0.5427,1.0,2.0,1.0,5.0,,,
13981875,2025-11-07,17:00:00,Cracovia,Radomiak Radom,False,0,3,49.0,0.52,1.0,5.0,5.0,3.0,17.0,437.0,21.0,12.0,3.0,2.0,0.0,2.0,1.0,3.0,2.0,0.0,1.0,1.0,12.0,1.0,2.0,357.0,17.0,54.0,78.0,118.0,20.0,44.0,3.0,16.0,46.0,6.0,40.0,80.0,11.0,30.0,7.0,14.0,11.0,21.0,21.0,7.0,49.0,23.0,,5.0,-0.5053,0.0,0.0,0.0,6.0,,,
13981874,2025-11-07,19:30:00,Zagłębie Lubin,Górnik Zabrze,True,2,0,30.0,1.1,3.0,6.0,2.0,1.0,12.0,221.0,26.0,12.0,5.0,3.0,0.0,3.0,0.0,5.0,1.0,1.0,2.0,1.0,18.0,1.0,1.0,142.0,14.0,39.0,40.0,72.0,23.0,54.0,1.0,10.0,51.0,8.0,41.0,80.0,19.0,38.0,3.0,12.0,17.0,26.0,26.0,19.0,56.0,34.0,1.0,2.0,0.3981,,3.0,4.0,9.0,0.0,,
13981874,2025-11-07,19:30:00,Górnik Zabrze,Zagłębie Lubin,False,0,2,70.0,0.95,1.0,15.0,1.0,12.0,12.0,505.0,17.0,12.0,1.0,2.0,1.0,6.0,7.0,5.0,10.0,0.0,1.0,0.0,37.0,3.0,1.0,420.0,20.0,55.0,127.0,168.0,26.0,50.0,7.0,37.0,49.0,14.0,39.0,80.0,19.0,38.0,10.0,22.0,7.0,17.0,17.0,6.0,54.0,15.0,0.0,1.0,-1.272,,0.0,1.0,5.0,1.0,,
13981870,2025-11-08,13:45:00,KS Lechia Gdańsk,Widzew Łódź,True,2,1,52.0,1.17,4.0,14.0,1.0,5.0,14.0,396.0,25.0,11.0,2.0,3.0,0.0,4.0,7.0,10.0,4.0,2.0,2.0,,42.0,2.0,2.0,331.0,14.0,51.0,104.0,135.0,17.0,36.0,9.0,21.0,54.0,6.0,39.0,76.0,19.0,31.0,5.0,15.0,13.0,25.0,25.0,5.0,43.0,22.0,0.0,1.0,-0.3396,,0.0,1.0,7.0,0.0,,
13981870,2025-11-08,13:45:00,Widzew Łódź,KS Lechia Gdańsk,False,1,2,48.0,1.45,2.0,9.0,1.0,3.0,11.0,382.0,16.0,14.0,4.0,3.0,0.0,5.0,1.0,6.0,3.0,1.0,1.0,,18.0,2.0,1.0,302.0,13.0,47.0,48.0,90.0,27.0,57.0,1.0,5.0,46.0,10.0,37.0,76.0,12.0,31.0,8.0,23.0,10.0,16.0,16.0,4.0,44.0,34.0,1.0,1.0,-1.2427,,1.0,2.0,11.0,1.0,,
13981871,2025-11-08,16:30:00,Motor Lublin,Wisła Płock,True,1,1,64.0,3.07,6.0,14.0,1.0,5.0,18.0,542.0,11.0,13.0,3.0,4.0,1.0,7.0,3.0,10.0,4.0,1.0,5.0,1.0,28.0,5.0,2.0,475.0,18.0,58.0,107.0,141.0,24.0,41.0,5.0,23.0,50.0,6.0,27.0,60.0,15.0,24.0,3.0,9.0,9.0,11.0,11.0,0.0,49.0,20.0,,1.0,-0.2216,,1.0,0.0,8.0,1.0,,0.0
13981871,2025-11-08,16:30:00,Wisła Płock,Motor Lublin,False,1,1,36.0,0.86,2.0,10.0,3.0,1.0,14.0,298.0,12.0,18.0,6.0,2.0,0.0,6.0,2.0,7.0,3.0,1.0,1.0,0.0,15.0,2.0,0.0,230.0,16.0,42.0,50.0,87.0,29.0,60.0,4.0,19.0,50.0,7.0,33.0,60.0,9.0,24.0,3.0,7.0,7.0,12.0,12.0,9.0,43.0,30.0,,3.0,0.8101,,0.0,1.0,8.0,0.0,,1.0
13981879,2025-11-08,19:15:00,GKS Katowice,Piast Gliwice,True,1,3,54.0,0.88,2.0,9.0,5.0,3.0,10.0,465.0,13.0,16.0,2.0,3.0,0.0,5.0,1.0,6.0,3.0,1.0,1.0,4.0,16.0,1.0,2.0,375.0,22.0,66.0,59.0,108.0,16.0,53.0,3.0,16.0,56.0,6.0,32.0,55.0,14.0,27.0,3.0,5.0,8.0,13.0,13.0,5.0,48.0,20.0,1.0,5.0,-1.3219,2.0,1.0,0.0,6.0,,,
13981879,2025-11-08,19:15:00,Piast Gliwice,GKS Katowice,False,3,1,46.0,1.58,1.0,17.0,2.0,3.0,16.0,400.0,8.0,10.0,2.0,6.0,0.0,4.0,7.0,11.0,6.0,1.0,0.0,0.0,29.0,2.0,0.0,308.0,29.0,52.0,68.0,104.0,30.0,68.0,8.0,15.0,44.0,5.0,23.0,55.0,13.0,27.0,7.0,15.0,7.0,8.0,8.0,9.0,44.0,41.0,0.0,2.0,-0.0237,0.0,0.0,1.0,5.0,,,
13981868,2025-11-09,13:45:00,Legia Warszawa,Bruk-Bet Termalica Nieciecza,True,1,2,70.0,0.95,2.0,23.0,4.0,11.0,13.0,618.0,19.0,17.0,1.0,7.0,0.0,10.0,6.0,13.0,10.0,0.0,2.0,,37.0,3.0,2.0,530.0,21.0,80.0,168.0,223.0,22.0,44.0,11.0,40.0,55.0,15.0,46.0,80.0,20.0,39.0,12.0,17.0,10.0,19.0,19.0,7.0,50.0,16.0,,4.0,-0.1216,0.0,0.0,,4.0,,,
13981868,2025-11-09,13:45:00,Bruk-Bet Termalica Nieciecza,Legia Warszawa,False,2,1,30.0,1.3,4.0,13.0,6.0,2.0,17.0,267.0,20.0,13.0,3.0,7.0,1.0,3.0,3.0,5.0,8.0,2.0,2.0,,9.0,1.0,3.0,190.0,12.0,37.0,35.0,62.0,20.0,53.0,1.0,11.0,45.0,10.0,34.0,80.0,19.0,39.0,4.0,13.0,12.0,20.0,20.0,8.0,50.0,57.0,,6.0,0.1817,2.0,2.0,,9.0,,,
13981877,2025-11-09,13:45:00,MKS Korona Kielce,Raków Częstochowa,True,1,4,49.0,1.23,2.0,12.0,1.0,5.0,15.0,421.0,14.0,9.0,4.0,2.0,0.0,7.0,3.0,10.0,2.0,1.0,1.0,1.0,23.0,1.0,2.0,321.0,17.0,71.0,87.0,144.0,25.0,54.0,4.0,21.0,49.0,11.0,33.0,73.0,22.0,39.0,10.0,20.0,11.0,14.0,14.0,12.0,55.0,11.0,1.0,1.0,-1.1786,,,,5.0,,,
13981877,2025-11-09,13:45:00,Raków Częstochowa,MKS Korona Kielce,False,4,1,51.0,3.09,6.0,7.0,1.0,0.0,9.0,451.0,21.0,14.0,2.0,5.0,0.0,2.0,0.0,7.0,0.0,4.0,2.0,3.0,13.0,2.0,0.0,361.0,14.0,36.0,40.0,69.0,14.0,53.0,1.0,5.0,51.0,5.0,40.0,73.0,17.0,39.0,5.0,14.0,13.0,21.0,21.0,5.0,53.0,39.0,0.0,1.0,-0.3856,,,,10.0,,,
13981876,2025-11-09,16:30:00,Pogoń Szczecin,Jagiellonia Białystok,True,1,2,39.0,3.69,5.0,33.0,3.0,10.0,9.0,312.0,12.0,9.0,2.0,9.0,2.0,11.0,13.0,25.0,8.0,0.0,5.0,1.0,69.0,1.0,0.0,220.0,26.0,50.0,75.0,126.0,19.0,43.0,10.0,26.0,49.0,4.0,27.0,51.0,14.0,33.0,6.0,13.0,9.0,12.0,12.0,13.0,39.0,23.0,,3.0,-0.3274,0.0,2.0,,5.0,,,
13981876,2025-11-09,16:30:00,Jagiellonia Białystok,Pogoń Szczecin,False,2,1,61.0,1.45,2.0,11.0,8.0,1.0,9.0,513.0,11.0,9.0,1.0,5.0,1.0,3.0,3.0,7.0,4.0,1.0,1.0,0.0,14.0,1.0,1.0,435.0,16.0,51.0,76.0,105.0,16.0,37.0,1.0,10.0,51.0,10.0,24.0,51.0,19.0,33.0,4.0,6.0,9.0,11.0,11.0,11.0,45.0,45.0,,8.0,2.7839,1.0,1.0,,8.0,,,
13981873,2025-11-09,19:15:00,MZKS Arka Gdynia,Lech Poznań,True,3,1,44.0,2.08,3.0,19.0,5.0,3.0,19.0,354.0,16.0,16.0,3.0,7.0,0.0,7.0,5.0,14.0,5.0,2.0,1.0,1.0,33.0,3.0,2.0,305.0,10.0,53.0,87.0,116.0,25.0,46.0,10.0,21.0,48.0,10.0,34.0,73.0,12.0,23.0,2.0,8.0,11.0,16.0,16.0,9.0,48.0,25.0,2.0,5.0,1.3872,0.0,1.0,,7.0,,0.0,
13981873,2025-11-09,19:15:00,Lech Poznań,MZKS Arka Gdynia,False,1,3,56.0,2.04,3.0,13.0,4.0,3.0,16.0,457.0,16.0,19.0,3.0,6.0,0.0,3.0,4.0,9.0,4.0,1.0,2.0,0.0,30.0,4.0,1.0,385.0,16.0,39.0,79.0,107.0,24.0,47.0,3.0,12.0,52.0,5.0,39.0,73.0,11.0,23.0,7.0,18.0,8.0,16.0,16.0,4.0,29.0,26.0,0.0,4.0,-0.4875,1.0,1.0,,8.0,,1.0,
13981878,2025-11-21,17:00:00,Bruk-Bet Termalica Nieciecza,MZKS Arka Gdynia,True,2,0,51.0,0.76,2.0,7.0,1.0,1.0,12.0,415.0,16.0,20.0,3.0,4.0,0.0,1.0,2.0,2.0,5.0,1.0,1.0,,16.0,3.0,0.0,320.0,15.0,47.0,57.0,98.0,16.0,52.0,5.0,11.0,51.0,3.0,40.0,72.0,15.0,36.0,6.0,17.0,8.0,16.0,16.0,7.0,41.0,27.0,,1.0,0.3873,,2.0,1.0,10.0,,0.0,
13981878,2025-11-21,17:00:00,MZKS Arka Gdynia,Bruk-Bet Termalica Nieciecza,False,0,2,49.0,0.82,0.0,11.0,2.0,2.0,20.0,397.0,14.0,12.0,4.0,2.0,0.0,5.0,4.0,9.0,2.0,0.0,0.0,,25.0,1.0,4.0,316.0,18.0,49.0,59.0,90.0,16.0,54.0,6.0,16.0,49.0,6.0,32.0,72.0,21.0,36.0,6.0,16.0,8.0,14.0,14.0,6.0,44.0,20.0,,2.0,-0.3724,,0.0,0.0,6.0,,1.0,
13981881,2025-11-21,19:30:00,Górnik Zabrze,Wisła Płock,True,1,1,59.0,1.51,2.0,17.0,0.0,4.0,12.0,492.0,14.0,10.0,1.0,3.0,1.0,9.0,5.0,8.0,9.0,1.0,1.0,0.0,24.0,1.0,2.0,425.0,26.0,52.0,146.0,178.0,29.0,45.0,7.0,33.0,54.0,8.0,31.0,60.0,14.0,24.0,8.0,16.0,10.0,14.0,14.0,8.0,52.0,20.0,0.0,0.0,-0.0553,,0.0,,5.0,,,
13981881,2025-11-21,19:30:00,Wisła Płock,Górnik Zabrze,False,1,1,41.0,0.94,2.0,7.0,2.0,1.0,10.0,353.0,16.0,12.0,3.0,1.0,0.0,2.0,4.0,5.0,2.0,1.0,1.0,1.0,17.0,1.0,0.0,281.0,20.0,42.0,63.0,99.0,21.0,45.0,2.0,12.0,46.0,6.0,29.0,60.0,10.0,24.0,4.0,12.0,10.0,16.0,16.0,12.0,46.0,34.0,1.0,2.0,0.1232,,1.0,,8.0,,,
13981883,2025-11-22,13:45:00,Cracovia,Motor Lublin,True,1,2,57.0,0.43,0.0,8.0,3.0,4.0,16.0,538.0,14.0,15.0,3.0,2.0,0.0,4.0,2.0,3.0,5.0,0.0,,,13.0,5.0,2.0,454.0,27.0,60.0,129.0,170.0,28.0,47.0,2.0,19.0,53.0,9.0,33.0,68.0,17.0,27.0,5.0,10.0,9.0,14.0,14.0,12.0,55.0,31.0,,3.0,-0.5713,1.0,,4.0,2.0,,,
13981883,2025-11-22,13:45:00,Motor Lublin,Cracovia,False,2,1,43.0,0.32,1.0,6.0,1.0,7.0,15.0,396.0,14.0,16.0,1.0,5.0,0.0,0.0,1.0,4.0,2.0,1.0,,,17.0,2.0,1.0,311.0,23.0,44.0,58.0,91.0,24.0,50.0,3.0,18.0,47.0,7.0,35.0,68.0,10.0,27.0,6.0,13.0,6.0,14.0,14.0,8.0,52.0,30.0,,1.0,-0.7284,0.0,,0.0,7.0,,,
13981889,2025-11-22,16:30:00,Raków Częstochowa,Piast Gliwice,True,1,3,58.0,1.04,4.0,12.0,2.0,3.0,5.0,515.0,10.0,11.0,0.0,3.0,0.0,5.0,4.0,7.0,5.0,1.0,3.0,,20.0,2.0,1.0,413.0,12.0,63.0,81.0,135.0,21.0,49.0,3.0,15.0,51.0,7.0,31.0,54.0,16.0,39.0,10.0,21.0,6.0,10.0,10.0,5.0,62.0,23.0,1.0,2.0,-0.3368,1.0,1.0,,9.0,1.0,,
13981889,2025-11-22,16:30:00,Piast Gliwice,Raków Częstochowa,False,3,1,42.0,2.05,2.0,13.0,2.0,2.0,11.0,369.0,18.0,4.0,2.0,5.0,0.0,5.0,3.0,7.0,6.0,2.0,0.0,,20.0,1.0,1.0,277.0,17.0,45.0,79.0,113.0,23.0,67.0,2.0,14.0,49.0,6.0,23.0,54.0,23.0,39.0,2.0,6.0,12.0,18.0,18.0,19.0,68.0,25.0,2.0,2.0,-0.1526,0.0,1.0,,9.0,1.0,,
13981880,2025-11-22,19:15:00,Legia Warszawa,KS Lechia Gdańsk,True,2,2,53.0,0.82,1.0,13.0,3.0,6.0,12.0,464.0,19.0,2.0,4.0,3.0,0.0,4.0,6.0,5.0,8.0,1.0,0.0,,21.0,0.0,0.0,362.0,25.0,55.0,108.0,157.0,22.0,50.0,6.0,22.0,41.0,10.0,29.0,73.0,14.0,31.0,9.0,23.0,13.0,19.0,19.0,10.0,62.0,23.0,,3.0,0.0556,0.0,1.0,1.0,5.0,0.0,,
13981880,2025-11-22,19:15:00,KS Lechia Gdańsk,Legia Warszawa,False,2,2,47.0,1.89,3.0,17.0,1.0,2.0,2.0,413.0,24.0,12.0,0.0,5.0,2.0,5.0,7.0,13.0,4.0,1.0,2.0,,26.0,2.0,1.0,313.0,21.0,43.0,74.0,106.0,24.0,55.0,4.0,16.0,59.0,11.0,44.0,73.0,17.0,31.0,8.0,16.0,10.0,24.0,24.0,12.0,62.0,30.0,,1.0,-1.2139,1.0,0.0,1.0,8.0,1.0,,
13981885,2025-11-23,13:45:00,Lech Poznań,Radomiak Radom,True,4,1,53.0,3.11,6.0,14.0,4.0,5.0,8.0,497.0,12.0,13.0,0.0,5.0,0.0,6.0,3.0,10.0,4.0,4.0,2.0,3.0,24.0,1.0,2.0,422.0,15.0,55.0,73.0,101.0,27.0,50.0,4.0,16.0,46.0,10.0,27.0,58.0,8.0,18.0,2.0,8.0,5.0,12.0,12.0,5.0,43.0,16.0,,4.0,0.6658,1.0,1.0,0.0,9.0,,,
13981885,2025-11-23,13:45:00,Radomiak Radom,Lech Poznań,False,1,4,47.0,1.85,3.0,23.0,1.0,5.0,14.0,440.0,16.0,8.0,2.0,5.0,1.0,7.0,11.0,12.0,11.0,1.0,2.0,2.0,31.0,0.0,0.0,384.0,10.0,33.0,91.0,113.0,23.0,47.0,5.0,15.0,54.0,7.0,31.0,58.0,10.0,18.0,7.0,12.0,11.0,16.0,16.0,10.0,49.0,22.0,,1.0,-1.2027,0.0,0.0,1.0,6.0,,,
13981886,2025-11-23,16:30:00,Widzew Łódź,MKS Korona Kielce,True,1,3,56.0,1.45,2.0,23.0,1.0,5.0,9.0,390.0,8.0,9.0,6.0,5.0,2.0,9.0,9.0,12.0,11.0,1.0,1.0,0.0,23.0,4.0,1.0,314.0,14.0,53.0,74.0,103.0,13.0,43.0,4.0,18.0,51.0,4.0,32.0,60.0,7.0,16.0,15.0,23.0,5.0,8.0,8.0,10.0,54.0,23.0,1.0,1.0,-1.2074,0.0,,,7.0,,1.0,
13981886,2025-11-23,16:30:00,MKS Korona Kielce,Widzew Łódź,False,3,1,44.0,2.2,3.0,13.0,4.0,4.0,9.0,297.0,12.0,9.0,4.0,5.0,0.0,5.0,3.0,10.0,3.0,2.0,1.0,2.0,21.0,2.0,2.0,227.0,19.0,45.0,54.0,83.0,34.0,60.0,4.0,17.0,49.0,3.0,28.0,60.0,9.0,16.0,7.0,12.0,3.0,12.0,12.0,7.0,50.0,25.0,2.0,4.0,0.5118,1.0,,,11.0,,0.0,
13981882,2025-11-24,18:00:00,Pogoń Szczecin,Zagłębie Lubin,True,5,1,51.0,2.41,5.0,14.0,4.0,4.0,13.0,361.0,11.0,8.0,2.0,6.0,1.0,4.0,4.0,10.0,4.0,3.0,2.0,,21.0,2.0,0.0,271.0,29.0,45.0,59.0,93.0,22.0,54.0,4.0,10.0,53.0,7.0,31.0,58.0,19.0,37.0,11.0,14.0,5.0,11.0,11.0,4.0,41.0,43.0,1.0,4.0,0.4967,1.0,2.0,,5.0,0.0,,
13981882,2025-11-24,18:00:00,Zagłębie Lubin,Pogoń Szczecin,False,1,5,49.0,1.19,3.0,14.0,0.0,2.0,9.0,335.0,10.0,13.0,1.0,5.0,1.0,5.0,4.0,6.0,8.0,1.0,2.0,,19.0,2.0,2.0,235.0,24.0,57.0,50.0,98.0,22.0,55.0,3.0,20.0,47.0,6.0,27.0,58.0,18.0,37.0,5.0,10.0,4.0,10.0,10.0,7.0,40.0,16.0,0.0,0.0,-2.4917,0.0,0.0,,3.0,1.0,,
15645068,2026-03-17,18:00:00,Jagiellonia Białystok,GKS Katowice,True,2,1,51.0,1.51,2.0,18.0,3.0,5.0,15.0,452.0,19.0,16.0,5.0,5.0,1.0,8.0,5.0,11.0,7.0,1.0,1.0,,34.0,2.0,3.0,368.0,15.0,44.0,100.0,135.0,13.0,44.0,8.0,19.0,55.0,5.0,40.0,69.0,11.0,23.0,7.0,10.0,14.0,19.0,19.0,11.0,53.0,30.0,2.0,3.0,-0.6985,,,,3.0,,,
15645068,2026-03-17,18:00:00,GKS Katowice,Jagiellonia Białystok,False,1,2,49.0,0.81,0.0,13.0,2.0,1.0,16.0,424.0,8.0,15.0,2.0,4.0,0.0,3.0,6.0,10.0,3.0,0.0,0.0,,21.0,4.0,1.0,352.0,16.0,52.0,76.0,112.0,30.0,57.0,6.0,19.0,45.0,14.0,29.0,69.0,12.0,23.0,6.0,11.0,4.0,8.0,8.0,9.0,40.0,22.0,0.0,2.0,-0.2727,,,,8.0,,,
13981895,2025-11-28,17:00:00,Piast Gliwice,Widzew Łódź,True,0,2,68.0,1.18,1.0,25.0,2.0,10.0,8.0,581.0,13.0,11.0,1.0,3.0,0.0,12.0,10.0,13.0,12.0,0.0,1.0,0.0,45.0,2.0,3.0,479.0,18.0,70.0,148.0,210.0,24.0,48.0,6.0,36.0,55.0,7.0,31.0,59.0,24.0,41.0,7.0,13.0,8.0,13.0,13.0,7.0,51.0,15.0,,2.0,0.4971,1.0,0.0,0.0,6.0,,,
13981895,2025-11-28,17:00:00,Widzew Łódź,Piast Gliwice,False,2,0,32.0,2.61,4.0,10.0,3.0,4.0,11.0,273.0,13.0,7.0,3.0,4.0,0.0,4.0,2.0,7.0,3.0,2.0,2.0,1.0,14.0,2.0,1.0,188.0,17.0,44.0,37.0,66.0,27.0,76.0,5.0,10.0,45.0,9.0,28.0,59.0,17.0,41.0,7.0,11.0,8.0,13.0,13.0,8.0,50.0,60.0,,3.0,0.5623,1.0,3.0,2.0,13.0,,,
13981898,2025-11-28,19:30:00,Radomiak Radom,Górnik Zabrze,True,4,0,48.0,2.02,3.0,19.0,2.0,4.0,19.0,433.0,18.0,11.0,3.0,8.0,0.0,6.0,5.0,9.0,10.0,2.0,1.0,,21.0,4.0,1.0,376.0,12.0,26.0,59.0,78.0,13.0,25.0,4.0,15.0,48.0,5.0,36.0,75.0,5.0,10.0,7.0,13.0,10.0,18.0,18.0,8.0,45.0,28.0,3.0,2.0,0.0524,0.0,,1.0,5.0,,,
13981898,2025-11-28,19:30:00,Górnik Zabrze,Radomiak Radom,False,0,4,52.0,0.38,0.0,9.0,4.0,0.0,11.0,469.0,11.0,19.0,2.0,2.0,0.0,4.0,3.0,1.0,8.0,0.0,0.0,,13.0,3.0,2.0,409.0,11.0,54.0,113.0,144.0,24.0,43.0,2.0,10.0,52.0,7.0,39.0,75.0,5.0,10.0,10.0,21.0,4.0,11.0,11.0,7.0,40.0,19.0,0.0,4.0,-0.9294,1.0,,0.0,8.0,,,
13981893,2025-11-29,13:45:00,KS Lechia Gdańsk,Bruk-Bet Termalica Nieciecza,True,5,1,55.0,3.15,5.0,16.0,2.0,4.0,14.0,513.0,22.0,8.0,1.0,10.0,0.0,2.0,4.0,9.0,7.0,4.0,1.0,1.0,37.0,2.0,2.0,443.0,14.0,53.0,115.0,157.0,19.0,31.0,8.0,21.0,59.0,6.0,45.0,79.0,9.0,12.0,15.0,24.0,19.0,22.0,22.0,6.0,64.0,21.0,,2.0,0.4705,,1.0,,2.0,,,
13981893,2025-11-29,13:45:00,Bruk-Bet Termalica Nieciecza,KS Lechia Gdańsk,False,1,5,45.0,0.99,2.0,4.0,4.0,2.0,9.0,421.0,15.0,14.0,2.0,3.0,0.0,1.0,0.0,4.0,0.0,1.0,1.0,0.0,18.0,2.0,0.0,338.0,16.0,43.0,67.0,104.0,20.0,50.0,2.0,10.0,41.0,15.0,34.0,79.0,3.0,12.0,5.0,12.0,8.0,15.0,15.0,13.0,61.0,22.0,,4.0,-0.1818,,1.0,,5.0,,,
13981894,2025-11-29,16:30:00,MKS Korona Kielce,Cracovia,True,0,1,53.0,1.77,1.0,16.0,2.0,5.0,16.0,407.0,14.0,14.0,0.0,4.0,0.0,7.0,5.0,11.0,5.0,0.0,1.0,,36.0,4.0,2.0,312.0,20.0,63.0,83.0,124.0,24.0,68.0,8.0,21.0,49.0,3.0,35.0,74.0,27.0,53.0,10.0,21.0,9.0,14.0,14.0,7.0,48.0,28.0,,2.0,0.3055,1.0,1.0,,4.0,1.0,,0.0
13981894,2025-11-29,16:30:00,Cracovia,MKS Korona Kielce,False,1,0,47.0,1.06,1.0,11.0,4.0,4.0,15.0,373.0,14.0,16.0,3.0,3.0,0.0,5.0,3.0,7.0,4.0,1.0,0.0,,17.0,2.0,3.0,277.0,18.0,44.0,54.0,93.0,21.0,62.0,4.0,11.0,51.0,7.0,39.0,74.0,26.0,53.0,10.0,17.0,10.0,14.0,14.0,13.0,42.0,32.0,,4.0,1.2338,0.0,0.0,,7.0,0.0,,1.0
13981896,2025-11-29,19:15:00,GKS Katowice,Pogoń Szczecin,True,2,0,23.0,1.42,2.0,9.0,3.0,3.0,17.0,204.0,18.0,10.0,,5.0,0.0,4.0,0.0,6.0,3.0,2.0,0.0,0.0,13.0,0.0,1.0,129.0,19.0,31.0,20.0,45.0,8.0,41.0,3.0,8.0,54.0,7.0,34.0,65.0,15.0,25.0,6.0,9.0,8.0,18.0,18.0,10.0,45.0,54.0,,3.0,0.5293,1.0,1.0,3.0,7.0,,,
13981896,2025-11-29,19:15:00,Pogoń Szczecin,GKS Katowice,False,0,2,77.0,1.45,2.0,27.0,3.0,7.0,10.0,678.0,10.0,17.0,,3.0,1.0,10.0,14.0,12.0,15.0,0.0,2.0,1.0,50.0,6.0,0.0,573.0,28.0,93.0,182.0,235.0,24.0,58.0,5.0,30.0,46.0,8.0,31.0,65.0,10.0,25.0,6.0,16.0,7.0,10.0,10.0,4.0,51.0,7.0,,3.0,0.368,0.0,1.0,0.0,5.0,,,
13981888,2025-11-30,13:45:00,MZKS Arka Gdynia,Raków Częstochowa,True,1,4,37.0,0.67,1.0,6.0,2.0,3.0,12.0,297.0,13.0,15.0,1.0,2.0,0.0,0.0,4.0,1.0,5.0,0.0,1.0,,8.0,4.0,1.0,222.0,11.0,44.0,54.0,92.0,13.0,46.0,0.0,14.0,54.0,4.0,35.0,61.0,15.0,32.0,9.0,17.0,7.0,13.0,13.0,5.0,45.0,11.0,0.0,2.0,-1.8543,1.0,,,4.0,2.0,1.0,
13981888,2025-11-30,13:45:00,Raków Częstochowa,MZKS Arka Gdynia,False,4,1,63.0,1.7,2.0,17.0,1.0,4.0,15.0,504.0,12.0,12.0,3.0,6.0,1.0,5.0,6.0,9.0,8.0,1.0,1.0,,19.0,2.0,1.0,445.0,18.0,43.0,75.0,89.0,19.0,44.0,3.0,11.0,46.0,6.0,26.0,61.0,17.0,32.0,3.0,10.0,7.0,12.0,12.0,8.0,38.0,25.0,1.0,1.0,-0.4689,0.0,,,2.0,0.0,0.0,
13981892,2025-11-30,16:30:00,Zagłębie Lubin,Jagiellonia Białystok,True,0,0,27.0,1.16,1.0,9.0,4.0,2.0,17.0,224.0,11.0,18.0,2.0,4.0,0.0,4.0,1.0,5.0,4.0,,1.0,,16.0,1.0,3.0,135.0,17.0,30.0,22.0,47.0,17.0,56.0,2.0,15.0,46.0,13.0,32.0,74.0,16.0,30.0,4.0,13.0,6.0,11.0,11.0,14.0,45.0,39.0,,4.0,0.4773,2.0,1.0,,9.0,,,
13981892,2025-11-30,16:30:00,Jagiellonia Białystok,Zagłębie Lubin,False,0,0,73.0,0.84,1.0,19.0,4.0,6.0,18.0,632.0,22.0,17.0,3.0,4.0,0.0,7.0,8.0,8.0,11.0,,1.0,,27.0,5.0,4.0,537.0,13.0,67.0,163.0,213.0,15.0,40.0,3.0,21.0,54.0,5.0,42.0,74.0,14.0,30.0,3.0,9.0,12.0,22.0,22.0,6.0,52.0,21.0,,4.0,1.1102,0.0,1.0,,5.0,,,
13981891,2025-11-30,19:15:00,Wisła Płock,Lech Poznań,True,0,0,31.0,0.66,0.0,8.0,2.0,2.0,8.0,300.0,12.0,13.0,0.0,2.0,0.0,4.0,2.0,4.0,4.0,,0.0,0.0,8.0,0.0,2.0,234.0,10.0,34.0,31.0,52.0,20.0,53.0,3.0,11.0,53.0,5.0,30.0,50.0,7.0,20.0,5.0,9.0,7.0,12.0,12.0,13.0,56.0,43.0,3.0,2.0,0.1203,0.0,4.0,,11.0,,,
13981891,2025-11-30,19:15:00,Lech Poznań,Wisła Płock,False,0,0,69.0,1.78,3.0,25.0,2.0,15.0,13.0,654.0,9.0,8.0,1.0,2.0,0.0,10.0,13.0,14.0,11.0,,3.0,1.0,41.0,4.0,1.0,582.0,22.0,115.0,251.0,306.0,25.0,38.0,10.0,45.0,47.0,8.0,20.0,50.0,13.0,20.0,4.0,8.0,6.0,9.0,9.0,7.0,58.0,12.0,0.0,2.0,0.2783,1.0,0.0,,4.0,,,
13981890,2025-12-01,18:00:00,Motor Lublin,Legia Warszawa,True,1,1,49.0,0.85,1.0,4.0,2.0,5.0,9.0,418.0,26.0,21.0,0.0,1.0,1.0,0.0,3.0,3.0,1.0,1.0,0.0,1.0,12.0,1.0,2.0,342.0,13.0,30.0,47.0,84.0,17.0,40.0,1.0,16.0,54.0,11.0,54.0,93.0,8.0,21.0,8.0,16.0,17.0,26.0,26.0,13.0,47.0,21.0,0.0,2.0,0.2092,,3.0,1.0,8.0,,,
13981890,2025-12-01,18:00:00,Legia Warszawa,Motor Lublin,False,1,1,51.0,2.39,3.0,14.0,1.0,1.0,22.0,443.0,19.0,9.0,3.0,4.0,1.0,6.0,4.0,6.0,8.0,1.0,2.0,0.0,20.0,2.0,0.0,376.0,17.0,64.0,126.0,158.0,23.0,43.0,4.0,18.0,46.0,13.0,39.0,93.0,13.0,21.0,12.0,25.0,12.0,19.0,19.0,7.0,50.0,27.0,1.0,1.0,-0.0745,,0.0,0.0,4.0,,,
13981897,2025-12-05,19:30:00,KS Lechia Gdańsk,Górnik Zabrze,True,5,2,40.0,1.35,3.0,10.0,1.0,3.0,14.0,252.0,14.0,4.0,5.0,5.0,0.0,4.0,1.0,9.0,1.0,3.0,,1.0,24.0,0.0,2.0,180.0,25.0,43.0,42.0,81.0,12.0,39.0,0.0,7.0,46.0,5.0,20.0,51.0,16.0,27.0,2.0,10.0,10.0,14.0,14.0,9.0,38.0,19.0,,1.0,-0.0262,,,,10.0,1.0,,
13981897,2025-12-05,19:30:00,Górnik Zabrze,KS Lechia Gdańsk,False,2,5,60.0,1.77,2.0,15.0,0.0,6.0,4.0,369.0,13.0,13.0,1.0,3.0,0.0,6.0,6.0,12.0,3.0,2.0,,1.0,30.0,4.0,2.0,297.0,29.0,43.0,45.0,73.0,28.0,52.0,3.0,12.0,54.0,6.0,31.0,51.0,11.0,27.0,6.0,14.0,8.0,13.0,13.0,6.0,39.0,24.0,,0.0,-2.134,,,,3.0,2.0,,
13981900,2025-12-06,11:15:00,MZKS Arka Gdynia,Motor Lublin,True,1,0,40.0,2.27,5.0,17.0,2.0,6.0,13.0,278.0,11.0,18.0,2.0,7.0,0.0,6.0,4.0,15.0,2.0,1.0,4.0,0.0,31.0,2.0,2.0,217.0,16.0,48.0,74.0,92.0,16.0,46.0,6.0,35.0,51.0,8.0,31.0,60.0,16.0,32.0,3.0,8.0,8.0,11.0,11.0,8.0,46.0,28.0,1.0,2.0,0.7795,,2.0,1.0,8.0,,,
13981900,2025-12-06,11:15:00,Motor Lublin,MZKS Arka Gdynia,False,0,1,60.0,0.9,1.0,13.0,6.0,5.0,18.0,443.0,13.0,13.0,3.0,2.0,0.0,6.0,5.0,10.0,3.0,0.0,1.0,1.0,23.0,0.0,1.0,371.0,13.0,49.0,81.0,109.0,17.0,40.0,7.0,24.0,49.0,10.0,29.0,60.0,16.0,32.0,4.0,5.0,8.0,13.0,13.0,12.0,49.0,26.0,1.0,6.0,1.1729,,1.0,2.0,10.0,,,
13981904,2025-12-06,13:45:00,Pogoń Szczecin,Radomiak Radom,True,2,2,44.0,2.23,7.0,15.0,3.0,9.0,17.0,299.0,13.0,15.0,5.0,4.0,1.0,8.0,3.0,9.0,6.0,2.0,5.0,2.0,35.0,2.0,7.0,226.0,14.0,59.0,97.0,143.0,19.0,47.0,4.0,25.0,48.0,7.0,33.0,68.0,18.0,39.0,8.0,15.0,10.0,13.0,13.0,9.0,34.0,27.0,,3.0,-0.3523,1.0,1.0,3.0,6.0,,,
13981904,2025-12-06,13:45:00,Radomiak Radom,Pogoń Szczecin,False,2,2,56.0,0.77,2.0,10.0,2.0,7.0,15.0,403.0,14.0,17.0,2.0,5.0,0.0,4.0,1.0,3.0,7.0,1.0,1.0,1.0,11.0,1.0,2.0,328.0,12.0,36.0,61.0,89.0,13.0,41.0,2.0,18.0,52.0,10.0,35.0,68.0,21.0,39.0,4.0,7.0,9.0,14.0,14.0,7.0,34.0,30.0,,2.0,0.0181,2.0,1.0,0.0,8.0,,,
13981906,2025-12-06,16:30:00,Zagłębie Lubin,Widzew Łódź,True,2,1,50.0,0.87,0.0,15.0,5.0,4.0,6.0,381.0,18.0,17.0,2.0,6.0,1.0,6.0,3.0,11.0,4.0,0.0,0.0,0.0,30.0,1.0,1.0,282.0,9.0,71.0,56.0,113.0,31.0,65.0,11.0,26.0,59.0,4.0,36.0,66.0,34.0,52.0,3.0,14.0,7.0,18.0,18.0,16.0,45.0,20.0,1.0,5.0,0.5262,3.0,0.0,0.0,7.0,,,
13981906,2025-12-06,16:30:00,Widzew Łódź,Zagłębie Lubin,False,1,2,50.0,0.98,2.0,14.0,4.0,3.0,17.0,392.0,15.0,6.0,6.0,6.0,2.0,7.0,1.0,5.0,9.0,1.0,1.0,1.0,17.0,1.0,4.0,316.0,17.0,41.0,72.0,97.0,15.0,49.0,2.0,12.0,41.0,14.0,30.0,66.0,18.0,52.0,9.0,13.0,8.0,15.0,15.0,7.0,47.0,43.0,1.0,4.0,-0.6221,0.0,5.0,3.0,9.0,,,
13981903,2025-12-06,19:15:00,Piast Gliwice,Legia Warszawa,True,2,0,50.0,1.51,2.0,13.0,7.0,5.0,13.0,297.0,19.0,18.0,2.0,6.0,0.0,3.0,4.0,11.0,2.0,1.0,1.0,0.0,25.0,3.0,3.0,188.0,25.0,58.0,68.0,113.0,26.0,65.0,3.0,16.0,51.0,10.0,46.0,92.0,29.0,56.0,10.0,26.0,11.0,19.0,19.0,7.0,48.0,39.0,1.0,7.0,1.6842,0.0,0.0,1.0,6.0,,,
13981903,2025-12-06,19:15:00,Legia Warszawa,Piast Gliwice,False,0,2,50.0,1.6,2.0,14.0,3.0,2.0,19.0,314.0,26.0,13.0,4.0,7.0,0.0,4.0,3.0,7.0,7.0,0.0,2.0,3.0,18.0,1.0,1.0,192.0,28.0,65.0,50.0,105.0,17.0,73.0,0.0,9.0,49.0,9.0,46.0,92.0,27.0,56.0,9.0,19.0,17.0,26.0,26.0,6.0,45.0,31.0,0.0,3.0,0.3275,1.0,1.0,2.0,9.0,,,
13981902,2025-12-07,11:15:00,Bruk-Bet Termalica Nieciecza,Jagiellonia Białystok,True,2,1,27.0,0.76,2.0,6.0,6.0,2.0,18.0,239.0,18.0,10.0,1.0,1.0,0.0,3.0,2.0,5.0,1.0,1.0,1.0,,11.0,1.0,,168.0,6.0,43.0,38.0,69.0,17.0,46.0,5.0,14.0,53.0,7.0,33.0,69.0,17.0,26.0,5.0,11.0,13.0,18.0,18.0,7.0,52.0,43.0,,6.0,0.5119,1.0,,,8.0,,,
13981902,2025-12-07,11:15:00,Jagiellonia Białystok,Bruk-Bet Termalica Nieciecza,False,1,2,73.0,0.69,1.0,17.0,0.0,10.0,10.0,668.0,13.0,18.0,2.0,7.0,0.0,5.0,5.0,6.0,11.0,0.0,1.0,,28.0,2.0,,591.0,25.0,84.0,195.0,241.0,29.0,46.0,5.0,32.0,47.0,8.0,36.0,69.0,9.0,26.0,5.0,15.0,5.0,13.0,13.0,6.0,49.0,12.0,,0.0,-1.4287,0.0,,,4.0,,,
13981905,2025-12-07,13:45:00,Cracovia,Lech Poznań,True,2,2,62.0,2.06,5.0,16.0,4.0,7.0,20.0,520.0,8.0,9.0,3.0,7.0,1.0,4.0,5.0,11.0,5.0,1.0,4.0,,38.0,3.0,,454.0,15.0,67.0,172.0,213.0,28.0,44.0,8.0,42.0,45.0,4.0,20.0,51.0,15.0,26.0,3.0,6.0,7.0,8.0,8.0,5.0,46.0,16.0,0.0,4.0,-0.2326,,1.0,1.0,4.0,,0.0,
13981905,2025-12-07,13:45:00,Lech Poznań,Cracovia,False,2,2,38.0,1.33,2.0,9.0,4.0,5.0,9.0,329.0,7.0,19.0,4.0,6.0,0.0,1.0,2.0,5.0,4.0,1.0,1.0,,13.0,3.0,,256.0,14.0,29.0,47.0,72.0,18.0,46.0,3.0,10.0,55.0,5.0,31.0,51.0,11.0,26.0,6.0,9.0,6.0,7.0,7.0,1.0,33.0,43.0,1.0,4.0,-0.4657,,1.0,1.0,11.0,,1.0,
13981899,2025-12-07,16:30:00,Raków Częstochowa,GKS Katowice,True,1,0,48.0,1.46,2.0,19.0,0.0,5.0,9.0,355.0,13.0,11.0,2.0,3.0,1.0,8.0,8.0,14.0,5.0,1.0,1.0,1.0,36.0,2.0,0.0,263.0,13.0,47.0,70.0,117.0,21.0,60.0,8.0,19.0,53.0,8.0,29.0,52.0,10.0,21.0,6.0,10.0,8.0,13.0,13.0,11.0,52.0,27.0,,0.0,0.0,0.0,0.0,0.0,8.0,,,
13981899,2025-12-07,16:30:00,GKS Katowice,Raków Częstochowa,False,0,1,52.0,0.95,1.0,10.0,2.0,0.0,11.0,400.0,12.0,9.0,0.0,0.0,1.0,7.0,3.0,5.0,5.0,0.0,1.0,0.0,19.0,2.0,3.0,305.0,21.0,56.0,74.0,122.0,24.0,60.0,1.0,7.0,47.0,9.0,23.0,52.0,11.0,21.0,2.0,6.0,10.0,12.0,12.0,5.0,48.0,33.0,,2.0,-0.1808,1.0,1.0,1.0,14.0,,,
13981901,2025-12-08,18:00:00,MKS Korona Kielce,Wisła Płock,True,1,1,56.0,1.44,2.0,17.0,3.0,4.0,13.0,441.0,8.0,9.0,1.0,3.0,1.0,9.0,5.0,11.0,6.0,0.0,2.0,0.0,32.0,4.0,0.0,366.0,21.0,75.0,109.0,156.0,25.0,52.0,4.0,31.0,50.0,5.0,24.0,57.0,19.0,29.0,8.0,20.0,3.0,8.0,8.0,5.0,45.0,14.0,0.0,3.0,-0.0274,1.0,0.0,0.0,7.0,,,
13981901,2025-12-08,18:00:00,Wisła Płock,MKS Korona Kielce,False,1,1,44.0,0.42,1.0,9.0,2.0,4.0,9.0,360.0,17.0,13.0,1.0,4.0,0.0,3.0,2.0,3.0,6.0,1.0,0.0,1.0,12.0,1.0,2.0,280.0,16.0,36.0,33.0,62.0,17.0,57.0,5.0,12.0,50.0,6.0,33.0,57.0,10.0,29.0,4.0,6.0,10.0,17.0,17.0,7.0,46.0,40.0,1.0,2.0,-0.0886,1.0,1.0,1.0,12.0,,,
13981913,2026-01-30,17:00:00,Zagłębie Lubin,GKS Katowice,True,0,2,49.0,0.77,2.0,11.0,5.0,1.0,12.0,351.0,16.0,15.0,0.0,1.0,0.0,9.0,1.0,6.0,5.0,,2.0,,23.0,1.0,0.0,242.0,20.0,45.0,59.0,97.0,24.0,63.0,5.0,18.0,52.0,5.0,36.0,65.0,19.0,40.0,7.0,13.0,9.0,16.0,16.0,12.0,55.0,22.0,2.0,5.0,-1.0541,2.0,1.0,,5.0,,,
13981913,2026-01-30,17:00:00,GKS Katowice,Zagłębie Lubin,False,2,0,51.0,0.72,0.0,16.0,1.0,4.0,15.0,378.0,11.0,12.0,4.0,7.0,0.0,4.0,5.0,9.0,7.0,,0.0,,27.0,1.0,3.0,286.0,25.0,49.0,73.0,110.0,26.0,66.0,2.0,15.0,48.0,12.0,29.0,65.0,21.0,40.0,6.0,10.0,10.0,11.0,11.0,6.0,47.0,32.0,0.0,1.0,0.0214,0.0,0.0,,13.0,,,
13981910,2026-01-31,13:45:00,Górnik Zabrze,Piast Gliwice,True,2,1,48.0,1.79,2.0,18.0,0.0,3.0,9.0,377.0,9.0,20.0,1.0,8.0,0.0,5.0,5.0,14.0,4.0,1.0,1.0,,30.0,5.0,2.0,298.0,13.0,54.0,83.0,123.0,30.0,58.0,5.0,20.0,62.0,0.0,33.0,53.0,21.0,34.0,7.0,13.0,4.0,9.0,9.0,5.0,43.0,42.0,0.0,0.0,-0.8981,0.0,0.0,0.0,6.0,,,
13981910,2026-01-31,13:45:00,Piast Gliwice,Górnik Zabrze,False,1,2,52.0,0.98,2.0,9.0,6.0,2.0,20.0,406.0,6.0,9.0,0.0,1.0,1.0,5.0,3.0,4.0,5.0,1.0,1.0,,16.0,1.0,2.0,338.0,14.0,51.0,72.0,110.0,20.0,40.0,3.0,21.0,38.0,3.0,20.0,53.0,13.0,34.0,5.0,11.0,4.0,6.0,6.0,7.0,41.0,42.0,1.0,6.0,0.7241,1.0,2.0,1.0,5.0,,,
13981916,2026-01-31,16:30:00,Widzew Łódź,Jagiellonia Białystok,True,1,3,54.0,1.68,2.0,17.0,0.0,5.0,16.0,411.0,16.0,15.0,4.0,3.0,0.0,7.0,7.0,9.0,8.0,1.0,1.0,,27.0,2.0,0.0,305.0,20.0,64.0,85.0,134.0,25.0,53.0,1.0,20.0,50.0,18.0,44.0,89.0,15.0,28.0,12.0,17.0,8.0,16.0,16.0,10.0,48.0,19.0,0.0,0.0,-1.3262,,0.0,,3.0,1.0,,
13981916,2026-01-31,16:30:00,Jagiellonia Białystok,Widzew Łódź,False,3,1,46.0,1.23,2.0,5.0,2.0,2.0,16.0,354.0,23.0,15.0,3.0,3.0,0.0,2.0,0.0,4.0,1.0,1.0,1.0,,13.0,3.0,2.0,244.0,14.0,43.0,35.0,71.0,11.0,54.0,2.0,12.0,50.0,9.0,45.0,89.0,13.0,28.0,7.0,14.0,15.0,23.0,23.0,11.0,48.0,35.0,3.0,2.0,0.1197,,1.0,,7.0,0.0,,
13981914,2026-01-31,19:15:00,Lech Poznań,KS Lechia Gdańsk,True,1,3,72.0,2.65,4.0,28.0,6.0,7.0,14.0,679.0,11.0,14.0,1.0,5.0,0.0,4.0,19.0,21.0,7.0,1.0,3.0,2.0,68.0,1.0,0.0,587.0,19.0,61.0,172.0,211.0,24.0,44.0,12.0,36.0,45.0,5.0,37.0,75.0,5.0,18.0,12.0,23.0,7.0,11.0,11.0,2.0,51.0,12.0,2.0,6.0,-1.3005,3.0,0.0,,6.0,,,
13981914,2026-01-31,19:15:00,KS Lechia Gdańsk,Lech Poznań,False,3,1,28.0,1.07,2.0,12.0,4.0,3.0,14.0,262.0,16.0,14.0,2.0,8.0,1.0,3.0,1.0,6.0,6.0,0.0,2.0,0.0,16.0,3.0,2.0,186.0,7.0,39.0,51.0,84.0,21.0,48.0,1.0,11.0,55.0,6.0,38.0,75.0,13.0,18.0,8.0,13.0,7.0,16.0,16.0,13.0,64.0,38.0,0.0,4.0,1.0832,3.0,4.0,,6.0,,,
13981911,2026-02-01,11:15:00,Motor Lublin,Pogoń Szczecin,True,2,1,40.0,2.15,5.0,12.0,3.0,3.0,16.0,346.0,23.0,8.0,2.0,7.0,0.0,5.0,0.0,9.0,3.0,2.0,3.0,1.0,24.0,1.0,4.0,270.0,14.0,33.0,45.0,74.0,11.0,37.0,6.0,14.0,53.0,6.0,37.0,72.0,17.0,29.0,6.0,9.0,12.0,23.0,23.0,4.0,43.0,45.0,1.0,3.0,1.006,0.0,,,10.0,,,1.0
13981911,2026-02-01,11:15:00,Pogoń Szczecin,Motor Lublin,False,1,2,60.0,1.81,2.0,17.0,5.0,6.0,8.0,507.0,9.0,15.0,3.0,4.0,0.0,8.0,5.0,12.0,5.0,0.0,2.0,4.0,36.0,4.0,3.0,427.0,24.0,85.0,142.0,191.0,37.0,67.0,5.0,26.0,47.0,8.0,35.0,72.0,12.0,29.0,12.0,27.0,4.0,9.0,9.0,7.0,43.0,21.0,0.0,5.0,1.3294,1.0,,,9.0,,,0.0
13981907,2026-02-01,13:45:00,Wisła Płock,Raków Częstochowa,True,2,1,33.0,1.81,4.0,13.0,10.0,3.0,10.0,278.0,20.0,9.0,3.0,5.0,0.0,4.0,4.0,10.0,3.0,1.0,3.0,,23.0,1.0,2.0,197.0,17.0,28.0,46.0,71.0,19.0,60.0,2.0,12.0,36.0,9.0,30.0,72.0,9.0,35.0,3.0,8.0,9.0,20.0,20.0,9.0,47.0,38.0,,10.0,2.3157,0.0,,,5.0,0.0,,
13981907,2026-02-01,13:45:00,Raków Częstochowa,Wisła Płock,False,1,2,67.0,2.82,4.0,22.0,4.0,8.0,9.0,553.0,14.0,10.0,1.0,11.0,0.0,4.0,7.0,13.0,9.0,1.0,3.0,,41.0,3.0,3.0,489.0,24.0,92.0,161.0,195.0,23.0,38.0,10.0,34.0,64.0,10.0,42.0,72.0,26.0,35.0,18.0,28.0,9.0,14.0,14.0,8.0,45.0,18.0,,4.0,-0.3945,1.0,,,4.0,1.0,,
13981909,2026-02-01,16:30:00,Legia Warszawa,MKS Korona Kielce,True,1,2,64.0,2.3,3.0,17.0,1.0,5.0,12.0,516.0,19.0,7.0,,8.0,0.0,4.0,5.0,14.0,3.0,1.0,2.0,1.0,52.0,6.0,2.0,417.0,27.0,66.0,156.0,205.0,30.0,63.0,9.0,27.0,56.0,8.0,43.0,83.0,24.0,37.0,15.0,33.0,13.0,19.0,19.0,10.0,54.0,17.0,2.0,1.0,-0.5584,1.0,,,6.0,,,0.0
13981909,2026-02-01,16:30:00,MKS Korona Kielce,Legia Warszawa,False,2,1,36.0,1.74,5.0,15.0,7.0,3.0,9.0,296.0,26.0,12.0,,3.0,2.0,7.0,5.0,12.0,3.0,2.0,3.0,0.0,30.0,0.0,4.0,202.0,12.0,45.0,54.0,96.0,20.0,62.0,3.0,11.0,44.0,12.0,40.0,83.0,13.0,37.0,3.0,10.0,19.0,26.0,26.0,12.0,69.0,35.0,0.0,7.0,2.2636,0.0,,,9.0,,,1.0
13981908,2026-02-02,18:00:00,Bruk-Bet Termalica Nieciecza,Cracovia,True,0,1,39.0,0.73,1.0,11.0,3.0,4.0,17.0,336.0,18.0,12.0,,1.0,1.0,7.0,3.0,8.0,3.0,0.0,1.0,,18.0,2.0,0.0,238.0,19.0,49.0,46.0,89.0,17.0,46.0,5.0,15.0,49.0,8.0,33.0,75.0,20.0,33.0,5.0,14.0,13.0,18.0,18.0,10.0,48.0,36.0,1.0,3.0,0.3516,,,1.0,2.0,,,
13981908,2026-02-02,18:00:00,Cracovia,Bruk-Bet Termalica Nieciecza,False,1,0,61.0,1.76,3.0,15.0,1.0,7.0,12.0,534.0,17.0,17.0,,4.0,0.0,2.0,9.0,7.0,8.0,1.0,2.0,,19.0,4.0,4.0,445.0,20.0,55.0,87.0,130.0,27.0,67.0,7.0,23.0,51.0,7.0,42.0,75.0,13.0,33.0,10.0,21.0,10.0,17.0,17.0,12.0,46.0,31.0,0.0,1.0,0.0987,,,2.0,9.0,,,
15615380,2026-03-05,19:30:00,Radomiak Radom,MZKS Arka Gdynia,True,3,1,48.0,1.21,2.0,12.0,7.0,3.0,23.0,342.0,12.0,18.0,3.0,5.0,0.0,7.0,0.0,6.0,6.0,1.0,1.0,1.0,22.0,4.0,1.0,263.0,10.0,41.0,74.0,118.0,19.0,46.0,4.0,12.0,44.0,6.0,31.0,67.0,21.0,51.0,3.0,5.0,7.0,12.0,12.0,6.0,41.0,29.0,,7.0,1.6406,1.0,,2.0,5.0,,,
15615380,2026-03-05,19:30:00,MZKS Arka Gdynia,Radomiak Radom,False,1,3,52.0,1.27,3.0,14.0,2.0,7.0,18.0,365.0,8.0,23.0,3.0,8.0,0.0,3.0,3.0,12.0,2.0,1.0,2.0,0.0,28.0,3.0,3.0,276.0,14.0,35.0,67.0,109.0,18.0,50.0,5.0,18.0,56.0,5.0,36.0,67.0,30.0,51.0,6.0,13.0,5.0,8.0,8.0,9.0,38.0,17.0,,2.0,-1.8847,0.0,,0.0,6.0,,,
13981920,2026-02-06,17:00:00,MKS Korona Kielce,Zagłębie Lubin,True,1,2,61.0,2.25,2.0,20.0,2.0,4.0,12.0,428.0,10.0,16.0,1.0,5.0,0.0,5.0,10.0,15.0,5.0,1.0,1.0,,42.0,1.0,1.0,350.0,18.0,51.0,100.0,138.0,27.0,62.0,8.0,23.0,50.0,5.0,32.0,62.0,24.0,50.0,7.0,17.0,5.0,10.0,10.0,3.0,38.0,23.0,0.0,2.0,-0.7174,1.0,,1.0,10.0,0.0,,
13981920,2026-02-06,17:00:00,Zagłębie Lubin,MKS Korona Kielce,False,2,1,39.0,1.42,1.0,10.0,4.0,4.0,16.0,272.0,15.0,12.0,0.0,3.0,0.0,3.0,4.0,7.0,3.0,1.0,0.0,,27.0,3.0,1.0,192.0,25.0,40.0,44.0,79.0,22.0,53.0,5.0,13.0,50.0,5.0,30.0,62.0,26.0,50.0,3.0,8.0,8.0,15.0,15.0,7.0,39.0,32.0,1.0,4.0,0.9942,1.0,,2.0,7.0,1.0,,
13981917,2026-02-06,19:30:00,KS Lechia Gdańsk,Cracovia,True,1,1,61.0,1.17,1.0,19.0,4.0,10.0,18.0,413.0,12.0,13.0,1.0,6.0,0.0,5.0,8.0,10.0,9.0,0.0,1.0,,41.0,5.0,1.0,337.0,21.0,66.0,103.0,150.0,19.0,35.0,7.0,30.0,54.0,6.0,34.0,64.0,18.0,32.0,9.0,15.0,8.0,12.0,12.0,7.0,45.0,17.0,1.0,4.0,0.4921,0.0,0.0,1.0,5.0,,0.0,
13981917,2026-02-06,19:30:00,Cracovia,KS Lechia Gdańsk,False,1,1,39.0,1.69,3.0,9.0,5.0,5.0,13.0,264.0,12.0,17.0,4.0,5.0,0.0,2.0,2.0,7.0,2.0,1.0,2.0,,17.0,4.0,1.0,190.0,8.0,39.0,46.0,83.0,10.0,45.0,3.0,11.0,46.0,3.0,30.0,64.0,14.0,32.0,2.0,11.0,9.0,12.0,12.0,7.0,49.0,41.0,0.0,5.0,-0.3707,2.0,1.0,4.0,7.0,,1.0,
13981915,2026-02-07,13:45:00,MZKS Arka Gdynia,Legia Warszawa,True,2,2,44.0,0.93,1.0,3.0,5.0,3.0,11.0,350.0,16.0,15.0,1.0,2.0,0.0,1.0,0.0,3.0,1.0,1.0,0.0,0.0,10.0,1.0,2.0,255.0,17.0,41.0,32.0,66.0,21.0,58.0,2.0,12.0,57.0,7.0,37.0,72.0,23.0,33.0,6.0,9.0,12.0,16.0,16.0,6.0,50.0,29.0,1.0,5.0,0.4562,,,,7.0,0.0,,
13981915,2026-02-07,13:45:00,Legia Warszawa,MZKS Arka Gdynia,False,2,2,56.0,1.61,3.0,14.0,0.0,7.0,15.0,448.0,10.0,11.0,5.0,7.0,0.0,3.0,4.0,9.0,5.0,2.0,1.0,1.0,23.0,1.0,0.0,359.0,23.0,52.0,90.0,131.0,13.0,46.0,7.0,18.0,43.0,10.0,35.0,72.0,10.0,33.0,15.0,21.0,8.0,10.0,10.0,9.0,47.0,16.0,0.0,0.0,-0.4933,,,,5.0,1.0,,
13981926,2026-02-07,16:30:00,Jagiellonia Białystok,Motor Lublin,True,4,1,54.0,3.0,9.0,23.0,4.0,7.0,11.0,417.0,25.0,16.0,2.0,12.0,0.0,7.0,4.0,17.0,6.0,3.0,6.0,1.0,43.0,5.0,0.0,345.0,15.0,55.0,119.0,157.0,30.0,53.0,12.0,23.0,64.0,10.0,49.0,84.0,22.0,27.0,10.0,19.0,18.0,25.0,25.0,7.0,46.0,27.0,2.0,4.0,0.7897,2.0,,,4.0,,,
13981926,2026-02-07,16:30:00,Motor Lublin,Jagiellonia Białystok,False,1,4,46.0,1.79,3.0,13.0,7.0,7.0,16.0,354.0,19.0,11.0,1.0,5.0,1.0,2.0,6.0,11.0,2.0,1.0,2.0,0.0,22.0,2.0,2.0,274.0,22.0,39.0,60.0,95.0,25.0,53.0,2.0,15.0,36.0,13.0,35.0,84.0,5.0,27.0,5.0,17.0,9.0,19.0,19.0,12.0,48.0,23.0,1.0,7.0,-0.8695,1.0,,,5.0,,,
13981918,2026-02-07,19:15:00,Górnik Zabrze,Lech Poznań,True,0,1,52.0,1.27,2.0,17.0,2.0,7.0,12.0,427.0,19.0,21.0,1.0,4.0,0.0,6.0,7.0,12.0,5.0,0.0,2.0,0.0,29.0,3.0,1.0,368.0,16.0,43.0,100.0,125.0,30.0,52.0,10.0,36.0,58.0,3.0,43.0,76.0,14.0,23.0,4.0,9.0,10.0,19.0,19.0,13.0,44.0,9.0,,2.0,0.4831,2.0,0.0,0.0,7.0,,,
13981918,2026-02-07,19:15:00,Lech Poznań,Górnik Zabrze,False,1,0,48.0,1.47,2.0,13.0,4.0,3.0,21.0,421.0,8.0,12.0,3.0,4.0,0.0,4.0,5.0,7.0,6.0,1.0,1.0,1.0,18.0,1.0,0.0,345.0,15.0,45.0,69.0,103.0,17.0,43.0,4.0,7.0,42.0,10.0,33.0,76.0,9.0,23.0,14.0,23.0,3.0,8.0,8.0,7.0,50.0,36.0,,4.0,0.4299,1.0,1.0,1.0,7.0,,,
13981919,2026-02-08,11:15:00,Pogoń Szczecin,Bruk-Bet Termalica Nieciecza,True,1,1,57.0,1.28,2.0,17.0,7.0,7.0,11.0,434.0,15.0,13.0,3.0,6.0,1.0,6.0,5.0,9.0,8.0,0.0,2.0,2.0,24.0,3.0,2.0,330.0,10.0,51.0,90.0,140.0,16.0,53.0,6.0,27.0,54.0,8.0,32.0,60.0,22.0,40.0,6.0,13.0,10.0,15.0,15.0,15.0,59.0,31.0,2.0,7.0,0.6983,,,2.0,11.0,,,
13981919,2026-02-08,11:15:00,Bruk-Bet Termalica Nieciecza,Pogoń Szczecin,False,1,1,43.0,1.38,2.0,20.0,5.0,5.0,13.0,335.0,15.0,11.0,2.0,8.0,0.0,9.0,3.0,13.0,7.0,1.0,1.0,1.0,30.0,0.0,3.0,234.0,23.0,55.0,80.0,129.0,21.0,58.0,3.0,21.0,46.0,8.0,28.0,60.0,18.0,40.0,4.0,11.0,12.0,15.0,15.0,18.0,53.0,33.0,0.0,5.0,0.0879,,,1.0,5.0,,,
13981928,2026-02-08,13:45:00,Raków Częstochowa,Radomiak Radom,True,0,0,50.0,1.83,3.0,16.0,1.0,3.0,12.0,417.0,20.0,13.0,1.0,5.0,0.0,6.0,5.0,8.0,8.0,,3.0,1.0,29.0,2.0,1.0,334.0,19.0,54.0,108.0,149.0,30.0,62.0,3.0,18.0,56.0,7.0,44.0,77.0,21.0,39.0,13.0,22.0,15.0,20.0,20.0,14.0,43.0,26.0,2.0,1.0,0.4331,,,,10.0,,,
13981928,2026-02-08,13:45:00,Radomiak Radom,Raków Częstochowa,False,0,0,50.0,0.82,1.0,11.0,5.0,2.0,13.0,422.0,16.0,12.0,1.0,1.0,1.0,7.0,3.0,5.0,6.0,,1.0,1.0,16.0,4.0,1.0,328.0,18.0,56.0,107.0,151.0,17.0,55.0,3.0,9.0,44.0,8.0,33.0,77.0,18.0,39.0,5.0,17.0,11.0,16.0,16.0,7.0,43.0,33.0,1.0,5.0,0.652,,,,9.0,,,
13981921,2026-02-08,16:30:00,GKS Katowice,Widzew Łódź,True,1,0,29.0,0.56,1.0,8.0,1.0,3.0,17.0,223.0,26.0,11.0,4.0,4.0,0.0,4.0,0.0,5.0,3.0,1.0,0.0,,16.0,3.0,3.0,130.0,22.0,46.0,31.0,67.0,18.0,57.0,1.0,9.0,45.0,12.0,37.0,84.0,17.0,35.0,2.0,13.0,16.0,26.0,26.0,10.0,57.0,44.0,1.0,1.0,0.2507,,2.0,0.0,11.0,,,
13981921,2026-02-08,16:30:00,Widzew Łódź,GKS Katowice,False,0,1,71.0,0.37,1.0,9.0,3.0,7.0,11.0,544.0,23.0,17.0,1.0,1.0,0.0,6.0,2.0,5.0,4.0,0.0,1.0,,15.0,3.0,0.0,429.0,27.0,67.0,92.0,142.0,32.0,75.0,4.0,28.0,55.0,17.0,47.0,84.0,18.0,35.0,7.0,16.0,14.0,23.0,23.0,10.0,61.0,11.0,1.0,3.0,0.0491,,1.0,1.0,5.0,,,
13981922,2026-02-09,18:00:00,Piast Gliwice,Wisła Płock,True,1,0,59.0,1.08,2.0,16.0,2.0,7.0,7.0,544.0,14.0,8.0,2.0,3.0,0.0,8.0,5.0,10.0,6.0,,2.0,,31.0,2.0,0.0,467.0,21.0,77.0,176.0,221.0,20.0,41.0,6.0,29.0,54.0,5.0,33.0,61.0,20.0,38.0,13.0,19.0,8.0,14.0,14.0,7.0,45.0,27.0,,2.0,0.2079,,0.0,1.0,8.0,0.0,,
13981922,2026-02-09,18:00:00,Wisła Płock,Piast Gliwice,False,0,1,41.0,1.43,4.0,8.0,2.0,2.0,8.0,377.0,11.0,7.0,1.0,3.0,1.0,3.0,2.0,6.0,2.0,,4.0,,20.0,1.0,2.0,291.0,16.0,50.0,59.0,94.0,30.0,76.0,7.0,24.0,46.0,5.0,28.0,61.0,18.0,38.0,11.0,20.0,6.0,11.0,11.0,9.0,47.0,36.0,,2.0,-0.5207,,2.0,1.0,12.0,1.0,,
13981930,2026-02-13,17:00:00,Radomiak Radom,MKS Korona Kielce,True,0,2,73.0,1.74,2.0,24.0,0.0,12.0,10.0,532.0,19.0,19.0,2.0,6.0,1.0,8.0,10.0,17.0,7.0,0.0,2.0,,57.0,3.0,,438.0,22.0,68.0,168.0,232.0,16.0,41.0,7.0,31.0,57.0,10.0,58.0,94.0,19.0,40.0,20.0,31.0,13.0,19.0,19.0,10.0,52.0,26.0,,0.0,-0.6529,0.0,1.0,,3.0,2.0,1.0,
13981930,2026-02-13,17:00:00,MKS Korona Kielce,Radomiak Radom,False,2,0,27.0,0.35,2.0,4.0,6.0,1.0,19.0,199.0,21.0,10.0,4.0,2.0,0.0,1.0,1.0,2.0,2.0,2.0,0.0,,9.0,0.0,,110.0,17.0,48.0,33.0,79.0,24.0,67.0,0.0,9.0,43.0,7.0,36.0,94.0,21.0,40.0,6.0,18.0,12.0,21.0,21.0,10.0,49.0,64.0,,6.0,1.5291,2.0,1.0,,13.0,0.0,1.0,
13981935,2026-02-13,19:30:00,GKS Katowice,Legia Warszawa,True,1,1,45.0,1.88,4.0,13.0,3.0,6.0,15.0,335.0,11.0,11.0,2.0,2.0,0.0,5.0,6.0,9.0,4.0,1.0,3.0,,31.0,4.0,1.0,257.0,12.0,43.0,59.0,87.0,21.0,46.0,6.0,22.0,48.0,5.0,26.0,57.0,20.0,38.0,5.0,12.0,10.0,11.0,11.0,10.0,50.0,34.0,,3.0,-0.34,,,2.0,6.0,,,
13981935,2026-02-13,19:30:00,Legia Warszawa,GKS Katowice,False,1,1,55.0,0.69,3.0,11.0,1.0,7.0,11.0,409.0,12.0,15.0,3.0,4.0,0.0,5.0,2.0,7.0,4.0,1.0,2.0,,19.0,2.0,2.0,314.0,14.0,54.0,76.0,120.0,15.0,54.0,5.0,23.0,52.0,3.0,31.0,57.0,18.0,38.0,4.0,12.0,5.0,12.0,12.0,11.0,44.0,30.0,,1.0,0.4198,,,1.0,6.0,,,
13981933,2026-02-14,13:45:00,Cracovia,Jagiellonia Białystok,True,0,0,43.0,1.4,2.0,12.0,4.0,4.0,11.0,321.0,18.0,19.0,3.0,3.0,1.0,5.0,4.0,6.0,6.0,,2.0,,12.0,2.0,1.0,252.0,17.0,29.0,48.0,66.0,17.0,50.0,5.0,13.0,57.0,9.0,41.0,73.0,15.0,26.0,5.0,14.0,12.0,18.0,18.0,6.0,40.0,30.0,0.0,4.0,0.7064,1.0,,1.0,12.0,,,
13981933,2026-02-14,13:45:00,Jagiellonia Białystok,Cracovia,False,0,0,57.0,0.86,1.0,17.0,3.0,6.0,19.0,428.0,18.0,11.0,4.0,4.0,0.0,10.0,3.0,9.0,8.0,,1.0,,24.0,4.0,1.0,353.0,21.0,60.0,107.0,153.0,14.0,37.0,2.0,19.0,43.0,5.0,32.0,73.0,11.0,26.0,3.0,16.0,11.0,18.0,18.0,4.0,40.0,15.0,1.0,3.0,0.6528,0.0,,0.0,7.0,,,
13981929,2026-02-14,16:30:00,Zagłębie Lubin,Raków Częstochowa,True,0,0,35.0,0.21,0.0,8.0,8.0,2.0,17.0,258.0,13.0,16.0,3.0,2.0,0.0,5.0,1.0,4.0,4.0,,0.0,,10.0,3.0,0.0,167.0,11.0,40.0,29.0,71.0,22.0,71.0,1.0,9.0,40.0,6.0,32.0,77.0,16.0,44.0,3.0,10.0,5.0,13.0,13.0,12.0,52.0,52.0,0.0,8.0,1.4257,,,0.0,7.0,,,
13981929,2026-02-14,16:30:00,Raków Częstochowa,Zagłębie Lubin,False,0,0,65.0,1.52,3.0,19.0,2.0,8.0,16.0,477.0,13.0,17.0,3.0,9.0,2.0,6.0,4.0,10.0,9.0,,3.0,,33.0,3.0,1.0,379.0,9.0,60.0,103.0,144.0,9.0,41.0,4.0,27.0,60.0,2.0,45.0,77.0,28.0,44.0,15.0,26.0,5.0,13.0,13.0,4.0,58.0,23.0,1.0,2.0,0.2471,,,1.0,8.0,,,
13981924,2026-02-14,19:15:00,Wisła Płock,Widzew Łódź,True,0,2,49.0,0.97,1.0,10.0,2.0,5.0,16.0,374.0,18.0,12.0,4.0,1.0,0.0,5.0,4.0,5.0,5.0,0.0,1.0,,24.0,3.0,3.0,294.0,18.0,63.0,65.0,113.0,27.0,60.0,4.0,18.0,50.0,6.0,35.0,75.0,18.0,32.0,6.0,16.0,10.0,18.0,18.0,10.0,33.0,29.0,,2.0,-0.3624,,0.0,,13.0,,,
13981924,2026-02-14,19:15:00,Widzew Łódź,Wisła Płock,False,2,0,51.0,2.3,4.0,15.0,1.0,2.0,12.0,386.0,16.0,15.0,4.0,4.0,3.0,9.0,2.0,7.0,8.0,2.0,2.0,,31.0,5.0,2.0,316.0,19.0,55.0,76.0,112.0,26.0,60.0,4.0,17.0,50.0,7.0,40.0,75.0,14.0,32.0,10.0,21.0,9.0,16.0,16.0,8.0,32.0,37.0,,1.0,0.0554,,3.0,,11.0,,,
13981925,2026-02-15,11:15:00,Motor Lublin,KS Lechia Gdańsk,True,2,3,59.0,0.43,0.0,7.0,5.0,2.0,9.0,414.0,10.0,11.0,3.0,3.0,0.0,1.0,3.0,6.0,1.0,0.0,0.0,,27.0,3.0,3.0,313.0,29.0,63.0,57.0,107.0,22.0,53.0,2.0,24.0,47.0,8.0,29.0,65.0,20.0,40.0,8.0,19.0,5.0,10.0,10.0,7.0,59.0,38.0,1.0,5.0,0.1999,0.0,0.0,,6.0,,,
13981925,2026-02-15,11:15:00,KS Lechia Gdańsk,Motor Lublin,False,3,2,41.0,3.13,5.0,15.0,2.0,2.0,11.0,298.0,19.0,8.0,7.0,9.0,0.0,3.0,3.0,13.0,2.0,2.0,3.0,,35.0,3.0,1.0,195.0,21.0,52.0,60.0,108.0,18.0,60.0,4.0,12.0,53.0,4.0,36.0,65.0,20.0,40.0,9.0,15.0,13.0,19.0,19.0,13.0,56.0,45.0,1.0,2.0,-1.6591,1.0,2.0,,7.0,,,
13981927,2026-02-15,13:45:00,Pogoń Szczecin,MZKS Arka Gdynia,True,1,0,56.0,1.78,2.0,20.0,1.0,8.0,15.0,419.0,12.0,15.0,3.0,4.0,0.0,6.0,10.0,10.0,10.0,1.0,1.0,,36.0,1.0,0.0,343.0,13.0,58.0,106.0,152.0,20.0,49.0,7.0,26.0,42.0,7.0,29.0,55.0,13.0,44.0,2.0,6.0,7.0,12.0,12.0,6.0,41.0,34.0,,1.0,0.0089,,,1.0,5.0,,,
13981927,2026-02-15,13:45:00,MZKS Arka Gdynia,Pogoń Szczecin,False,0,1,44.0,0.36,1.0,11.0,3.0,7.0,15.0,332.0,11.0,15.0,4.0,1.0,0.0,6.0,4.0,7.0,4.0,0.0,1.0,,16.0,3.0,3.0,259.0,12.0,42.0,35.0,73.0,17.0,47.0,4.0,21.0,58.0,9.0,26.0,55.0,31.0,44.0,1.0,4.0,5.0,11.0,11.0,7.0,39.0,41.0,,3.0,0.476,,,1.0,9.0,,,
13981931,2026-02-15,16:30:00,Lech Poznań,Piast Gliwice,True,3,0,48.0,2.8,7.0,19.0,6.0,7.0,15.0,435.0,19.0,7.0,0.0,10.0,1.0,7.0,2.0,13.0,6.0,,7.0,,36.0,0.0,1.0,358.0,17.0,45.0,88.0,116.0,21.0,45.0,6.0,14.0,48.0,6.0,33.0,70.0,15.0,29.0,8.0,18.0,14.0,19.0,19.0,9.0,56.0,26.0,1.0,6.0,0.7068,2.0,2.0,,4.0,0.0,,
13981931,2026-02-15,16:30:00,Piast Gliwice,Lech Poznań,False,0,3,52.0,0.94,2.0,15.0,6.0,6.0,7.0,467.0,16.0,15.0,2.0,7.0,0.0,2.0,6.0,10.0,5.0,,2.0,,33.0,2.0,2.0,387.0,16.0,54.0,88.0,123.0,19.0,47.0,7.0,17.0,52.0,10.0,37.0,70.0,14.0,29.0,7.0,16.0,9.0,16.0,16.0,5.0,47.0,20.0,0.0,6.0,0.8263,2.0,1.0,,9.0,1.0,,
13981923,2026-02-16,18:00:00,Bruk-Bet Termalica Nieciecza,Górnik Zabrze,True,1,1,30.0,1.19,2.0,12.0,3.0,2.0,12.0,247.0,8.0,9.0,1.0,3.0,0.0,4.0,5.0,8.0,4.0,1.0,1.0,1.0,21.0,1.0,1.0,166.0,15.0,41.0,51.0,88.0,24.0,53.0,4.0,16.0,46.0,4.0,21.0,57.0,17.0,26.0,6.0,15.0,6.0,8.0,8.0,10.0,48.0,40.0,0.0,3.0,-0.6321,2.0,1.0,2.0,15.0,,,
13981923,2026-02-16,18:00:00,Górnik Zabrze,Bruk-Bet Termalica Nieciecza,False,1,1,70.0,1.17,1.0,22.0,2.0,10.0,9.0,599.0,13.0,12.0,0.0,3.0,0.0,12.0,7.0,11.0,11.0,0.0,1.0,0.0,45.0,2.0,0.0,511.0,12.0,66.0,133.0,183.0,33.0,61.0,3.0,23.0,54.0,1.0,36.0,57.0,9.0,26.0,11.0,18.0,7.0,13.0,13.0,9.0,56.0,19.0,1.0,2.0,0.7371,0.0,1.0,0.0,3.0,,,
13981942,2026-02-20,17:00:00,Piast Gliwice,Motor Lublin,True,1,2,60.0,1.9,2.0,18.0,4.0,6.0,11.0,547.0,8.0,16.0,3.0,4.0,0.0,7.0,7.0,14.0,4.0,,2.0,0.0,43.0,2.0,4.0,472.0,10.0,75.0,163.0,210.0,26.0,47.0,11.0,26.0,59.0,5.0,39.0,69.0,21.0,33.0,18.0,28.0,3.0,8.0,8.0,2.0,54.0,18.0,2.0,4.0,0.3808,1.0,0.0,,4.0,,,
13981942,2026-02-20,17:00:00,Motor Lublin,Piast Gliwice,False,2,1,40.0,1.07,1.0,9.0,3.0,3.0,16.0,372.0,15.0,11.0,1.0,6.0,0.0,3.0,1.0,6.0,3.0,,1.0,1.0,16.0,2.0,3.0,290.0,18.0,36.0,51.0,76.0,26.0,65.0,1.0,10.0,41.0,7.0,30.0,69.0,12.0,33.0,4.0,5.0,11.0,15.0,15.0,9.0,49.0,23.0,0.0,3.0,-0.0829,0.0,1.0,,9.0,,,
13981941,2026-02-20,19:30:00,Widzew Łódź,Cracovia,True,0,0,41.0,0.97,1.0,14.0,1.0,9.0,21.0,304.0,22.0,13.0,5.0,4.0,0.0,3.0,7.0,7.0,7.0,,1.0,,23.0,3.0,1.0,217.0,17.0,50.0,60.0,103.0,25.0,62.0,1.0,21.0,50.0,8.0,42.0,83.0,19.0,38.0,7.0,14.0,15.0,22.0,22.0,10.0,53.0,33.0,2.0,1.0,0.0105,0.0,0.0,0.0,6.0,,,
13981941,2026-02-20,19:30:00,Cracovia,Widzew Łódź,False,0,0,59.0,0.81,1.0,12.0,4.0,3.0,13.0,457.0,15.0,21.0,4.0,1.0,0.0,7.0,4.0,7.0,5.0,,1.0,,16.0,1.0,2.0,351.0,29.0,39.0,48.0,92.0,17.0,45.0,1.0,6.0,50.0,13.0,41.0,83.0,19.0,38.0,6.0,15.0,10.0,15.0,15.0,11.0,55.0,39.0,1.0,4.0,0.882,1.0,1.0,1.0,3.0,,,
13981940,2026-02-21,14:00:00,Raków Częstochowa,Bruk-Bet Termalica Nieciecza,True,1,0,55.0,2.03,2.0,9.0,5.0,4.0,10.0,414.0,17.0,15.0,0.0,4.0,0.0,3.0,2.0,8.0,1.0,,2.0,,23.0,0.0,0.0,320.0,22.0,50.0,87.0,128.0,23.0,55.0,6.0,20.0,48.0,7.0,37.0,69.0,18.0,46.0,5.0,16.0,14.0,17.0,17.0,8.0,51.0,37.0,4.0,5.0,0.8904,,1.0,0.0,10.0,,,
13981940,2026-02-21,14:00:00,Bruk-Bet Termalica Nieciecza,Raków Częstochowa,False,0,1,45.0,1.12,2.0,20.0,4.0,6.0,15.0,338.0,18.0,10.0,3.0,5.0,0.0,8.0,7.0,9.0,11.0,,2.0,,28.0,1.0,1.0,235.0,27.0,52.0,75.0,115.0,26.0,61.0,6.0,22.0,52.0,7.0,32.0,69.0,28.0,46.0,8.0,18.0,14.0,18.0,18.0,8.0,55.0,27.0,0.0,4.0,-0.3934,,0.0,1.0,6.0,,,
13981934,2026-02-21,16:45:00,Górnik Zabrze,Pogoń Szczecin,True,0,1,47.0,0.34,0.0,11.0,1.0,4.0,12.0,407.0,9.0,18.0,3.0,2.0,2.0,6.0,3.0,5.0,6.0,0.0,,,19.0,3.0,3.0,345.0,9.0,47.0,93.0,126.0,22.0,38.0,1.0,21.0,57.0,5.0,27.0,46.0,13.0,24.0,3.0,6.0,6.0,9.0,9.0,9.0,35.0,16.0,0.0,1.0,-0.3453,,0.0,,5.0,,,
13981934,2026-02-21,16:45:00,Pogoń Szczecin,Górnik Zabrze,False,1,0,53.0,1.14,1.0,7.0,2.0,5.0,18.0,466.0,8.0,11.0,5.0,2.0,0.0,3.0,2.0,4.0,3.0,1.0,,,14.0,4.0,1.0,396.0,22.0,52.0,63.0,99.0,15.0,39.0,1.0,14.0,43.0,4.0,19.0,46.0,11.0,24.0,1.0,5.0,4.0,8.0,8.0,7.0,29.0,31.0,1.0,2.0,0.5539,,1.0,,6.0,,,
13981932,2026-02-21,19:30:00,Legia Warszawa,Wisła Płock,True,2,1,43.0,0.7,2.0,7.0,3.0,1.0,11.0,401.0,12.0,8.0,1.0,4.0,0.0,2.0,1.0,5.0,2.0,2.0,0.0,,20.0,1.0,0.0,337.0,16.0,57.0,99.0,123.0,25.0,52.0,5.0,18.0,51.0,8.0,23.0,55.0,19.0,28.0,3.0,11.0,6.0,12.0,12.0,7.0,49.0,31.0,,3.0,0.9396,2.0,,1.0,9.0,0.0,,
13981932,2026-02-21,19:30:00,Wisła Płock,Legia Warszawa,False,1,2,57.0,1.02,2.0,14.0,2.0,4.0,8.0,529.0,16.0,11.0,1.0,4.0,0.0,3.0,7.0,9.0,5.0,1.0,1.0,,26.0,2.0,3.0,456.0,19.0,53.0,123.0,156.0,37.0,62.0,7.0,20.0,49.0,6.0,32.0,55.0,9.0,28.0,5.0,11.0,11.0,16.0,16.0,2.0,53.0,16.0,,2.0,-0.7696,0.0,,0.0,7.0,1.0,,
13981937,2026-02-22,11:15:00,MZKS Arka Gdynia,GKS Katowice,True,2,1,44.0,1.48,4.0,12.0,4.0,5.0,10.0,295.0,10.0,15.0,4.0,6.0,0.0,3.0,3.0,7.0,5.0,2.0,2.0,,19.0,2.0,2.0,206.0,12.0,51.0,58.0,104.0,21.0,64.0,1.0,15.0,59.0,6.0,37.0,59.0,18.0,34.0,12.0,15.0,6.0,10.0,10.0,12.0,47.0,33.0,1.0,4.0,0.396,,5.0,0.0,7.0,1.0,,
13981937,2026-02-22,11:15:00,GKS Katowice,MZKS Arka Gdynia,False,1,2,56.0,1.03,1.0,11.0,4.0,4.0,15.0,382.0,9.0,10.0,2.0,5.0,0.0,1.0,5.0,7.0,4.0,1.0,0.0,,23.0,2.0,2.0,271.0,22.0,66.0,82.0,139.0,19.0,64.0,8.0,20.0,41.0,8.0,22.0,59.0,16.0,34.0,4.0,6.0,6.0,9.0,9.0,5.0,43.0,28.0,0.0,4.0,0.2787,,1.0,1.0,7.0,1.0,,
13981939,2026-02-22,13:45:00,Jagiellonia Białystok,Radomiak Radom,True,1,1,63.0,2.35,3.0,21.0,1.0,9.0,18.0,507.0,20.0,16.0,3.0,3.0,0.0,11.0,7.0,15.0,6.0,1.0,2.0,,50.0,5.0,7.0,421.0,15.0,57.0,159.0,203.0,24.0,45.0,8.0,27.0,51.0,8.0,43.0,90.0,14.0,21.0,8.0,18.0,12.0,20.0,20.0,6.0,55.0,19.0,0.0,1.0,-0.3386,,0.0,1.0,6.0,,0.0,
13981939,2026-02-22,13:45:00,Radomiak Radom,Jagiellonia Białystok,False,1,1,37.0,0.91,1.0,9.0,2.0,3.0,16.0,299.0,18.0,18.0,5.0,2.0,0.0,4.0,3.0,5.0,4.0,0.0,1.0,,19.0,1.0,0.0,226.0,11.0,39.0,53.0,89.0,17.0,45.0,1.0,10.0,49.0,11.0,47.0,90.0,7.0,21.0,12.0,21.0,9.0,18.0,18.0,9.0,34.0,38.0,2.0,2.0,-0.1376,,1.0,2.0,14.0,,1.0,
13981938,2026-02-22,16:30:00,MKS Korona Kielce,Lech Poznań,True,1,2,42.0,0.3,0.0,7.0,2.0,1.0,12.0,374.0,11.0,16.0,1.0,1.0,0.0,3.0,3.0,3.0,4.0,0.0,0.0,0.0,8.0,3.0,1.0,307.0,18.0,45.0,47.0,72.0,20.0,55.0,3.0,13.0,49.0,6.0,33.0,67.0,11.0,23.0,6.0,17.0,7.0,11.0,11.0,8.0,51.0,23.0,,2.0,-0.1314,,0.0,,11.0,,,
13981938,2026-02-22,16:30:00,Lech Poznań,MKS Korona Kielce,False,2,1,58.0,1.59,3.0,11.0,0.0,5.0,16.0,519.0,17.0,12.0,1.0,4.0,0.0,5.0,2.0,7.0,4.0,2.0,1.0,2.0,24.0,2.0,1.0,433.0,19.0,59.0,126.0,177.0,19.0,49.0,0.0,13.0,51.0,5.0,34.0,67.0,12.0,23.0,5.0,11.0,14.0,17.0,17.0,2.0,50.0,25.0,,0.0,-0.8691,,1.0,,7.0,,,
13981936,2026-02-23,18:00:00,KS Lechia Gdańsk,Zagłębie Lubin,True,0,2,70.0,1.18,1.0,18.0,3.0,11.0,11.0,493.0,12.0,15.0,2.0,7.0,0.0,4.0,7.0,15.0,3.0,0.0,1.0,1.0,47.0,2.0,1.0,396.0,18.0,87.0,110.0,167.0,19.0,53.0,4.0,41.0,55.0,3.0,38.0,60.0,19.0,43.0,11.0,17.0,8.0,12.0,12.0,4.0,56.0,18.0,0.0,3.0,-0.7049,1.0,1.0,0.0,3.0,,,
13981936,2026-02-23,18:00:00,Zagłębie Lubin,KS Lechia Gdańsk,False,2,0,30.0,1.17,2.0,11.0,6.0,2.0,15.0,224.0,9.0,11.0,4.0,5.0,0.0,4.0,2.0,8.0,3.0,1.0,1.0,0.0,16.0,0.0,0.0,131.0,11.0,43.0,28.0,63.0,18.0,68.0,4.0,7.0,45.0,6.0,22.0,60.0,24.0,43.0,3.0,9.0,5.0,9.0,9.0,9.0,58.0,79.0,3.0,6.0,0.5902,1.0,0.0,4.0,12.0,,,
13981948,2026-02-27,17:00:00,Cracovia,Piast Gliwice,True,2,3,48.0,1.2,3.0,10.0,2.0,2.0,15.0,385.0,12.0,11.0,3.0,4.0,0.0,4.0,2.0,5.0,5.0,1.0,2.0,1.0,13.0,3.0,2.0,295.0,21.0,56.0,68.0,104.0,15.0,58.0,2.0,11.0,48.0,4.0,27.0,51.0,16.0,38.0,4.0,7.0,8.0,12.0,12.0,12.0,45.0,35.0,,2.0,-0.6194,0.0,1.0,,9.0,,,
13981948,2026-02-27,17:00:00,Piast Gliwice,Cracovia,False,3,2,52.0,1.8,3.0,9.0,2.0,1.0,11.0,405.0,7.0,14.0,1.0,5.0,0.0,2.0,2.0,7.0,2.0,2.0,1.0,0.0,28.0,2.0,1.0,312.0,23.0,53.0,72.0,114.0,23.0,62.0,6.0,19.0,52.0,8.0,24.0,51.0,22.0,38.0,2.0,6.0,5.0,7.0,7.0,4.0,45.0,27.0,,2.0,-0.4398,1.0,1.0,,8.0,,,
13981943,2026-02-27,19:30:00,MZKS Arka Gdynia,KS Lechia Gdańsk,True,2,2,51.0,1.2,1.0,11.0,4.0,4.0,9.0,305.0,10.0,13.0,0.0,3.0,3.0,4.0,4.0,8.0,3.0,,1.0,1.0,21.0,2.0,2.0,191.0,27.0,57.0,46.0,99.0,19.0,74.0,4.0,16.0,55.0,8.0,30.0,62.0,36.0,59.0,9.0,15.0,3.0,10.0,10.0,6.0,36.0,52.0,,4.0,0.3968,,0.0,0.0,8.0,,,
13981943,2026-02-27,19:30:00,KS Lechia Gdańsk,MZKS Arka Gdynia,False,2,2,49.0,2.4,8.0,14.0,2.0,1.0,13.0,295.0,14.0,9.0,1.0,7.0,1.0,6.0,1.0,11.0,3.0,,8.0,0.0,30.0,1.0,5.0,174.0,27.0,73.0,56.0,125.0,18.0,73.0,6.0,12.0,45.0,7.0,32.0,62.0,23.0,59.0,10.0,13.0,6.0,14.0,14.0,2.0,46.0,43.0,,2.0,-0.9459,,3.0,1.0,5.0,,,
13981947,2026-02-28,13:45:00,Pogoń Szczecin,Widzew Łódź,True,1,0,40.0,0.7,2.0,9.0,2.0,2.0,9.0,310.0,11.0,13.0,3.0,3.0,0.0,4.0,2.0,4.0,5.0,1.0,1.0,1.0,15.0,2.0,1.0,230.0,19.0,57.0,52.0,91.0,25.0,55.0,4.0,12.0,48.0,8.0,30.0,56.0,11.0,29.0,7.0,11.0,9.0,11.0,11.0,7.0,39.0,34.0,,2.0,0.4914,1.0,5.0,,7.0,,1.0,
13981947,2026-02-28,13:45:00,Widzew Łódź,Pogoń Szczecin,False,0,1,60.0,0.84,3.0,8.0,2.0,2.0,13.0,461.0,12.0,9.0,2.0,2.0,1.0,5.0,1.0,7.0,1.0,0.0,3.0,1.0,21.0,1.0,3.0,381.0,25.0,70.0,79.0,124.0,14.0,47.0,6.0,26.0,52.0,7.0,26.0,56.0,18.0,29.0,5.0,9.0,7.0,12.0,12.0,4.0,42.0,16.0,,2.0,-0.1406,0.0,2.0,,6.0,,0.0,
13981946,2026-02-28,16:30:00,Motor Lublin,MKS Korona Kielce,True,2,0,49.0,1.51,4.0,12.0,4.0,2.0,14.0,349.0,20.0,15.0,4.0,4.0,0.0,6.0,2.0,10.0,2.0,2.0,2.0,2.0,22.0,2.0,1.0,274.0,14.0,41.0,62.0,90.0,20.0,42.0,4.0,15.0,58.0,11.0,38.0,73.0,30.0,45.0,4.0,9.0,11.0,20.0,20.0,5.0,58.0,54.0,1.0,4.0,1.6034,1.0,1.0,1.0,6.0,,,
13981946,2026-02-28,16:30:00,MKS Korona Kielce,Motor Lublin,False,0,2,51.0,1.68,3.0,22.0,2.0,10.0,15.0,341.0,16.0,14.0,1.0,4.0,0.0,7.0,11.0,15.0,7.0,0.0,3.0,0.0,39.0,5.0,2.0,257.0,22.0,52.0,73.0,116.0,17.0,59.0,12.0,39.0,42.0,8.0,35.0,73.0,15.0,45.0,6.0,18.0,13.0,16.0,16.0,7.0,54.0,24.0,1.0,2.0,-0.7197,0.0,0.0,0.0,8.0,,,
13981949,2026-02-28,19:15:00,GKS Katowice,Górnik Zabrze,True,3,1,42.0,2.95,4.0,16.0,4.0,3.0,11.0,323.0,16.0,10.0,3.0,6.0,0.0,3.0,7.0,12.0,4.0,2.0,2.0,2.0,30.0,1.0,,243.0,21.0,54.0,61.0,103.0,26.0,60.0,4.0,12.0,48.0,11.0,32.0,69.0,13.0,25.0,6.0,13.0,11.0,16.0,16.0,8.0,47.0,40.0,1.0,4.0,0.4372,1.0,0.0,1.0,8.0,,,
13981949,2026-02-28,19:15:00,Górnik Zabrze,GKS Katowice,False,1,3,58.0,1.86,3.0,15.0,3.0,3.0,11.0,445.0,18.0,11.0,1.0,5.0,1.0,5.0,5.0,10.0,5.0,1.0,2.0,0.0,44.0,2.0,,357.0,28.0,53.0,76.0,114.0,32.0,66.0,4.0,18.0,52.0,10.0,37.0,69.0,12.0,25.0,8.0,14.0,11.0,18.0,18.0,13.0,49.0,26.0,2.0,3.0,0.0425,1.0,1.0,1.0,5.0,,,
13981945,2026-03-01,11:15:00,Bruk-Bet Termalica Nieciecza,Radomiak Radom,True,1,1,37.0,1.25,1.0,20.0,3.0,8.0,18.0,260.0,20.0,8.0,2.0,3.0,0.0,8.0,9.0,10.0,10.0,0.0,1.0,1.0,28.0,3.0,4.0,193.0,11.0,42.0,66.0,92.0,19.0,41.0,3.0,20.0,48.0,7.0,30.0,69.0,15.0,25.0,3.0,10.0,15.0,20.0,20.0,9.0,44.0,35.0,,3.0,0.6295,1.0,2.0,1.0,9.0,0.0,,
13981945,2026-03-01,11:15:00,Radomiak Radom,Bruk-Bet Termalica Nieciecza,False,1,1,63.0,1.51,5.0,16.0,2.0,9.0,8.0,460.0,14.0,18.0,1.0,4.0,3.0,7.0,5.0,10.0,6.0,1.0,4.0,1.0,30.0,3.0,2.0,374.0,18.0,47.0,103.0,146.0,17.0,36.0,7.0,25.0,52.0,11.0,39.0,69.0,10.0,25.0,8.0,17.0,10.0,14.0,14.0,5.0,40.0,27.0,,2.0,-0.3089,1.0,0.0,1.0,8.0,1.0,,
13981955,2026-03-01,13:45:00,Jagiellonia Białystok,Legia Warszawa,True,2,2,58.0,1.75,2.0,10.0,1.0,4.0,14.0,462.0,15.0,14.0,1.0,5.0,1.0,3.0,2.0,8.0,2.0,1.0,1.0,,28.0,0.0,1.0,373.0,11.0,50.0,116.0,147.0,16.0,54.0,5.0,16.0,49.0,10.0,37.0,69.0,13.0,33.0,8.0,13.0,10.0,15.0,15.0,4.0,52.0,33.0,,1.0,-1.9815,1.0,1.0,1.0,8.0,0.0,,
13981955,2026-03-01,13:45:00,Legia Warszawa,Jagiellonia Białystok,False,2,2,42.0,1.03,1.0,17.0,3.0,7.0,14.0,328.0,15.0,14.0,0.0,1.0,1.0,7.0,9.0,9.0,8.0,0.0,1.0,,33.0,5.0,0.0,250.0,19.0,74.0,89.0,137.0,26.0,54.0,9.0,23.0,51.0,8.0,32.0,69.0,20.0,33.0,6.0,13.0,6.0,15.0,15.0,9.0,52.0,27.0,,3.0,0.2914,0.0,0.0,0.0,6.0,1.0,,
13981954,2026-03-01,16:30:00,Lech Poznań,Raków Częstochowa,True,4,3,54.0,2.66,4.0,24.0,4.0,6.0,18.0,371.0,14.0,11.0,4.0,11.0,1.0,6.0,7.0,13.0,11.0,4.0,0.0,1.0,29.0,4.0,0.0,292.0,17.0,56.0,88.0,131.0,21.0,52.0,7.0,18.0,41.0,6.0,29.0,62.0,6.0,23.0,5.0,9.0,5.0,14.0,14.0,7.0,42.0,18.0,0.0,4.0,0.2718,2.0,1.0,,7.0,,,
13981954,2026-03-01,16:30:00,Raków Częstochowa,Lech Poznań,False,3,4,46.0,2.61,3.0,15.0,8.0,2.0,12.0,323.0,10.0,17.0,1.0,7.0,0.0,5.0,3.0,11.0,4.0,2.0,1.0,0.0,23.0,2.0,2.0,249.0,20.0,40.0,42.0,70.0,16.0,47.0,6.0,14.0,59.0,10.0,33.0,62.0,17.0,23.0,7.0,11.0,6.0,10.0,10.0,7.0,45.0,41.0,1.0,8.0,0.9434,3.0,0.0,,3.0,,,
13981944,2026-03-02,18:00:00,Zagłębie Lubin,Wisła Płock,True,2,0,34.0,1.59,2.0,11.0,4.0,1.0,10.0,265.0,15.0,5.0,1.0,4.0,1.0,5.0,2.0,8.0,3.0,2.0,,,24.0,1.0,1.0,186.0,22.0,39.0,42.0,81.0,20.0,47.0,3.0,8.0,39.0,13.0,23.0,60.0,19.0,47.0,3.0,10.0,7.0,15.0,15.0,14.0,43.0,51.0,1.0,4.0,1.1315,,0.0,1.0,12.0,,,
13981944,2026-03-02,18:00:00,Wisła Płock,Zagłębie Lubin,False,0,2,66.0,1.25,0.0,20.0,2.0,5.0,5.0,502.0,20.0,10.0,1.0,4.0,0.0,9.0,7.0,13.0,7.0,0.0,,,34.0,0.0,1.0,418.0,25.0,71.0,106.0,155.0,26.0,56.0,8.0,27.0,61.0,5.0,37.0,60.0,28.0,47.0,7.0,17.0,11.0,20.0,20.0,5.0,43.0,30.0,0.0,2.0,0.0151,,3.0,0.0,4.0,,,
13981958,2026-03-06,19:30:00,KS Lechia Gdańsk,Jagiellonia Białystok,True,3,0,37.0,2.02,4.0,10.0,1.0,2.0,10.0,303.0,21.0,8.0,1.0,7.0,0.0,2.0,1.0,7.0,3.0,3.0,1.0,1.0,14.0,0.0,4.0,220.0,17.0,49.0,58.0,90.0,17.0,56.0,1.0,7.0,54.0,4.0,34.0,57.0,17.0,38.0,7.0,10.0,11.0,21.0,21.0,10.0,48.0,34.0,0.0,1.0,0.1849,0.0,1.0,,9.0,,,
13981958,2026-03-06,19:30:00,Jagiellonia Białystok,KS Lechia Gdańsk,False,0,3,63.0,0.92,0.0,13.0,4.0,9.0,8.0,518.0,7.0,10.0,2.0,2.0,0.0,7.0,4.0,8.0,5.0,0.0,0.0,0.0,23.0,2.0,2.0,417.0,28.0,69.0,79.0,136.0,26.0,58.0,9.0,25.0,46.0,11.0,23.0,57.0,21.0,38.0,6.0,16.0,4.0,7.0,7.0,8.0,40.0,22.0,2.0,4.0,-0.9048,2.0,0.0,,6.0,,,
13981957,2026-03-07,13:45:00,MKS Korona Kielce,Bruk-Bet Termalica Nieciecza,True,2,1,51.0,2.0,4.0,10.0,1.0,5.0,19.0,373.0,17.0,12.0,1.0,4.0,0.0,5.0,1.0,9.0,1.0,2.0,2.0,0.0,25.0,3.0,3.0,294.0,18.0,46.0,61.0,90.0,26.0,62.0,11.0,23.0,51.0,5.0,37.0,67.0,22.0,48.0,8.0,13.0,9.0,17.0,17.0,10.0,52.0,45.0,,1.0,-0.3637,,3.0,0.0,9.0,,,
13981957,2026-03-07,13:45:00,Bruk-Bet Termalica Nieciecza,MKS Korona Kielce,False,1,2,49.0,1.66,2.0,17.0,2.0,6.0,12.0,349.0,10.0,19.0,0.0,2.0,0.0,8.0,7.0,14.0,3.0,1.0,1.0,2.0,38.0,4.0,1.0,265.0,29.0,49.0,69.0,113.0,22.0,47.0,6.0,30.0,49.0,6.0,30.0,67.0,26.0,48.0,6.0,17.0,8.0,10.0,10.0,8.0,41.0,24.0,,2.0,0.5435,,0.0,2.0,6.0,,,
13981959,2026-03-07,16:30:00,Piast Gliwice,Zagłębie Lubin,True,1,3,67.0,1.39,2.0,17.0,2.0,10.0,8.0,439.0,11.0,15.0,1.0,3.0,1.0,9.0,5.0,13.0,4.0,0.0,2.0,,36.0,4.0,1.0,357.0,14.0,65.0,113.0,155.0,16.0,37.0,8.0,30.0,53.0,7.0,28.0,47.0,29.0,60.0,4.0,8.0,8.0,11.0,11.0,2.0,37.0,23.0,,2.0,-0.8967,,1.0,0.0,7.0,1.0,,
13981959,2026-03-07,16:30:00,Zagłębie Lubin,Piast Gliwice,False,3,1,33.0,0.63,1.0,8.0,2.0,7.0,15.0,215.0,11.0,8.0,3.0,5.0,0.0,2.0,1.0,7.0,1.0,1.0,0.0,,12.0,0.0,1.0,127.0,15.0,40.0,36.0,69.0,15.0,63.0,5.0,16.0,47.0,5.0,19.0,47.0,31.0,60.0,1.0,7.0,6.0,11.0,11.0,4.0,34.0,42.0,,2.0,-0.2584,,1.0,1.0,18.0,0.0,,
13981960,2026-03-07,19:15:00,Widzew Łódź,Lech Poznań,True,2,1,29.0,0.68,1.0,11.0,5.0,3.0,21.0,219.0,23.0,11.0,3.0,4.0,0.0,6.0,1.0,6.0,5.0,1.0,0.0,0.0,17.0,3.0,3.0,148.0,9.0,34.0,56.0,82.0,27.0,64.0,4.0,18.0,51.0,5.0,40.0,78.0,12.0,23.0,8.0,13.0,14.0,23.0,23.0,7.0,39.0,37.0,0.0,5.0,-0.0815,1.0,0.0,2.0,10.0,,,
13981960,2026-03-07,19:15:00,Lech Poznań,Widzew Łódź,False,1,2,71.0,0.85,3.0,12.0,2.0,5.0,11.0,565.0,10.0,21.0,1.0,6.0,0.0,4.0,2.0,7.0,5.0,1.0,2.0,2.0,26.0,4.0,1.0,492.0,22.0,57.0,124.0,162.0,19.0,41.0,5.0,18.0,49.0,11.0,38.0,78.0,11.0,23.0,8.0,20.0,4.0,10.0,10.0,3.0,32.0,18.0,2.0,2.0,-0.9613,0.0,1.0,0.0,10.0,,,
13981952,2026-03-08,11:15:00,Motor Lublin,Górnik Zabrze,True,0,0,60.0,0.64,2.0,7.0,2.0,4.0,12.0,473.0,18.0,10.0,,0.0,0.0,5.0,2.0,5.0,2.0,,2.0,,30.0,0.0,0.0,385.0,26.0,52.0,65.0,106.0,11.0,32.0,6.0,24.0,45.0,15.0,38.0,91.0,19.0,36.0,10.0,24.0,13.0,18.0,18.0,9.0,45.0,24.0,,2.0,0.1858,1.0,2.0,1.0,10.0,,,
13981952,2026-03-08,11:15:00,Górnik Zabrze,Motor Lublin,False,0,0,40.0,0.56,1.0,11.0,0.0,6.0,10.0,309.0,29.0,12.0,,2.0,0.0,8.0,1.0,7.0,4.0,,1.0,,22.0,3.0,4.0,227.0,13.0,41.0,73.0,104.0,23.0,61.0,6.0,24.0,55.0,9.0,53.0,91.0,17.0,36.0,12.0,21.0,20.0,29.0,29.0,10.0,50.0,45.0,,0.0,0.0,0.0,0.0,0.0,10.0,,,
13981953,2026-03-08,13:45:00,Radomiak Radom,GKS Katowice,True,0,1,67.0,1.27,1.0,15.0,1.0,8.0,11.0,474.0,11.0,25.0,2.0,2.0,0.0,9.0,4.0,9.0,6.0,0.0,1.0,,28.0,5.0,1.0,366.0,25.0,67.0,120.0,177.0,33.0,66.0,13.0,37.0,59.0,6.0,42.0,67.0,16.0,32.0,9.0,16.0,8.0,11.0,11.0,4.0,53.0,25.0,1.0,1.0,0.3755,1.0,0.0,0.0,5.0,1.0,,
13981953,2026-03-08,13:45:00,GKS Katowice,Radomiak Radom,False,1,0,33.0,0.93,2.0,9.0,2.0,3.0,25.0,244.0,13.0,11.0,4.0,2.0,1.0,4.0,3.0,5.0,4.0,1.0,1.0,,17.0,4.0,3.0,149.0,11.0,50.0,51.0,93.0,24.0,72.0,2.0,12.0,41.0,7.0,25.0,67.0,16.0,32.0,2.0,6.0,8.0,13.0,13.0,11.0,52.0,42.0,0.0,2.0,0.1875,0.0,2.0,2.0,16.0,0.0,,
13981956,2026-03-08,16:30:00,Raków Częstochowa,Pogoń Szczecin,True,2,0,64.0,2.2,4.0,24.0,1.0,6.0,11.0,552.0,16.0,13.0,0.0,6.0,1.0,12.0,6.0,13.0,11.0,2.0,2.0,1.0,51.0,3.0,3.0,477.0,16.0,71.0,150.0,200.0,23.0,36.0,9.0,24.0,58.0,7.0,37.0,67.0,19.0,29.0,8.0,13.0,11.0,16.0,16.0,9.0,65.0,14.0,1.0,1.0,0.0814,0.0,,,2.0,,0.0,
13981956,2026-03-08,16:30:00,Pogoń Szczecin,Raków Częstochowa,False,0,2,36.0,0.2,0.0,5.0,4.0,0.0,13.0,322.0,12.0,11.0,3.0,1.0,0.0,2.0,2.0,3.0,2.0,0.0,0.0,0.0,6.0,0.0,2.0,242.0,14.0,35.0,32.0,58.0,17.0,53.0,0.0,3.0,42.0,10.0,30.0,67.0,10.0,29.0,7.0,13.0,10.0,12.0,12.0,4.0,49.0,28.0,1.0,4.0,-0.2317,3.0,,,16.0,,1.0,
13981951,2026-03-08,19:15:00,Legia Warszawa,Cracovia,True,1,0,41.0,0.77,1.0,14.0,3.0,4.0,19.0,364.0,25.0,15.0,1.0,4.0,0.0,5.0,5.0,7.0,7.0,1.0,0.0,,21.0,2.0,1.0,267.0,20.0,52.0,59.0,101.0,18.0,58.0,3.0,14.0,47.0,10.0,43.0,84.0,15.0,40.0,4.0,10.0,17.0,25.0,25.0,11.0,44.0,28.0,0.0,3.0,0.4917,0.0,1.0,0.0,8.0,0.0,,
13981951,2026-03-08,19:15:00,Cracovia,Legia Warszawa,False,0,1,59.0,0.55,1.0,11.0,3.0,3.0,15.0,524.0,16.0,19.0,3.0,3.0,0.0,6.0,2.0,6.0,5.0,0.0,1.0,,14.0,4.0,0.0,422.0,17.0,77.0,103.0,147.0,18.0,55.0,6.0,19.0,53.0,15.0,41.0,84.0,25.0,40.0,6.0,16.0,10.0,16.0,16.0,5.0,50.0,27.0,1.0,3.0,0.5211,2.0,2.0,1.0,6.0,1.0,,
13981950,2026-03-09,18:00:00,Wisła Płock,MZKS Arka Gdynia,True,0,3,51.0,1.21,1.0,15.0,2.0,6.0,9.0,409.0,16.0,11.0,2.0,1.0,0.0,9.0,5.0,9.0,6.0,0.0,1.0,1.0,24.0,2.0,2.0,322.0,21.0,51.0,79.0,116.0,24.0,58.0,6.0,23.0,57.0,4.0,32.0,57.0,20.0,34.0,7.0,14.0,8.0,16.0,16.0,5.0,43.0,20.0,3.0,2.0,0.4519,,0.0,,9.0,2.0,,
13981950,2026-03-09,18:00:00,MZKS Arka Gdynia,Wisła Płock,False,3,0,49.0,3.08,6.0,15.0,1.0,2.0,11.0,410.0,11.0,9.0,1.0,5.0,0.0,6.0,4.0,11.0,4.0,3.0,3.0,2.0,25.0,2.0,1.0,330.0,14.0,53.0,93.0,132.0,17.0,47.0,6.0,15.0,43.0,7.0,25.0,57.0,14.0,34.0,6.0,15.0,7.0,11.0,11.0,9.0,45.0,29.0,0.0,1.0,0.0512,,2.0,,11.0,0.0,,
13981961,2026-03-13,17:00:00,Bruk-Bet Termalica Nieciecza,Motor Lublin,True,1,2,45.0,1.5,4.0,20.0,2.0,4.0,19.0,367.0,18.0,13.0,3.0,7.0,0.0,6.0,7.0,14.0,6.0,1.0,3.0,,55.0,2.0,0.0,278.0,24.0,59.0,90.0,142.0,28.0,50.0,6.0,22.0,53.0,7.0,40.0,79.0,20.0,35.0,10.0,14.0,8.0,18.0,18.0,5.0,45.0,30.0,,2.0,-0.8647,1.0,2.0,0.0,8.0,0.0,1.0,
13981961,2026-03-13,17:00:00,Motor Lublin,Bruk-Bet Termalica Nieciecza,False,2,1,55.0,1.54,2.0,11.0,6.0,4.0,13.0,471.0,11.0,18.0,6.0,4.0,0.0,4.0,3.0,8.0,3.0,1.0,1.0,,30.0,2.0,1.0,388.0,18.0,52.0,100.0,141.0,20.0,47.0,2.0,14.0,47.0,9.0,39.0,79.0,15.0,35.0,9.0,18.0,5.0,11.0,11.0,10.0,59.0,35.0,,6.0,0.7762,1.0,0.0,3.0,6.0,1.0,0.0,
13981964,2026-03-13,19:30:00,Radomiak Radom,Legia Warszawa,True,1,1,58.0,0.6,1.0,7.0,5.0,3.0,14.0,404.0,12.0,19.0,2.0,1.0,1.0,4.0,2.0,2.0,5.0,1.0,0.0,0.0,3.0,3.0,3.0,311.0,18.0,52.0,70.0,112.0,20.0,51.0,1.0,11.0,51.0,7.0,35.0,66.0,21.0,44.0,5.0,11.0,6.0,12.0,12.0,9.0,43.0,24.0,1.0,5.0,-0.0786,4.0,1.0,1.0,6.0,,,
13981964,2026-03-13,19:30:00,Legia Warszawa,Radomiak Radom,False,1,1,42.0,0.78,3.0,11.0,0.0,7.0,19.0,287.0,13.0,14.0,1.0,6.0,0.0,4.0,1.0,7.0,4.0,1.0,2.0,2.0,23.0,5.0,1.0,201.0,19.0,49.0,54.0,94.0,24.0,55.0,5.0,19.0,49.0,6.0,31.0,66.0,23.0,44.0,5.0,11.0,7.0,13.0,13.0,7.0,48.0,23.0,0.0,0.0,-0.507,0.0,1.0,1.0,7.0,,,
13981968,2026-03-14,13:45:00,Jagiellonia Białystok,Piast Gliwice,True,1,2,64.0,0.48,0.0,15.0,4.0,7.0,6.0,563.0,14.0,15.0,0.0,5.0,0.0,5.0,5.0,6.0,9.0,0.0,,,23.0,3.0,5.0,448.0,29.0,72.0,142.0,198.0,18.0,44.0,5.0,31.0,53.0,7.0,32.0,59.0,19.0,37.0,4.0,12.0,7.0,14.0,14.0,10.0,53.0,25.0,1.0,4.0,-0.7667,2.0,2.0,0.0,7.0,,,
13981968,2026-03-14,13:45:00,Piast Gliwice,Jagiellonia Białystok,False,2,1,36.0,1.01,1.0,17.0,4.0,7.0,15.0,317.0,15.0,6.0,3.0,7.0,1.0,6.0,4.0,11.0,6.0,1.0,,,29.0,2.0,1.0,226.0,11.0,56.0,98.0,145.0,18.0,61.0,10.0,18.0,47.0,9.0,27.0,59.0,18.0,37.0,8.0,13.0,9.0,15.0,15.0,14.0,57.0,49.0,0.0,4.0,-0.2922,1.0,0.0,2.0,7.0,,,
13981969,2026-03-14,16:30:00,GKS Katowice,KS Lechia Gdańsk,True,2,0,38.0,1.39,2.0,13.0,1.0,5.0,9.0,299.0,13.0,8.0,1.0,7.0,0.0,4.0,2.0,7.0,6.0,2.0,0.0,1.0,14.0,2.0,2.0,222.0,21.0,43.0,59.0,84.0,23.0,53.0,3.0,14.0,58.0,4.0,30.0,58.0,26.0,39.0,9.0,21.0,10.0,13.0,13.0,6.0,39.0,36.0,0.0,1.0,0.0097,,4.0,,12.0,,,
13981969,2026-03-14,16:30:00,KS Lechia Gdańsk,GKS Katowice,False,0,2,62.0,1.02,1.0,14.0,5.0,5.0,8.0,495.0,16.0,9.0,2.0,1.0,0.0,8.0,5.0,6.0,8.0,0.0,1.0,1.0,22.0,3.0,2.0,409.0,17.0,60.0,106.0,145.0,24.0,47.0,3.0,19.0,42.0,4.0,28.0,58.0,13.0,39.0,6.0,15.0,13.0,16.0,16.0,7.0,56.0,16.0,1.0,5.0,-0.8446,,0.0,,5.0,,,
13981967,2026-03-14,19:15:00,Cracovia,Wisła Płock,True,1,2,74.0,1.5,1.0,29.0,2.0,11.0,6.0,513.0,10.0,8.0,0.0,6.0,1.0,11.0,12.0,20.0,9.0,1.0,,,50.0,3.0,2.0,452.0,20.0,71.0,211.0,244.0,14.0,32.0,10.0,54.0,50.0,5.0,28.0,54.0,26.0,53.0,10.0,22.0,9.0,10.0,10.0,7.0,49.0,21.0,,2.0,-1.2818,0.0,1.0,,5.0,,,
13981967,2026-03-14,19:15:00,Wisła Płock,Cracovia,False,2,1,26.0,0.78,1.0,4.0,6.0,4.0,8.0,190.0,17.0,6.0,3.0,2.0,0.0,2.0,0.0,4.0,0.0,1.0,,,12.0,1.0,0.0,103.0,13.0,44.0,24.0,68.0,26.0,64.0,1.0,6.0,50.0,4.0,26.0,54.0,27.0,53.0,3.0,9.0,14.0,17.0,17.0,2.0,39.0,59.0,,6.0,0.1107,1.0,3.0,,18.0,,,
13981962,2026-03-15,11:15:00,MZKS Arka Gdynia,Widzew Łódź,True,0,0,50.0,0.6,1.0,10.0,1.0,8.0,20.0,313.0,10.0,21.0,2.0,1.0,0.0,4.0,5.0,4.0,6.0,,1.0,,16.0,4.0,3.0,238.0,29.0,59.0,47.0,80.0,23.0,57.0,3.0,22.0,56.0,4.0,33.0,67.0,31.0,48.0,6.0,18.0,5.0,10.0,10.0,8.0,33.0,21.0,1.0,1.0,0.4093,,1.0,0.0,3.0,,,
13981962,2026-03-15,11:15:00,Widzew Łódź,MZKS Arka Gdynia,False,0,0,50.0,0.66,0.0,10.0,1.0,3.0,21.0,331.0,16.0,20.0,1.0,1.0,0.0,2.0,7.0,6.0,4.0,,0.0,,17.0,2.0,1.0,234.0,23.0,52.0,59.0,101.0,24.0,66.0,4.0,11.0,44.0,8.0,34.0,67.0,17.0,48.0,1.0,3.0,10.0,16.0,16.0,5.0,36.0,33.0,0.0,1.0,0.2207,,0.0,1.0,7.0,,,
13981963,2026-03-15,13:45:00,Zagłębie Lubin,Lech Poznań,True,0,1,37.0,0.56,0.0,14.0,3.0,2.0,12.0,287.0,16.0,14.0,1.0,1.0,0.0,8.0,5.0,6.0,8.0,0.0,0.0,,33.0,0.0,1.0,192.0,13.0,52.0,44.0,94.0,28.0,58.0,4.0,19.0,54.0,4.0,36.0,69.0,22.0,39.0,7.0,18.0,12.0,16.0,16.0,13.0,61.0,23.0,,3.0,0.3034,1.0,1.0,0.0,4.0,,,
13981963,2026-03-15,13:45:00,Lech Poznań,Zagłębie Lubin,False,1,0,63.0,2.15,2.0,15.0,1.0,3.0,14.0,516.0,15.0,12.0,3.0,4.0,1.0,5.0,6.0,8.0,7.0,1.0,1.0,,19.0,1.0,3.0,425.0,21.0,49.0,72.0,111.0,19.0,51.0,0.0,11.0,46.0,7.0,33.0,69.0,17.0,39.0,6.0,15.0,11.0,15.0,15.0,5.0,51.0,33.0,,1.0,0.4831,0.0,1.0,2.0,10.0,,,
13981966,2026-03-15,16:30:00,Górnik Zabrze,Raków Częstochowa,True,3,1,43.0,0.7,0.0,13.0,2.0,4.0,12.0,338.0,17.0,10.0,,6.0,1.0,4.0,3.0,5.0,8.0,0.0,0.0,1.0,17.0,4.0,,253.0,20.0,45.0,78.0,115.0,16.0,53.0,1.0,13.0,48.0,8.0,31.0,58.0,11.0,29.0,5.0,8.0,9.0,17.0,17.0,7.0,36.0,26.0,,2.0,0.048,1.0,,1.0,10.0,0.0,1.0,
13981966,2026-03-15,16:30:00,Raków Częstochowa,Górnik Zabrze,False,1,3,57.0,1.43,4.0,15.0,3.0,7.0,10.0,437.0,11.0,12.0,,3.0,0.0,7.0,5.0,9.0,6.0,1.0,3.0,0.0,18.0,1.0,,378.0,21.0,39.0,73.0,100.0,19.0,37.0,6.0,23.0,52.0,9.0,27.0,58.0,18.0,29.0,6.0,14.0,8.0,11.0,11.0,11.0,34.0,22.0,,3.0,-1.4782,0.0,,0.0,3.0,1.0,0.0,
13981965,2026-03-16,18:00:00,Pogoń Szczecin,MKS Korona Kielce,True,2,1,64.0,2.15,1.0,23.0,4.0,10.0,12.0,506.0,17.0,7.0,0.0,7.0,0.0,10.0,6.0,21.0,2.0,,1.0,0.0,51.0,1.0,0.0,430.0,18.0,72.0,138.0,194.0,21.0,40.0,8.0,38.0,44.0,12.0,33.0,67.0,13.0,37.0,9.0,15.0,11.0,17.0,17.0,7.0,51.0,31.0,,4.0,0.1446,1.0,2.0,1.0,2.0,1.0,,
13981965,2026-03-16,18:00:00,MKS Korona Kielce,Pogoń Szczecin,False,1,2,36.0,0.74,2.0,5.0,5.0,3.0,7.0,294.0,18.0,12.0,1.0,4.0,0.0,1.0,0.0,5.0,0.0,,2.0,1.0,14.0,1.0,3.0,224.0,22.0,46.0,51.0,80.0,16.0,46.0,3.0,18.0,56.0,11.0,34.0,67.0,24.0,37.0,4.0,10.0,12.0,18.0,18.0,10.0,51.0,59.0,,5.0,-1.4136,0.0,1.0,2.0,10.0,0.0,,
13981976,2026-03-20,17:00:00,Piast Gliwice,Radomiak Radom,True,3,1,45.0,2.84,4.0,20.0,1.0,5.0,7.0,367.0,12.0,7.0,3.0,9.0,0.0,7.0,4.0,13.0,7.0,1.0,3.0,,35.0,4.0,1.0,279.0,16.0,64.0,103.0,151.0,25.0,66.0,5.0,17.0,45.0,11.0,24.0,56.0,14.0,28.0,5.0,10.0,6.0,12.0,12.0,10.0,55.0,28.0,,1.0,-0.1261,0.0,,0.0,6.0,0.0,,0.0
13981976,2026-03-20,17:00:00,Radomiak Radom,Piast Gliwice,False,1,3,55.0,0.58,1.0,6.0,6.0,3.0,8.0,455.0,16.0,7.0,3.0,2.0,0.0,3.0,1.0,5.0,1.0,0.0,1.0,,22.0,0.0,3.0,365.0,23.0,53.0,87.0,124.0,25.0,57.0,3.0,15.0,55.0,6.0,32.0,56.0,14.0,28.0,9.0,15.0,10.0,16.0,16.0,12.0,56.0,38.0,,6.0,0.2482,2.0,,2.0,9.0,1.0,,1.0
13981973,2026-03-20,19:30:00,Motor Lublin,Zagłębie Lubin,True,1,0,47.0,1.5,2.0,9.0,1.0,4.0,13.0,285.0,22.0,14.0,,1.0,0.0,4.0,4.0,9.0,0.0,1.0,1.0,,26.0,0.0,3.0,188.0,21.0,35.0,34.0,73.0,13.0,48.0,2.0,12.0,51.0,11.0,46.0,89.0,19.0,38.0,10.0,23.0,13.0,22.0,22.0,2.0,54.0,37.0,2.0,1.0,0.0348,,6.0,1.0,6.0,0.0,,
13981973,2026-03-20,19:30:00,Zagłębie Lubin,Motor Lublin,False,0,1,53.0,0.37,0.0,9.0,0.0,5.0,14.0,330.0,24.0,13.0,,1.0,0.0,4.0,4.0,7.0,2.0,0.0,0.0,,32.0,5.0,2.0,234.0,33.0,67.0,91.0,145.0,19.0,55.0,7.0,22.0,49.0,9.0,43.0,89.0,19.0,38.0,8.0,21.0,14.0,24.0,24.0,8.0,49.0,33.0,0.0,0.0,-0.138,,1.0,0.0,7.0,1.0,,
13981979,2026-03-21,13:45:00,Cracovia,GKS Katowice,True,1,0,40.0,1.2,1.0,9.0,3.0,6.0,11.0,280.0,13.0,13.0,2.0,2.0,0.0,3.0,4.0,7.0,2.0,1.0,1.0,,21.0,3.0,1.0,200.0,16.0,38.0,47.0,79.0,14.0,59.0,3.0,14.0,55.0,6.0,31.0,58.0,19.0,33.0,6.0,13.0,7.0,13.0,13.0,12.0,39.0,35.0,1.0,3.0,0.2333,,0.0,,11.0,,,
13981979,2026-03-21,13:45:00,GKS Katowice,Cracovia,False,0,1,60.0,1.67,2.0,17.0,1.0,3.0,14.0,416.0,13.0,11.0,1.0,4.0,0.0,7.0,6.0,11.0,6.0,0.0,2.0,,28.0,1.0,0.0,335.0,25.0,53.0,81.0,111.0,18.0,41.0,6.0,22.0,45.0,9.0,27.0,58.0,14.0,33.0,6.0,10.0,8.0,13.0,13.0,4.0,42.0,27.0,1.0,1.0,-0.0444,,1.0,,8.0,,,
13981972,2026-03-21,16:30:00,KS Lechia Gdańsk,Pogoń Szczecin,True,2,1,40.0,2.68,4.0,15.0,6.0,7.0,10.0,298.0,19.0,6.0,1.0,7.0,0.0,5.0,3.0,9.0,6.0,2.0,2.0,1.0,19.0,1.0,0.0,213.0,16.0,61.0,65.0,108.0,24.0,63.0,6.0,22.0,54.0,1.0,38.0,63.0,16.0,37.0,13.0,16.0,11.0,19.0,19.0,12.0,47.0,51.0,0.0,6.0,0.516,2.0,1.0,1.0,9.0,,,
13981972,2026-03-21,16:30:00,Pogoń Szczecin,KS Lechia Gdańsk,False,1,2,60.0,1.53,1.0,18.0,4.0,9.0,6.0,454.0,4.0,10.0,0.0,7.0,0.0,1.0,10.0,11.0,7.0,0.0,1.0,0.0,40.0,2.0,4.0,352.0,23.0,57.0,95.0,145.0,26.0,50.0,8.0,24.0,46.0,11.0,25.0,63.0,21.0,37.0,11.0,19.0,2.0,4.0,4.0,12.0,51.0,35.0,1.0,4.0,-0.3256,2.0,1.0,0.0,8.0,,,
14510058,2026-03-21,19:15:00,Jagiellonia Białystok,Wisła Płock,True,1,2,74.0,2.05,3.0,25.0,1.0,8.0,6.0,662.0,9.0,10.0,0.0,8.0,2.0,10.0,7.0,12.0,13.0,1.0,2.0,,32.0,4.0,,586.0,28.0,97.0,333.0,386.0,13.0,20.0,6.0,53.0,58.0,11.0,33.0,64.0,19.0,26.0,14.0,23.0,7.0,9.0,9.0,7.0,51.0,20.0,,1.0,-0.4178,,1.0,0.0,2.0,,,
14510058,2026-03-21,19:15:00,Wisła Płock,Jagiellonia Białystok,False,2,1,26.0,1.42,2.0,6.0,7.0,1.0,10.0,239.0,20.0,6.0,2.0,3.0,1.0,3.0,0.0,4.0,2.0,2.0,0.0,,12.0,1.0,,158.0,13.0,37.0,24.0,56.0,21.0,60.0,3.0,11.0,42.0,4.0,31.0,64.0,7.0,26.0,6.0,11.0,13.0,20.0,20.0,9.0,54.0,58.0,,7.0,0.1839,,3.0,1.0,12.0,,,
13981977,2026-03-22,11:15:00,MKS Korona Kielce,MZKS Arka Gdynia,True,3,0,54.0,3.01,4.0,25.0,5.0,7.0,14.0,410.0,16.0,15.0,1.0,4.0,0.0,9.0,12.0,19.0,6.0,2.0,2.0,,39.0,4.0,2.0,317.0,15.0,49.0,67.0,100.0,19.0,54.0,9.0,20.0,53.0,8.0,38.0,73.0,25.0,45.0,9.0,16.0,7.0,16.0,16.0,7.0,42.0,16.0,,5.0,1.3008,2.0,1.0,,8.0,,,
13981977,2026-03-22,11:15:00,MZKS Arka Gdynia,MKS Korona Kielce,False,0,3,46.0,0.81,2.0,10.0,1.0,3.0,16.0,355.0,15.0,14.0,1.0,5.0,0.0,4.0,1.0,7.0,3.0,0.0,2.0,,22.0,0.0,1.0,276.0,17.0,36.0,50.0,78.0,13.0,46.0,4.0,13.0,47.0,12.0,35.0,73.0,20.0,45.0,6.0,10.0,6.0,15.0,15.0,7.0,35.0,24.0,,1.0,-0.8248,1.0,0.0,,12.0,,,
13981975,2026-03-22,13:45:00,Lech Poznań,Bruk-Bet Termalica Nieciecza,True,4,1,67.0,3.58,6.0,26.0,3.0,6.0,7.0,560.0,12.0,17.0,0.0,9.0,1.0,10.0,7.0,15.0,11.0,2.0,4.0,1.0,37.0,5.0,1.0,499.0,15.0,57.0,113.0,150.0,26.0,38.0,9.0,24.0,54.0,5.0,36.0,60.0,9.0,23.0,7.0,15.0,5.0,12.0,12.0,5.0,39.0,11.0,0.0,3.0,-0.3032,1.0,1.0,0.0,4.0,1.0,0.0,
13981975,2026-03-22,13:45:00,Bruk-Bet Termalica Nieciecza,Lech Poznań,False,1,4,33.0,1.23,1.0,9.0,5.0,5.0,17.0,271.0,13.0,7.0,5.0,4.0,1.0,3.0,2.0,5.0,4.0,0.0,1.0,0.0,13.0,0.0,1.0,203.0,13.0,31.0,41.0,69.0,24.0,42.0,4.0,10.0,46.0,4.0,24.0,60.0,14.0,23.0,4.0,12.0,8.0,13.0,13.0,4.0,34.0,27.0,1.0,5.0,-1.2783,1.0,0.0,1.0,13.0,0.0,1.0,
13981980,2026-03-22,16:30:00,Widzew Łódź,Górnik Zabrze,True,0,0,46.0,0.3,,5.0,2.0,1.0,17.0,374.0,24.0,9.0,1.0,0.0,0.0,3.0,2.0,4.0,1.0,,,,18.0,1.0,0.0,259.0,34.0,58.0,51.0,100.0,25.0,59.0,1.0,15.0,41.0,17.0,39.0,96.0,16.0,37.0,6.0,21.0,18.0,24.0,24.0,11.0,47.0,18.0,0.0,2.0,0.2676,,0.0,1.0,10.0,,,
13981980,2026-03-22,16:30:00,Górnik Zabrze,Widzew Łódź,False,0,0,54.0,0.39,,8.0,0.0,2.0,9.0,443.0,32.0,17.0,1.0,2.0,0.0,3.0,3.0,4.0,4.0,,,,14.0,1.0,3.0,340.0,29.0,60.0,75.0,119.0,34.0,80.0,1.0,12.0,59.0,9.0,57.0,96.0,21.0,37.0,10.0,25.0,20.0,32.0,32.0,8.0,50.0,36.0,1.0,0.0,0.0,,1.0,0.0,3.0,,,
13981971,2026-03-22,19:15:00,Legia Warszawa,Raków Częstochowa,True,1,1,54.0,1.71,1.0,17.0,3.0,7.0,18.0,413.0,15.0,10.0,1.0,2.0,0.0,7.0,8.0,9.0,8.0,1.0,0.0,,31.0,2.0,2.0,341.0,19.0,53.0,104.0,139.0,14.0,36.0,8.0,29.0,47.0,9.0,30.0,69.0,25.0,49.0,5.0,17.0,7.0,15.0,15.0,11.0,46.0,21.0,1.0,3.0,0.2148,1.0,,1.0,4.0,1.0,,
13981971,2026-03-22,19:15:00,Raków Częstochowa,Legia Warszawa,False,1,1,46.0,1.52,2.0,11.0,1.0,3.0,11.0,379.0,21.0,18.0,3.0,4.0,1.0,4.0,3.0,6.0,5.0,1.0,1.0,,17.0,3.0,0.0,295.0,15.0,37.0,47.0,79.0,20.0,59.0,2.0,7.0,53.0,9.0,39.0,69.0,24.0,49.0,2.0,8.0,14.0,21.0,21.0,9.0,41.0,34.0,1.0,1.0,-0.016,0.0,,2.0,8.0,0.0,,
13981982,2026-04-04,10:15:00,GKS Katowice,Wisła Płock,True,1,0,64.0,0.94,1.0,15.0,4.0,10.0,9.0,543.0,15.0,9.0,3.0,5.0,1.0,6.0,4.0,9.0,6.0,1.0,0.0,0.0,31.0,1.0,2.0,478.0,12.0,61.0,172.0,203.0,24.0,41.0,12.0,42.0,55.0,3.0,28.0,55.0,19.0,31.0,5.0,11.0,7.0,15.0,15.0,4.0,43.0,25.0,0.0,4.0,0.8433,0.0,3.0,,7.0,,,
13981982,2026-04-04,10:15:00,Wisła Płock,GKS Katowice,False,0,1,36.0,1.1,2.0,15.0,4.0,2.0,9.0,312.0,9.0,9.0,1.0,4.0,1.0,7.0,4.0,11.0,4.0,0.0,2.0,1.0,24.0,1.0,1.0,242.0,15.0,53.0,65.0,101.0,25.0,71.0,5.0,17.0,45.0,6.0,27.0,55.0,12.0,31.0,10.0,19.0,6.0,9.0,9.0,9.0,40.0,38.0,1.0,4.0,0.0493,1.0,1.0,,10.0,,,
13981985,2026-04-04,12:45:00,Raków Częstochowa,Widzew Łódź,True,1,1,39.0,1.22,3.0,7.0,1.0,4.0,10.0,305.0,7.0,19.0,2.0,2.0,0.0,4.0,1.0,7.0,0.0,1.0,2.0,1.0,22.0,1.0,3.0,203.0,17.0,54.0,31.0,90.0,18.0,65.0,4.0,8.0,58.0,4.0,28.0,51.0,29.0,47.0,3.0,5.0,4.0,7.0,7.0,6.0,43.0,36.0,1.0,1.0,-0.9115,,1.0,,11.0,,1.0,
13981985,2026-04-04,12:45:00,Widzew Łódź,Raków Częstochowa,False,1,1,61.0,1.07,1.0,16.0,2.0,5.0,19.0,468.0,6.0,10.0,4.0,2.0,0.0,9.0,5.0,10.0,6.0,0.0,1.0,0.0,24.0,2.0,2.0,386.0,18.0,60.0,145.0,185.0,10.0,42.0,6.0,29.0,42.0,4.0,23.0,51.0,18.0,47.0,7.0,10.0,6.0,6.0,6.0,7.0,48.0,31.0,0.0,2.0,0.0243,,0.0,,5.0,,0.0,
13981983,2026-04-04,15:30:00,Górnik Zabrze,Cracovia,True,3,0,53.0,2.53,5.0,16.0,3.0,4.0,10.0,479.0,16.0,11.0,0.0,4.0,1.0,4.0,8.0,9.0,7.0,3.0,2.0,,32.0,3.0,2.0,404.0,15.0,52.0,85.0,119.0,29.0,64.0,7.0,13.0,47.0,10.0,34.0,73.0,11.0,23.0,8.0,20.0,7.0,16.0,16.0,16.0,52.0,15.0,1.0,3.0,0.3879,1.0,0.0,,10.0,0.0,,
13981983,2026-04-04,15:30:00,Cracovia,Górnik Zabrze,False,0,3,47.0,1.21,1.0,16.0,1.0,6.0,11.0,413.0,22.0,10.0,2.0,3.0,0.0,9.0,4.0,9.0,7.0,0.0,1.0,,16.0,3.0,0.0,338.0,24.0,50.0,58.0,91.0,14.0,43.0,4.0,16.0,53.0,9.0,39.0,73.0,12.0,23.0,7.0,14.0,6.0,22.0,22.0,10.0,44.0,18.0,0.0,1.0,-0.9069,0.0,1.0,,6.0,2.0,,
13981987,2026-04-04,18:15:00,Jagiellonia Białystok,Lech Poznań,True,0,0,49.0,1.04,2.0,10.0,3.0,3.0,15.0,472.0,20.0,12.0,3.0,3.0,0.0,5.0,2.0,6.0,4.0,,2.0,1.0,18.0,1.0,1.0,406.0,10.0,63.0,85.0,123.0,25.0,45.0,2.0,15.0,62.0,7.0,41.0,68.0,7.0,10.0,10.0,15.0,13.0,20.0,20.0,8.0,55.0,18.0,0.0,3.0,0.9781,2.0,0.0,,8.0,,,
13981987,2026-04-04,18:15:00,Lech Poznań,Jagiellonia Białystok,False,0,0,51.0,1.26,1.0,17.0,3.0,3.0,12.0,486.0,12.0,15.0,1.0,3.0,1.0,7.0,7.0,10.0,7.0,,1.0,0.0,30.0,1.0,0.0,430.0,19.0,54.0,101.0,124.0,24.0,44.0,9.0,17.0,38.0,9.0,27.0,68.0,3.0,10.0,2.0,13.0,7.0,12.0,12.0,11.0,46.0,19.0,1.0,3.0,0.9419,1.0,1.0,,8.0,,,
13981984,2026-04-06,10:15:00,Bruk-Bet Termalica Nieciecza,Piast Gliwice,True,3,2,38.0,1.4,2.0,6.0,5.0,3.0,10.0,289.0,11.0,8.0,3.0,5.0,1.0,1.0,0.0,4.0,2.0,2.0,,,8.0,1.0,1.0,185.0,17.0,57.0,28.0,78.0,21.0,64.0,1.0,8.0,47.0,5.0,24.0,55.0,20.0,39.0,5.0,11.0,5.0,11.0,11.0,9.0,51.0,59.0,0.0,5.0,-0.5377,1.0,,2.0,10.0,1.0,0.0,
13981984,2026-04-06,10:15:00,Piast Gliwice,Bruk-Bet Termalica Nieciecza,False,2,3,62.0,2.01,2.0,21.0,2.0,9.0,9.0,465.0,11.0,10.0,3.0,7.0,1.0,9.0,5.0,14.0,7.0,2.0,,,37.0,1.0,4.0,362.0,33.0,60.0,107.0,159.0,31.0,61.0,10.0,28.0,53.0,5.0,31.0,55.0,19.0,39.0,11.0,17.0,5.0,11.0,11.0,3.0,54.0,28.0,1.0,2.0,-0.7805,0.0,,0.0,3.0,1.0,1.0,
13981981,2026-04-06,12:45:00,Radomiak Radom,Motor Lublin,True,1,1,46.0,1.85,4.0,17.0,3.0,6.0,15.0,359.0,11.0,14.0,0.0,2.0,0.0,12.0,3.0,11.0,6.0,1.0,3.0,2.0,30.0,3.0,1.0,310.0,21.0,37.0,86.0,104.0,26.0,45.0,9.0,26.0,48.0,8.0,34.0,75.0,14.0,24.0,9.0,19.0,9.0,11.0,11.0,11.0,44.0,37.0,0.0,3.0,-0.2485,1.0,1.0,,9.0,0.0,,
13981981,2026-04-06,12:45:00,Motor Lublin,Radomiak Radom,False,1,1,54.0,1.01,2.0,15.0,1.0,10.0,14.0,420.0,18.0,15.0,3.0,3.0,1.0,8.0,4.0,9.0,6.0,0.0,2.0,0.0,29.0,3.0,1.0,359.0,14.0,52.0,92.0,121.0,10.0,30.0,9.0,40.0,52.0,7.0,41.0,75.0,10.0,24.0,10.0,14.0,13.0,18.0,18.0,4.0,36.0,24.0,1.0,1.0,0.1284,0.0,0.0,,14.0,1.0,,
13981986,2026-04-06,15:30:00,Pogoń Szczecin,Legia Warszawa,True,0,2,58.0,0.8,1.0,14.0,4.0,4.0,9.0,451.0,15.0,11.0,2.0,1.0,1.0,5.0,8.0,5.0,9.0,0.0,1.0,,19.0,2.0,6.0,361.0,10.0,48.0,101.0,142.0,19.0,52.0,3.0,14.0,52.0,9.0,35.0,67.0,19.0,37.0,11.0,17.0,11.0,15.0,15.0,3.0,53.0,36.0,0.0,4.0,0.2172,0.0,2.0,1.0,7.0,2.0,,
13981986,2026-04-06,15:30:00,Legia Warszawa,Pogoń Szczecin,False,2,0,42.0,2.22,3.0,10.0,1.0,3.0,11.0,319.0,15.0,9.0,1.0,6.0,1.0,4.0,1.0,10.0,0.0,1.0,2.0,,26.0,1.0,2.0,234.0,24.0,57.0,105.0,148.0,15.0,50.0,4.0,20.0,48.0,8.0,32.0,67.0,18.0,37.0,9.0,16.0,8.0,15.0,15.0,9.0,52.0,28.0,1.0,1.0,0.0491,1.0,0.0,0.0,5.0,0.0,,
13981974,2026-04-06,18:15:00,KS Lechia Gdańsk,MKS Korona Kielce,True,4,2,52.0,3.56,7.0,17.0,2.0,6.0,14.0,367.0,21.0,5.0,4.0,9.0,0.0,3.0,5.0,10.0,7.0,3.0,4.0,1.0,36.0,2.0,3.0,296.0,20.0,50.0,96.0,134.0,19.0,37.0,5.0,21.0,48.0,6.0,35.0,62.0,7.0,25.0,9.0,12.0,11.0,21.0,21.0,4.0,52.0,40.0,1.0,2.0,0.7044,1.0,2.0,,6.0,0.0,0.0,
13981974,2026-04-06,18:15:00,MKS Korona Kielce,KS Lechia Gdańsk,False,2,4,48.0,1.89,3.0,18.0,4.0,5.0,6.0,342.0,9.0,13.0,0.0,4.0,0.0,5.0,9.0,14.0,4.0,1.0,2.0,2.0,40.0,1.0,1.0,265.0,25.0,42.0,54.0,94.0,14.0,40.0,4.0,19.0,52.0,13.0,27.0,62.0,18.0,25.0,6.0,14.0,4.0,9.0,9.0,5.0,52.0,41.0,1.0,4.0,-0.4944,2.0,0.0,,5.0,2.0,1.0,
13981978,2026-04-07,17:00:00,MZKS Arka Gdynia,Zagłębie Lubin,True,3,1,50.0,1.86,2.0,14.0,1.0,5.0,13.0,315.0,9.0,15.0,3.0,5.0,0.0,5.0,4.0,9.0,5.0,1.0,1.0,,24.0,3.0,4.0,226.0,17.0,45.0,56.0,96.0,22.0,52.0,5.0,13.0,52.0,13.0,35.0,72.0,29.0,51.0,12.0,16.0,3.0,9.0,9.0,5.0,39.0,39.0,0.0,1.0,0.0615,,2.0,1.0,9.0,,0.0,
13981978,2026-04-07,17:00:00,Zagłębie Lubin,MZKS Arka Gdynia,False,1,3,50.0,0.87,1.0,11.0,2.0,5.0,15.0,297.0,17.0,13.0,4.0,2.0,0.0,5.0,4.0,7.0,4.0,1.0,0.0,,21.0,3.0,0.0,210.0,17.0,66.0,67.0,119.0,29.0,59.0,7.0,30.0,48.0,3.0,37.0,72.0,22.0,51.0,7.0,13.0,14.0,17.0,17.0,8.0,36.0,30.0,1.0,2.0,-0.5046,,0.0,0.0,7.0,,1.0,
13981988,2026-04-10,16:00:00,Wisła Płock,KS Lechia Gdańsk,True,1,0,32.0,1.38,2.0,9.0,2.0,4.0,10.0,231.0,11.0,9.0,2.0,4.0,0.0,3.0,2.0,6.0,3.0,1.0,1.0,,13.0,2.0,1.0,171.0,21.0,41.0,34.0,62.0,32.0,67.0,3.0,16.0,50.0,3.0,24.0,50.0,18.0,34.0,4.0,8.0,7.0,11.0,11.0,11.0,39.0,58.0,,2.0,0.1387,1.0,1.0,3.0,9.0,,,
13981988,2026-04-10,16:00:00,KS Lechia Gdańsk,Wisła Płock,False,0,1,68.0,1.34,2.0,17.0,3.0,13.0,9.0,476.0,7.0,10.0,2.0,2.0,0.0,6.0,9.0,9.0,8.0,0.0,2.0,,23.0,2.0,3.0,409.0,26.0,81.0,139.0,177.0,26.0,46.0,7.0,52.0,50.0,4.0,26.0,50.0,16.0,34.0,9.0,16.0,5.0,7.0,7.0,4.0,51.0,19.0,,3.0,0.6164,0.0,0.0,0.0,6.0,,,
13981992,2026-04-10,18:30:00,MKS Korona Kielce,Jagiellonia Białystok,True,1,1,36.0,2.42,4.0,21.0,3.0,5.0,9.0,262.0,12.0,11.0,0.0,5.0,0.0,6.0,10.0,15.0,6.0,1.0,3.0,2.0,43.0,2.0,4.0,188.0,20.0,45.0,72.0,110.0,18.0,46.0,8.0,24.0,57.0,11.0,31.0,58.0,16.0,25.0,9.0,11.0,5.0,12.0,12.0,10.0,45.0,30.0,0.0,3.0,0.0878,,0.0,0.0,5.0,,,
13981992,2026-04-10,18:30:00,Jagiellonia Białystok,MKS Korona Kielce,False,1,1,64.0,1.09,1.0,10.0,4.0,3.0,11.0,512.0,13.0,8.0,1.0,4.0,0.0,3.0,3.0,5.0,5.0,1.0,0.0,1.0,19.0,4.0,1.0,413.0,20.0,42.0,84.0,114.0,24.0,65.0,1.0,5.0,43.0,7.0,27.0,58.0,9.0,25.0,7.0,12.0,8.0,13.0,13.0,5.0,42.0,26.0,2.0,4.0,0.965,,1.0,1.0,12.0,,,
13981996,2026-04-11,12:45:00,Widzew Łódź,Bruk-Bet Termalica Nieciecza,True,1,0,56.0,2.07,6.0,20.0,2.0,10.0,14.0,394.0,15.0,19.0,3.0,8.0,1.0,5.0,7.0,14.0,6.0,1.0,5.0,0.0,26.0,5.0,2.0,309.0,23.0,62.0,83.0,130.0,23.0,55.0,10.0,36.0,52.0,11.0,40.0,73.0,27.0,56.0,6.0,11.0,5.0,15.0,15.0,14.0,42.0,33.0,1.0,2.0,0.485,1.0,2.0,1.0,7.0,,0.0,
13981996,2026-04-11,12:45:00,Bruk-Bet Termalica Nieciecza,Widzew Łódź,False,0,1,44.0,0.8,1.0,9.0,7.0,1.0,19.0,322.0,16.0,14.0,3.0,2.0,0.0,4.0,3.0,7.0,2.0,0.0,1.0,1.0,25.0,4.0,2.0,225.0,22.0,67.0,72.0,125.0,27.0,65.0,3.0,16.0,48.0,7.0,33.0,73.0,29.0,56.0,5.0,13.0,8.0,16.0,16.0,7.0,39.0,44.0,0.0,7.0,1.568,1.0,1.0,0.0,13.0,,1.0,
13981998,2026-04-11,15:30:00,Zagłębie Lubin,Radomiak Radom,True,1,0,37.0,1.03,2.0,17.0,0.0,1.0,24.0,247.0,17.0,14.0,1.0,3.0,0.0,8.0,6.0,10.0,7.0,1.0,1.0,1.0,22.0,3.0,2.0,155.0,18.0,54.0,58.0,104.0,25.0,64.0,5.0,13.0,49.0,5.0,31.0,76.0,33.0,55.0,3.0,7.0,7.0,17.0,17.0,12.0,41.0,32.0,0.0,0.0,0.0,,2.0,1.0,14.0,0.0,,
13981998,2026-04-11,15:30:00,Radomiak Radom,Zagłębie Lubin,False,0,1,63.0,1.26,4.0,11.0,2.0,3.0,14.0,413.0,9.0,24.0,4.0,0.0,0.0,8.0,3.0,7.0,4.0,0.0,4.0,0.0,23.0,2.0,0.0,325.0,12.0,50.0,73.0,108.0,28.0,61.0,8.0,26.0,51.0,7.0,45.0,76.0,22.0,55.0,13.0,23.0,4.0,9.0,9.0,2.0,41.0,28.0,1.0,2.0,-0.4728,,2.0,0.0,13.0,1.0,,
13981989,2026-04-11,18:15:00,Legia Warszawa,Górnik Zabrze,True,1,1,43.0,1.87,4.0,14.0,1.0,6.0,14.0,362.0,18.0,9.0,4.0,1.0,0.0,8.0,5.0,12.0,2.0,1.0,3.0,,26.0,3.0,0.0,294.0,13.0,59.0,88.0,124.0,24.0,47.0,7.0,24.0,49.0,6.0,31.0,72.0,21.0,35.0,5.0,19.0,12.0,18.0,18.0,8.0,35.0,21.0,0.0,1.0,-0.3032,1.0,0.0,0.0,7.0,,,
13981989,2026-04-11,18:15:00,Górnik Zabrze,Legia Warszawa,False,1,1,57.0,0.4,2.0,7.0,0.0,3.0,10.0,506.0,20.0,14.0,3.0,2.0,0.0,3.0,2.0,3.0,4.0,1.0,1.0,,19.0,1.0,1.0,422.0,14.0,46.0,88.0,120.0,27.0,64.0,3.0,13.0,51.0,13.0,41.0,72.0,14.0,35.0,9.0,14.0,13.0,20.0,20.0,5.0,31.0,33.0,1.0,0.0,-0.0147,0.0,2.0,2.0,10.0,,,
13981991,2026-04-12,10:15:00,Cracovia,MZKS Arka Gdynia,True,2,2,51.0,1.37,4.0,14.0,1.0,5.0,20.0,372.0,16.0,10.0,1.0,7.0,0.0,4.0,3.0,9.0,5.0,2.0,2.0,,21.0,1.0,1.0,282.0,21.0,58.0,80.0,138.0,14.0,49.0,5.0,13.0,47.0,8.0,33.0,80.0,25.0,44.0,8.0,17.0,6.0,16.0,16.0,12.0,54.0,27.0,0.0,1.0,-0.8181,0.0,1.0,,5.0,,,
13981991,2026-04-12,10:15:00,MZKS Arka Gdynia,Cracovia,False,2,2,49.0,0.56,2.0,10.0,5.0,3.0,10.0,355.0,17.0,20.0,0.0,4.0,0.0,3.0,3.0,7.0,3.0,1.0,1.0,,17.0,4.0,1.0,269.0,23.0,41.0,48.0,84.0,27.0,61.0,6.0,19.0,53.0,12.0,47.0,80.0,19.0,44.0,10.0,14.0,10.0,17.0,17.0,13.0,52.0,26.0,1.0,5.0,0.5648,1.0,1.0,,8.0,,,
13981990,2026-04-12,12:45:00,Motor Lublin,Raków Częstochowa,True,1,1,51.0,1.13,2.0,7.0,4.0,7.0,13.0,370.0,10.0,7.0,3.0,3.0,0.0,2.0,2.0,4.0,3.0,1.0,1.0,,20.0,1.0,2.0,284.0,14.0,50.0,67.0,108.0,14.0,50.0,5.0,19.0,32.0,10.0,24.0,67.0,11.0,42.0,8.0,16.0,7.0,10.0,10.0,5.0,59.0,29.0,1.0,4.0,0.9367,,0.0,,9.0,,,
13981990,2026-04-12,12:45:00,Raków Częstochowa,Motor Lublin,False,1,1,49.0,2.21,2.0,12.0,2.0,4.0,7.0,357.0,18.0,12.0,0.0,5.0,0.0,5.0,2.0,10.0,2.0,1.0,1.0,,29.0,5.0,1.0,273.0,22.0,67.0,91.0,141.0,35.0,65.0,8.0,16.0,68.0,5.0,43.0,67.0,31.0,42.0,12.0,17.0,10.0,18.0,18.0,4.0,51.0,33.0,0.0,2.0,0.0704,,2.0,,8.0,,,
13981993,2026-04-12,15:30:00,Lech Poznań,GKS Katowice,True,3,3,63.0,1.16,2.0,18.0,5.0,6.0,10.0,541.0,15.0,9.0,1.0,6.0,0.0,3.0,9.0,13.0,5.0,0.0,2.0,1.0,35.0,1.0,1.0,476.0,9.0,49.0,117.0,142.0,14.0,36.0,5.0,26.0,47.0,8.0,26.0,52.0,8.0,21.0,2.0,5.0,9.0,15.0,15.0,3.0,46.0,26.0,1.0,5.0,0.4136,1.0,,1.0,13.0,,,
13981993,2026-04-12,15:30:00,GKS Katowice,Lech Poznań,False,3,3,37.0,1.48,4.0,18.0,4.0,9.0,9.0,319.0,11.0,10.0,0.0,9.0,0.0,6.0,3.0,14.0,4.0,2.0,2.0,0.0,25.0,0.0,3.0,262.0,8.0,44.0,62.0,91.0,22.0,52.0,7.0,25.0,53.0,6.0,26.0,52.0,13.0,21.0,5.0,14.0,9.0,11.0,11.0,10.0,56.0,28.0,0.0,4.0,-1.8906,2.0,,0.0,5.0,,,
13982000,2026-04-13,17:00:00,Piast Gliwice,Pogoń Szczecin,True,0,2,59.0,1.81,5.0,16.0,1.0,11.0,13.0,434.0,15.0,14.0,1.0,2.0,1.0,11.0,3.0,12.0,4.0,0.0,5.0,1.0,31.0,3.0,0.0,351.0,24.0,66.0,95.0,139.0,16.0,49.0,9.0,34.0,57.0,10.0,34.0,66.0,20.0,28.0,6.0,10.0,8.0,15.0,15.0,13.0,46.0,22.0,,1.0,-0.0491,1.0,1.0,1.0,3.0,,,
13982000,2026-04-13,17:00:00,Pogoń Szczecin,Piast Gliwice,False,2,0,41.0,1.7,2.0,4.0,2.0,1.0,14.0,320.0,14.0,12.0,1.0,3.0,0.0,1.0,0.0,4.0,0.0,2.0,1.0,0.0,14.0,3.0,2.0,222.0,16.0,53.0,50.0,98.0,18.0,71.0,1.0,7.0,43.0,8.0,32.0,66.0,8.0,28.0,7.0,14.0,9.0,14.0,14.0,9.0,48.0,40.0,,2.0,0.4616,1.0,4.0,1.0,16.0,,,
13982004,2026-04-17,16:00:00,GKS Katowice,Motor Lublin,True,3,2,45.0,2.89,3.0,22.0,6.0,4.0,12.0,327.0,18.0,14.0,2.0,8.0,0.0,10.0,4.0,19.0,3.0,2.0,1.0,1.0,53.0,3.0,2.0,241.0,16.0,53.0,98.0,141.0,14.0,52.0,12.0,24.0,57.0,4.0,43.0,74.0,19.0,35.0,12.0,19.0,14.0,18.0,18.0,11.0,45.0,36.0,0.0,6.0,-0.0637,1.0,3.0,2.0,5.0,,0.0,
13982004,2026-04-17,16:00:00,Motor Lublin,GKS Katowice,False,2,3,55.0,1.67,2.0,16.0,4.0,7.0,14.0,412.0,11.0,12.0,5.0,8.0,0.0,4.0,4.0,10.0,6.0,0.0,2.0,1.0,29.0,0.0,2.0,324.0,16.0,50.0,64.0,102.0,14.0,47.0,4.0,22.0,43.0,11.0,31.0,74.0,16.0,35.0,8.0,15.0,7.0,11.0,11.0,9.0,40.0,28.0,1.0,4.0,-0.6881,0.0,0.0,0.0,17.0,,1.0,
13981997,2026-04-17,18:30:00,Legia Warszawa,Zagłębie Lubin,True,1,0,62.0,1.8,2.0,14.0,1.0,10.0,12.0,385.0,12.0,17.0,1.0,4.0,1.0,7.0,3.0,8.0,6.0,1.0,1.0,,32.0,1.0,1.0,296.0,16.0,55.0,99.0,142.0,30.0,72.0,6.0,25.0,46.0,6.0,37.0,69.0,16.0,47.0,8.0,16.0,10.0,12.0,12.0,5.0,46.0,23.0,1.0,1.0,0.7241,,,,6.0,,,
13981997,2026-04-17,18:30:00,Zagłębie Lubin,Legia Warszawa,False,0,1,38.0,0.41,1.0,8.0,1.0,4.0,17.0,235.0,14.0,12.0,3.0,1.0,0.0,4.0,3.0,7.0,1.0,0.0,1.0,,19.0,3.0,3.0,151.0,11.0,45.0,28.0,64.0,24.0,65.0,3.0,16.0,54.0,7.0,32.0,69.0,31.0,47.0,8.0,13.0,10.0,14.0,14.0,8.0,41.0,39.0,0.0,1.0,0.3038,,,,12.0,,,
13982003,2026-04-18,12:45:00,Radomiak Radom,Widzew Łódź,True,2,1,51.0,2.33,2.0,20.0,2.0,6.0,12.0,341.0,10.0,15.0,5.0,5.0,2.0,8.0,7.0,14.0,6.0,1.0,1.0,,26.0,3.0,2.0,262.0,15.0,56.0,80.0,128.0,15.0,47.0,7.0,29.0,47.0,7.0,31.0,60.0,14.0,35.0,8.0,14.0,7.0,10.0,10.0,13.0,53.0,27.0,,2.0,-0.9365,,1.0,0.0,6.0,,,
13982003,2026-04-18,12:45:00,Widzew Łódź,Radomiak Radom,False,1,2,49.0,0.23,0.0,7.0,3.0,2.0,15.0,341.0,13.0,12.0,1.0,2.0,0.0,4.0,1.0,3.0,4.0,0.0,0.0,,23.0,5.0,0.0,240.0,14.0,55.0,59.0,105.0,26.0,59.0,3.0,15.0,53.0,5.0,29.0,60.0,21.0,35.0,7.0,12.0,8.0,13.0,13.0,10.0,51.0,39.0,,3.0,-0.6966,,1.0,1.0,11.0,,,
13982001,2026-04-18,15:30:00,Górnik Zabrze,MKS Korona Kielce,True,1,0,57.0,1.71,3.0,20.0,3.0,6.0,5.0,432.0,9.0,15.0,0.0,6.0,0.0,8.0,6.0,11.0,9.0,1.0,2.0,1.0,34.0,3.0,1.0,364.0,18.0,46.0,139.0,174.0,25.0,53.0,3.0,24.0,53.0,6.0,30.0,57.0,18.0,33.0,8.0,18.0,7.0,9.0,9.0,8.0,52.0,24.0,1.0,3.0,1.6672,,3.0,1.0,9.0,,,
13982001,2026-04-18,15:30:00,MKS Korona Kielce,Górnik Zabrze,False,0,1,43.0,1.22,4.0,17.0,5.0,6.0,15.0,310.0,16.0,5.0,3.0,3.0,1.0,6.0,8.0,13.0,4.0,0.0,4.0,1.0,32.0,1.0,0.0,237.0,15.0,39.0,52.0,87.0,9.0,36.0,9.0,28.0,47.0,4.0,27.0,57.0,15.0,33.0,6.0,11.0,9.0,16.0,16.0,3.0,47.0,29.0,1.0,5.0,0.8861,,0.0,0.0,13.0,,,
13982002,2026-04-18,18:15:00,Pogoń Szczecin,Lech Poznań,True,1,2,55.0,0.61,1.0,6.0,9.0,5.0,13.0,425.0,11.0,12.0,3.0,3.0,0.0,2.0,1.0,5.0,1.0,1.0,0.0,0.0,14.0,2.0,1.0,345.0,16.0,61.0,87.0,131.0,28.0,63.0,5.0,22.0,52.0,8.0,28.0,62.0,20.0,31.0,6.0,13.0,6.0,11.0,11.0,13.0,44.0,29.0,1.0,9.0,1.1221,3.0,0.0,0.0,10.0,,,
13982002,2026-04-18,18:15:00,Lech Poznań,Pogoń Szczecin,False,2,1,45.0,3.74,5.0,22.0,1.0,6.0,12.0,345.0,15.0,13.0,3.0,11.0,0.0,8.0,3.0,14.0,8.0,1.0,4.0,5.0,33.0,3.0,5.0,266.0,23.0,38.0,67.0,100.0,15.0,42.0,4.0,15.0,48.0,7.0,34.0,62.0,11.0,31.0,7.0,11.0,12.0,15.0,15.0,11.0,53.0,35.0,0.0,1.0,-0.2204,0.0,3.0,1.0,4.0,,,
13981995,2026-04-19,10:15:00,Bruk-Bet Termalica Nieciecza,Wisła Płock,True,1,3,57.0,1.62,3.0,14.0,4.0,2.0,9.0,479.0,9.0,13.0,2.0,7.0,0.0,6.0,1.0,7.0,7.0,0.0,3.0,,27.0,5.0,0.0,403.0,21.0,70.0,100.0,144.0,19.0,40.0,14.0,28.0,54.0,4.0,24.0,45.0,19.0,35.0,5.0,10.0,8.0,9.0,9.0,6.0,35.0,20.0,,4.0,-0.5405,2.0,,0.0,8.0,,,
13981995,2026-04-19,10:15:00,Wisła Płock,Bruk-Bet Termalica Nieciecza,False,3,1,43.0,1.5,4.0,16.0,6.0,5.0,13.0,371.0,9.0,9.0,0.0,7.0,0.0,7.0,2.0,10.0,6.0,2.0,2.0,,21.0,0.0,4.0,310.0,16.0,44.0,75.0,105.0,32.0,58.0,6.0,15.0,46.0,3.0,21.0,45.0,16.0,35.0,3.0,9.0,3.0,9.0,9.0,9.0,43.0,30.0,,6.0,0.9349,1.0,,1.0,9.0,,,
13982006,2026-04-19,12:45:00,Raków Częstochowa,Cracovia,True,4,1,61.0,1.76,4.0,9.0,5.0,2.0,10.0,558.0,5.0,16.0,1.0,7.0,0.0,1.0,1.0,7.0,2.0,3.0,1.0,,17.0,2.0,1.0,490.0,9.0,46.0,62.0,91.0,15.0,43.0,4.0,10.0,53.0,4.0,31.0,61.0,14.0,24.0,9.0,16.0,2.0,5.0,5.0,6.0,41.0,36.0,,5.0,1.2072,2.0,,0.0,8.0,,0.0,
13982006,2026-04-19,12:45:00,Cracovia,Raków Częstochowa,False,1,4,39.0,1.58,3.0,19.0,3.0,7.0,17.0,343.0,11.0,10.0,2.0,6.0,0.0,4.0,9.0,9.0,10.0,1.0,2.0,,24.0,1.0,1.0,265.0,11.0,48.0,83.0,123.0,19.0,55.0,4.0,22.0,47.0,3.0,30.0,61.0,10.0,24.0,9.0,11.0,4.0,11.0,11.0,6.0,51.0,19.0,,3.0,-0.342,1.0,,2.0,2.0,,1.0,
13981994,2026-04-19,15:30:00,MZKS Arka Gdynia,Jagiellonia Białystok,True,0,3,49.0,2.6,4.0,18.0,2.0,7.0,12.0,347.0,10.0,16.0,2.0,7.0,0.0,7.0,4.0,15.0,3.0,0.0,4.0,,31.0,5.0,1.0,285.0,20.0,56.0,85.0,123.0,23.0,44.0,9.0,34.0,53.0,10.0,32.0,61.0,19.0,35.0,6.0,11.0,7.0,10.0,10.0,12.0,41.0,14.0,0.0,2.0,0.0701,1.0,0.0,0.0,4.0,1.0,,
13981994,2026-04-19,15:30:00,Jagiellonia Białystok,MZKS Arka Gdynia,False,3,0,51.0,1.46,4.0,10.0,6.0,3.0,16.0,387.0,15.0,12.0,4.0,5.0,0.0,4.0,1.0,9.0,1.0,2.0,2.0,,20.0,0.0,4.0,320.0,19.0,33.0,58.0,77.0,12.0,35.0,3.0,11.0,47.0,5.0,29.0,61.0,16.0,35.0,3.0,8.0,10.0,15.0,15.0,4.0,46.0,30.0,1.0,6.0,1.5896,2.0,3.0,2.0,9.0,0.0,,
13981999,2026-04-20,17:00:00,KS Lechia Gdańsk,Piast Gliwice,True,1,1,55.0,1.53,3.0,20.0,1.0,11.0,13.0,412.0,19.0,9.0,1.0,7.0,0.0,6.0,7.0,14.0,6.0,0.0,3.0,1.0,46.0,1.0,1.0,326.0,32.0,71.0,117.0,169.0,26.0,60.0,9.0,30.0,50.0,5.0,37.0,75.0,16.0,31.0,10.0,21.0,13.0,19.0,19.0,4.0,51.0,7.0,,1.0,-0.0863,,,,7.0,,0.0,
13981999,2026-04-20,17:00:00,Piast Gliwice,KS Lechia Gdańsk,False,1,1,45.0,1.6,2.0,8.0,5.0,0.0,9.0,347.0,16.0,12.0,3.0,2.0,0.0,4.0,2.0,5.0,3.0,1.0,1.0,0.0,14.0,2.0,0.0,278.0,15.0,49.0,73.0,97.0,23.0,49.0,2.0,9.0,50.0,7.0,38.0,75.0,15.0,31.0,9.0,21.0,10.0,16.0,16.0,11.0,59.0,48.0,,5.0,0.0968,,,,7.0,,1.0,
13982007,2026-04-24,16:00:00,Zagłębie Lubin,Bruk-Bet Termalica Nieciecza,True,1,2,42.0,0.56,1.0,10.0,6.0,6.0,11.0,276.0,15.0,16.0,6.0,2.0,0.0,5.0,3.0,9.0,1.0,1.0,0.0,1.0,30.0,2.0,0.0,185.0,19.0,46.0,42.0,86.0,26.0,63.0,5.0,19.0,64.0,5.0,35.0,57.0,37.0,56.0,5.0,8.0,7.0,15.0,15.0,4.0,39.0,41.0,,6.0,-0.618,2.0,2.0,1.0,7.0,1.0,1.0,
13982007,2026-04-24,16:00:00,Bruk-Bet Termalica Nieciecza,Zagłębie Lubin,False,2,1,58.0,1.65,3.0,15.0,1.0,4.0,16.0,388.0,8.0,11.0,2.0,8.0,0.0,3.0,4.0,7.0,8.0,2.0,1.0,1.0,29.0,2.0,1.0,316.0,22.0,50.0,96.0,127.0,21.0,42.0,4.0,29.0,36.0,7.0,22.0,57.0,19.0,56.0,6.0,14.0,4.0,8.0,8.0,2.0,35.0,34.0,,1.0,-0.4109,1.0,0.0,0.0,11.0,0.0,0.0,
13982014,2026-04-24,18:30:00,Jagiellonia Białystok,Górnik Zabrze,True,1,2,61.0,1.36,3.0,18.0,3.0,7.0,13.0,512.0,20.0,14.0,4.0,7.0,1.0,5.0,6.0,8.0,10.0,1.0,2.0,,32.0,8.0,1.0,433.0,16.0,67.0,116.0,160.0,8.0,26.0,6.0,23.0,55.0,6.0,46.0,83.0,14.0,27.0,14.0,29.0,13.0,20.0,20.0,4.0,43.0,20.0,,3.0,-0.5174,,0.0,1.0,5.0,0.0,,
13982014,2026-04-24,18:30:00,Górnik Zabrze,Jagiellonia Białystok,False,2,1,39.0,1.71,2.0,11.0,7.0,2.0,14.0,328.0,21.0,12.0,3.0,4.0,0.0,3.0,4.0,6.0,5.0,1.0,1.0,,17.0,3.0,1.0,256.0,13.0,49.0,52.0,85.0,15.0,51.0,2.0,7.0,45.0,10.0,37.0,83.0,13.0,27.0,4.0,14.0,14.0,21.0,21.0,12.0,42.0,38.0,,7.0,0.0605,,1.0,0.0,5.0,1.0,,
13982009,2026-04-25,12:45:00,MKS Korona Kielce,GKS Katowice,True,1,1,56.0,1.9,3.0,17.0,4.0,5.0,9.0,436.0,14.0,8.0,2.0,4.0,0.0,10.0,3.0,14.0,3.0,1.0,2.0,0.0,28.0,1.0,3.0,331.0,31.0,54.0,72.0,111.0,21.0,67.0,12.0,25.0,56.0,4.0,38.0,60.0,22.0,48.0,16.0,22.0,7.0,14.0,14.0,8.0,59.0,22.0,,4.0,1.0822,2.0,1.0,0.0,6.0,,,
13982009,2026-04-25,12:45:00,GKS Katowice,MKS Korona Kielce,False,1,1,44.0,1.88,2.0,16.0,3.0,3.0,8.0,354.0,10.0,9.0,0.0,5.0,0.0,6.0,5.0,12.0,4.0,1.0,1.0,1.0,27.0,0.0,1.0,253.0,24.0,44.0,46.0,80.0,20.0,66.0,5.0,15.0,44.0,9.0,22.0,60.0,26.0,48.0,3.0,8.0,9.0,10.0,10.0,6.0,44.0,39.0,,3.0,0.4344,0.0,1.0,1.0,14.0,,,
13982008,2026-04-25,15:30:00,KS Lechia Gdańsk,Raków Częstochowa,True,1,2,49.0,1.77,2.0,11.0,2.0,3.0,13.0,360.0,14.0,12.0,2.0,6.0,0.0,5.0,0.0,8.0,3.0,1.0,1.0,0.0,30.0,7.0,3.0,276.0,11.0,51.0,67.0,100.0,16.0,51.0,7.0,27.0,50.0,6.0,26.0,51.0,14.0,29.0,2.0,5.0,9.0,14.0,14.0,6.0,47.0,22.0,,2.0,-0.4677,0.0,1.0,,11.0,,,
13982008,2026-04-25,15:30:00,Raków Częstochowa,KS Lechia Gdańsk,False,2,1,51.0,1.6,1.0,16.0,5.0,3.0,13.0,393.0,9.0,13.0,2.0,4.0,0.0,4.0,8.0,12.0,4.0,1.0,0.0,1.0,22.0,3.0,0.0,317.0,13.0,44.0,52.0,86.0,24.0,57.0,3.0,15.0,50.0,3.0,25.0,51.0,15.0,29.0,5.0,16.0,4.0,9.0,9.0,4.0,42.0,32.0,,5.0,0.6681,1.0,1.0,,6.0,,,
13982010,2026-04-25,18:15:00,Cracovia,Pogoń Szczecin,True,1,1,55.0,0.98,4.0,13.0,1.0,7.0,14.0,415.0,13.0,20.0,3.0,4.0,0.0,8.0,1.0,10.0,3.0,1.0,3.0,,19.0,3.0,3.0,324.0,24.0,53.0,79.0,117.0,18.0,50.0,8.0,24.0,53.0,2.0,36.0,62.0,19.0,41.0,4.0,11.0,6.0,13.0,13.0,6.0,43.0,24.0,,1.0,-0.8165,1.0,2.0,0.0,10.0,,1.0,
13982010,2026-04-25,18:15:00,Pogoń Szczecin,Cracovia,False,1,1,45.0,0.97,1.0,9.0,3.0,0.0,20.0,349.0,9.0,14.0,4.0,2.0,1.0,6.0,1.0,4.0,5.0,0.0,1.0,,17.0,1.0,0.0,264.0,15.0,63.0,67.0,112.0,30.0,73.0,3.0,8.0,47.0,7.0,26.0,62.0,22.0,41.0,5.0,11.0,3.0,9.0,9.0,8.0,41.0,34.0,,3.0,0.0582,0.0,1.0,1.0,12.0,,0.0,
13982005,2026-04-26,10:15:00,Wisła Płock,Radomiak Radom,True,0,1,44.0,1.31,3.0,10.0,5.0,7.0,14.0,341.0,17.0,11.0,3.0,2.0,0.0,6.0,2.0,8.0,2.0,0.0,3.0,0.0,21.0,1.0,0.0,267.0,9.0,43.0,74.0,105.0,24.0,55.0,5.0,29.0,53.0,3.0,37.0,67.0,17.0,35.0,10.0,17.0,11.0,17.0,17.0,9.0,48.0,27.0,2.0,5.0,0.2719,1.0,1.0,1.0,10.0,,,
13982005,2026-04-26,10:15:00,Radomiak Radom,Wisła Płock,False,1,0,56.0,0.88,1.0,17.0,2.0,7.0,11.0,460.0,10.0,14.0,2.0,6.0,0.0,5.0,6.0,11.0,6.0,1.0,0.0,1.0,21.0,2.0,1.0,400.0,22.0,59.0,172.0,204.0,19.0,37.0,4.0,21.0,47.0,6.0,30.0,67.0,18.0,35.0,6.0,17.0,5.0,10.0,10.0,13.0,36.0,36.0,0.0,2.0,0.2211,0.0,0.0,1.0,12.0,,,
13982016,2026-04-26,12:45:00,Widzew Łódź,Motor Lublin,True,2,0,37.0,1.06,2.0,14.0,1.0,4.0,17.0,247.0,22.0,18.0,2.0,5.0,0.0,6.0,3.0,8.0,6.0,1.0,1.0,,20.0,5.0,1.0,173.0,20.0,48.0,50.0,90.0,20.0,55.0,8.0,18.0,53.0,9.0,45.0,90.0,16.0,25.0,5.0,15.0,15.0,22.0,22.0,10.0,52.0,28.0,0.0,1.0,0.0531,,,2.0,7.0,,,
13982016,2026-04-26,12:45:00,Motor Lublin,Widzew Łódź,False,0,2,63.0,0.77,1.0,9.0,3.0,6.0,18.0,435.0,19.0,17.0,1.0,1.0,0.0,3.0,5.0,8.0,1.0,0.0,1.0,,23.0,1.0,2.0,355.0,28.0,49.0,59.0,98.0,10.0,32.0,3.0,20.0,47.0,12.0,45.0,90.0,9.0,25.0,9.0,19.0,13.0,19.0,19.0,9.0,45.0,23.0,3.0,3.0,-0.8189,,,0.0,7.0,,,
13982011,2026-04-26,15:30:00,Lech Poznań,Legia Warszawa,True,4,0,67.0,2.61,5.0,23.0,1.0,5.0,11.0,604.0,11.0,14.0,0.0,7.0,1.0,7.0,9.0,13.0,10.0,3.0,2.0,2.0,41.0,2.0,1.0,541.0,13.0,76.0,224.0,267.0,15.0,31.0,2.0,12.0,43.0,10.0,29.0,61.0,7.0,23.0,4.0,11.0,8.0,11.0,11.0,7.0,49.0,12.0,,1.0,0.0,,0.0,,5.0,,,
13982011,2026-04-26,15:30:00,Legia Warszawa,Lech Poznań,False,0,4,33.0,0.37,1.0,5.0,3.0,2.0,14.0,289.0,17.0,11.0,1.0,0.0,0.0,3.0,2.0,5.0,0.0,0.0,1.0,0.0,11.0,0.0,1.0,232.0,14.0,26.0,30.0,53.0,18.0,45.0,6.0,11.0,57.0,7.0,32.0,61.0,16.0,23.0,5.0,9.0,7.0,17.0,17.0,11.0,47.0,16.0,,3.0,-0.5231,,1.0,,13.0,,,
13982015,2026-04-27,17:00:00,Piast Gliwice,MZKS Arka Gdynia,True,4,1,64.0,2.3,4.0,24.0,2.0,6.0,11.0,512.0,15.0,6.0,2.0,12.0,1.0,6.0,6.0,17.0,7.0,2.0,2.0,,51.0,2.0,1.0,421.0,12.0,49.0,121.0,156.0,18.0,50.0,9.0,17.0,44.0,10.0,28.0,62.0,17.0,40.0,6.0,15.0,8.0,15.0,15.0,5.0,54.0,30.0,,2.0,0.254,0.0,0.0,,5.0,,,
13982015,2026-04-27,17:00:00,MZKS Arka Gdynia,Piast Gliwice,False,1,4,36.0,0.95,2.0,7.0,8.0,5.0,7.0,282.0,19.0,11.0,2.0,3.0,0.0,3.0,1.0,5.0,2.0,1.0,1.0,,12.0,1.0,3.0,189.0,22.0,52.0,40.0,85.0,19.0,64.0,4.0,13.0,56.0,5.0,34.0,62.0,23.0,40.0,5.0,15.0,10.0,19.0,19.0,11.0,41.0,20.0,,8.0,-0.7533,3.0,2.0,,10.0,,,
13982022,2026-05-01,15:30:00,MKS Korona Kielce,Piast Gliwice,True,1,1,51.0,1.88,4.0,12.0,2.0,5.0,15.0,408.0,14.0,12.0,1.0,7.0,2.0,2.0,3.0,11.0,1.0,1.0,3.0,0.0,20.0,2.0,2.0,324.0,23.0,47.0,63.0,95.0,17.0,56.0,5.0,16.0,50.0,4.0,29.0,59.0,28.0,54.0,3.0,13.0,10.0,14.0,14.0,6.0,43.0,33.0,0.0,2.0,0.331,,,,9.0,,,
13982022,2026-05-01,15:30:00,Piast Gliwice,MKS Korona Kielce,False,1,1,49.0,2.28,3.0,15.0,6.0,6.0,12.0,385.0,14.0,15.0,0.0,4.0,2.0,7.0,4.0,10.0,5.0,1.0,2.0,1.0,39.0,1.0,0.0,293.0,25.0,56.0,68.0,115.0,34.0,74.0,5.0,16.0,50.0,7.0,30.0,59.0,26.0,54.0,2.0,9.0,9.0,14.0,14.0,3.0,50.0,23.0,2.0,6.0,2.8458,,,,4.0,,,
13982012,2026-05-01,18:30:00,Legia Warszawa,Widzew Łódź,True,1,0,62.0,2.0,3.0,15.0,1.0,6.0,15.0,490.0,16.0,15.0,4.0,4.0,0.0,6.0,5.0,12.0,3.0,1.0,2.0,,35.0,4.0,,411.0,24.0,65.0,119.0,164.0,16.0,43.0,11.0,26.0,50.0,5.0,35.0,70.0,21.0,42.0,6.0,16.0,11.0,16.0,16.0,11.0,44.0,8.0,,1.0,0.0113,0.0,0.0,0.0,6.0,,,
13982012,2026-05-01,18:30:00,Widzew Łódź,Legia Warszawa,False,0,1,38.0,0.3,1.0,6.0,2.0,1.0,15.0,301.0,15.0,15.0,2.0,1.0,0.0,3.0,2.0,3.0,3.0,0.0,1.0,,12.0,1.0,,227.0,16.0,38.0,52.0,77.0,28.0,56.0,4.0,11.0,50.0,7.0,35.0,70.0,21.0,42.0,6.0,15.0,8.0,15.0,15.0,8.0,42.0,40.0,,2.0,0.4387,1.0,1.0,2.0,8.0,,,
13982017,2026-05-02,18:15:00,Motor Lublin,Lech Poznań,True,0,1,52.0,0.73,1.0,11.0,5.0,3.0,10.0,420.0,16.0,8.0,,1.0,0.0,8.0,2.0,9.0,2.0,,1.0,,20.0,1.0,2.0,347.0,16.0,45.0,68.0,103.0,18.0,52.0,6.0,13.0,47.0,4.0,31.0,67.0,10.0,21.0,7.0,17.0,9.0,16.0,16.0,7.0,51.0,18.0,1.0,5.0,0.1379,,2.0,0.0,15.0,,,
13982017,2026-05-02,18:15:00,Lech Poznań,Motor Lublin,False,1,0,48.0,1.73,2.0,24.0,1.0,7.0,8.0,384.0,14.0,10.0,,6.0,0.0,13.0,5.0,17.0,7.0,,2.0,,35.0,1.0,1.0,317.0,21.0,58.0,97.0,137.0,25.0,58.0,6.0,14.0,53.0,6.0,36.0,67.0,11.0,21.0,12.0,22.0,11.0,14.0,14.0,7.0,57.0,16.0,0.0,1.0,0.1948,,2.0,1.0,9.0,,,
13982024,2026-05-03,10:15:00,GKS Katowice,Bruk-Bet Termalica Nieciecza,True,5,1,43.0,1.97,7.0,12.0,1.0,3.0,10.0,301.0,10.0,9.0,0.0,7.0,2.0,4.0,1.0,9.0,3.0,4.0,3.0,1.0,18.0,1.0,1.0,229.0,12.0,37.0,42.0,70.0,20.0,49.0,4.0,9.0,46.0,4.0,22.0,47.0,13.0,29.0,3.0,9.0,5.0,10.0,10.0,9.0,40.0,42.0,,1.0,-0.3031,1.0,3.0,1.0,12.0,,,
13982024,2026-05-03,10:15:00,Bruk-Bet Termalica Nieciecza,GKS Katowice,False,1,5,57.0,1.26,2.0,17.0,3.0,9.0,9.0,392.0,10.0,10.0,1.0,1.0,1.0,7.0,9.0,12.0,5.0,0.0,2.0,1.0,33.0,3.0,1.0,308.0,15.0,60.0,76.0,124.0,25.0,52.0,6.0,28.0,54.0,4.0,25.0,47.0,16.0,29.0,5.0,11.0,5.0,10.0,10.0,8.0,47.0,19.0,,3.0,-1.6691,0.0,0.0,0.0,4.0,,,
13982018,2026-05-03,12:45:00,Zagłębie Lubin,Cracovia,True,0,0,32.0,1.3,2.0,18.0,2.0,5.0,6.0,219.0,8.0,14.0,2.0,3.0,1.0,6.0,9.0,12.0,6.0,,2.0,,26.0,3.0,0.0,144.0,15.0,43.0,38.0,77.0,25.0,62.0,5.0,14.0,55.0,4.0,25.0,43.0,25.0,48.0,5.0,10.0,5.0,8.0,8.0,6.0,33.0,53.0,0.0,2.0,0.1797,,3.0,0.0,9.0,,1.0,
13982018,2026-05-03,12:45:00,Cracovia,Zagłębie Lubin,False,0,0,68.0,0.78,1.0,15.0,3.0,11.0,14.0,444.0,9.0,6.0,2.0,3.0,1.0,4.0,8.0,5.0,10.0,,1.0,,34.0,2.0,2.0,379.0,21.0,58.0,169.0,206.0,15.0,33.0,11.0,41.0,45.0,4.0,18.0,43.0,23.0,48.0,3.0,7.0,6.0,9.0,9.0,2.0,30.0,34.0,1.0,3.0,0.7126,,1.0,1.0,9.0,,0.0,
13982020,2026-05-03,15:30:00,Pogoń Szczecin,Wisła Płock,True,3,0,51.0,1.99,5.0,11.0,4.0,5.0,10.0,338.0,20.0,8.0,1.0,7.0,0.0,4.0,1.0,7.0,4.0,3.0,2.0,,16.0,3.0,1.0,272.0,13.0,52.0,69.0,96.0,23.0,49.0,4.0,17.0,58.0,8.0,37.0,66.0,20.0,32.0,9.0,14.0,12.0,20.0,20.0,7.0,40.0,40.0,,4.0,0.3445,1.0,2.0,1.0,10.0,0.0,,
13982020,2026-05-03,15:30:00,Wisła Płock,Pogoń Szczecin,False,0,3,49.0,0.64,1.0,10.0,4.0,9.0,8.0,319.0,13.0,10.0,2.0,3.0,0.0,5.0,2.0,8.0,2.0,0.0,1.0,,26.0,3.0,3.0,246.0,23.0,44.0,58.0,99.0,13.0,50.0,5.0,24.0,42.0,10.0,29.0,66.0,12.0,32.0,7.0,17.0,7.0,13.0,13.0,5.0,41.0,22.0,,4.0,-0.2509,3.0,3.0,2.0,7.0,1.0,,
13982019,2026-05-04,17:00:00,Radomiak Radom,KS Lechia Gdańsk,True,3,1,34.0,1.1,1.0,13.0,6.0,4.0,10.0,252.0,13.0,9.0,1.0,5.0,1.0,4.0,4.0,8.0,5.0,1.0,1.0,1.0,12.0,1.0,0.0,171.0,15.0,48.0,29.0,71.0,18.0,57.0,3.0,9.0,51.0,4.0,27.0,61.0,22.0,36.0,6.0,13.0,8.0,13.0,13.0,9.0,40.0,41.0,,6.0,1.7062,3.0,1.0,,20.0,0.0,1.0,
13982019,2026-05-04,17:00:00,KS Lechia Gdańsk,Radomiak Radom,False,1,3,66.0,3.56,6.0,27.0,2.0,7.0,9.0,469.0,11.0,9.0,2.0,7.0,0.0,13.0,7.0,17.0,10.0,1.0,5.0,1.0,39.0,4.0,3.0,403.0,20.0,61.0,181.0,217.0,15.0,30.0,12.0,46.0,49.0,5.0,34.0,61.0,14.0,36.0,14.0,22.0,7.0,11.0,11.0,5.0,52.0,13.0,,2.0,-1.5414,2.0,1.0,,4.0,1.0,0.0,
13982013,2026-05-13,16:00:00,MZKS Arka Gdynia,Górnik Zabrze,True,0,0,36.0,1.32,2.0,11.0,1.0,1.0,14.0,275.0,16.0,12.0,0.0,2.0,0.0,7.0,2.0,8.0,3.0,,2.0,0.0,15.0,0.0,0.0,190.0,13.0,58.0,49.0,86.0,38.0,78.0,2.0,10.0,45.0,5.0,33.0,75.0,17.0,37.0,5.0,15.0,8.0,16.0,16.0,10.0,45.0,33.0,1.0,1.0,0.009,0.0,0.0,,12.0,,,
13982013,2026-05-13,16:00:00,Górnik Zabrze,MZKS Arka Gdynia,False,0,0,64.0,1.03,1.0,15.0,2.0,9.0,12.0,490.0,15.0,14.0,2.0,2.0,0.0,8.0,5.0,6.0,9.0,,1.0,1.0,29.0,3.0,3.0,398.0,21.0,70.0,116.0,164.0,27.0,60.0,0.0,22.0,55.0,5.0,42.0,75.0,20.0,37.0,14.0,25.0,10.0,15.0,15.0,4.0,50.0,29.0,0.0,2.0,0.554,1.0,1.0,,6.0,,,
13982021,2026-05-13,18:30:00,Raków Częstochowa,Jagiellonia Białystok,True,0,2,60.0,3.19,4.0,25.0,5.0,6.0,8.0,497.0,16.0,9.0,1.0,3.0,0.0,13.0,9.0,16.0,9.0,0.0,4.0,0.0,52.0,,0.0,433.0,20.0,66.0,184.0,226.0,27.0,39.0,17.0,40.0,56.0,8.0,31.0,56.0,13.0,23.0,7.0,13.0,10.0,16.0,16.0,9.0,60.0,10.0,1.0,5.0,0.058,1.0,1.0,,3.0,,,
13982021,2026-05-13,18:30:00,Jagiellonia Białystok,Raków Częstochowa,False,2,0,40.0,1.28,2.0,13.0,3.0,4.0,9.0,349.0,14.0,8.0,4.0,7.0,0.0,3.0,3.0,8.0,5.0,2.0,0.0,1.0,20.0,,1.0,268.0,17.0,37.0,65.0,95.0,20.0,61.0,2.0,8.0,44.0,8.0,25.0,56.0,10.0,23.0,4.0,12.0,9.0,14.0,14.0,10.0,55.0,33.0,0.0,3.0,0.5073,2.0,1.0,,18.0,,,
13982027,2026-05-08,16:00:00,Raków Częstochowa,MKS Korona Kielce,True,2,0,49.0,1.27,1.0,14.0,3.0,6.0,9.0,430.0,15.0,16.0,1.0,5.0,0.0,4.0,5.0,9.0,5.0,,1.0,1.0,33.0,4.0,2.0,349.0,19.0,58.0,105.0,148.0,26.0,58.0,5.0,22.0,55.0,16.0,42.0,81.0,21.0,33.0,11.0,22.0,10.0,15.0,15.0,8.0,54.0,26.0,2.0,3.0,0.2637,0.0,0.0,1.0,9.0,,,
13982027,2026-05-08,16:00:00,MKS Korona Kielce,Raków Częstochowa,False,0,2,51.0,1.35,1.0,11.0,3.0,2.0,16.0,448.0,27.0,9.0,2.0,3.0,0.0,6.0,2.0,6.0,5.0,,1.0,0.0,17.0,1.0,0.0,362.0,8.0,43.0,82.0,117.0,26.0,59.0,3.0,15.0,45.0,6.0,39.0,81.0,12.0,33.0,3.0,12.0,13.0,27.0,27.0,5.0,51.0,32.0,0.0,3.0,-0.6847,1.0,1.0,0.0,9.0,,,
13982030,2026-05-08,18:30:00,Lech Poznań,MZKS Arka Gdynia,True,1,1,81.0,1.99,3.0,25.0,2.0,15.0,7.0,665.0,11.0,13.0,1.0,7.0,1.0,11.0,7.0,18.0,7.0,1.0,2.0,1.0,64.0,2.0,,578.0,23.0,85.0,215.0,275.0,18.0,33.0,9.0,42.0,53.0,6.0,31.0,58.0,13.0,25.0,8.0,19.0,3.0,11.0,11.0,3.0,48.0,11.0,1.0,2.0,0.1099,1.0,1.0,1.0,3.0,,,
13982030,2026-05-08,18:30:00,MZKS Arka Gdynia,Lech Poznań,False,1,1,19.0,0.83,2.0,7.0,6.0,5.0,13.0,159.0,17.0,7.0,4.0,3.0,0.0,3.0,1.0,5.0,2.0,1.0,1.0,1.0,16.0,1.0,,91.0,7.0,43.0,21.0,55.0,18.0,57.0,4.0,11.0,47.0,6.0,27.0,58.0,12.0,25.0,4.0,9.0,13.0,17.0,17.0,12.0,49.0,63.0,0.0,6.0,0.5504,3.0,1.0,2.0,10.0,,,
13982035,2026-05-09,12:45:00,Widzew Łódź,KS Lechia Gdańsk,True,3,1,52.0,1.92,3.0,18.0,1.0,2.0,11.0,429.0,16.0,15.0,4.0,4.0,0.0,9.0,5.0,13.0,5.0,2.0,1.0,1.0,32.0,1.0,,344.0,15.0,46.0,86.0,124.0,22.0,53.0,7.0,19.0,52.0,10.0,41.0,79.0,19.0,37.0,11.0,24.0,11.0,16.0,16.0,8.0,62.0,32.0,,1.0,-0.5896,0.0,0.0,1.0,12.0,,1.0,
13982035,2026-05-09,12:45:00,KS Lechia Gdańsk,Widzew Łódź,False,1,3,48.0,0.95,0.0,12.0,1.0,2.0,15.0,388.0,23.0,11.0,1.0,2.0,1.0,8.0,2.0,8.0,4.0,0.0,0.0,1.0,23.0,1.0,,296.0,16.0,63.0,95.0,141.0,16.0,53.0,6.0,21.0,48.0,5.0,38.0,79.0,18.0,37.0,6.0,17.0,13.0,23.0,23.0,4.0,58.0,25.0,,1.0,-1.8131,1.0,2.0,0.0,9.0,,0.0,
13982026,2026-05-09,15:30:00,Jagiellonia Białystok,Pogoń Szczecin,True,3,2,57.0,2.09,3.0,20.0,1.0,7.0,17.0,472.0,13.0,19.0,1.0,14.0,0.0,3.0,3.0,11.0,9.0,2.0,1.0,,43.0,3.0,3.0,399.0,18.0,49.0,96.0,129.0,18.0,50.0,5.0,22.0,50.0,10.0,39.0,79.0,13.0,25.0,9.0,12.0,8.0,13.0,13.0,17.0,44.0,12.0,0.0,1.0,-0.535,0.0,,,6.0,1.0,,
13982026,2026-05-09,15:30:00,Pogoń Szczecin,Jagiellonia Białystok,False,2,3,43.0,0.96,1.0,10.0,11.0,0.0,19.0,360.0,13.0,17.0,0.0,3.0,0.0,3.0,4.0,7.0,3.0,1.0,0.0,,15.0,1.0,0.0,293.0,9.0,41.0,56.0,87.0,22.0,51.0,4.0,14.0,50.0,6.0,40.0,79.0,12.0,25.0,10.0,17.0,6.0,13.0,13.0,10.0,39.0,26.0,2.0,11.0,0.3574,2.0,,,7.0,0.0,,
13982031,2026-05-09,18:15:00,Górnik Zabrze,Zagłębie Lubin,True,0,2,64.0,1.67,2.0,25.0,4.0,15.0,10.0,492.0,19.0,7.0,0.0,5.0,0.0,11.0,9.0,15.0,10.0,0.0,2.0,,46.0,1.0,0.0,431.0,15.0,67.0,177.0,217.0,20.0,45.0,10.0,42.0,44.0,10.0,38.0,73.0,14.0,45.0,12.0,20.0,8.0,19.0,19.0,4.0,42.0,13.0,1.0,4.0,-0.1328,0.0,0.0,0.0,11.0,,,
13982031,2026-05-09,18:15:00,Zagłębie Lubin,Górnik Zabrze,False,2,0,36.0,1.25,1.0,13.0,5.0,4.0,7.0,285.0,18.0,10.0,1.0,6.0,0.0,6.0,1.0,9.0,4.0,1.0,0.0,,19.0,1.0,2.0,216.0,11.0,31.0,49.0,70.0,21.0,45.0,5.0,15.0,56.0,11.0,35.0,73.0,31.0,45.0,8.0,16.0,6.0,18.0,18.0,11.0,45.0,45.0,0.0,5.0,1.4327,3.0,2.0,2.0,12.0,,,
13982029,2026-05-10,10:15:00,Piast Gliwice,GKS Katowice,True,0,0,61.0,1.24,1.0,18.0,4.0,4.0,14.0,467.0,8.0,13.0,2.0,3.0,0.0,6.0,9.0,9.0,9.0,,1.0,,36.0,1.0,3.0,370.0,18.0,63.0,91.0,138.0,26.0,63.0,4.0,19.0,44.0,10.0,22.0,53.0,17.0,36.0,5.0,10.0,5.0,8.0,8.0,8.0,58.0,14.0,,4.0,1.123,1.0,2.0,1.0,7.0,,,
13982029,2026-05-10,10:15:00,GKS Katowice,Piast Gliwice,False,0,0,39.0,0.85,2.0,8.0,3.0,3.0,13.0,299.0,15.0,14.0,1.0,4.0,0.0,2.0,2.0,4.0,4.0,,2.0,,12.0,1.0,0.0,214.0,9.0,43.0,34.0,66.0,23.0,68.0,3.0,12.0,56.0,3.0,31.0,53.0,19.0,36.0,3.0,8.0,10.0,15.0,15.0,6.0,51.0,34.0,,3.0,0.4811,0.0,2.0,1.0,12.0,,,
13982023,2026-05-10,12:45:00,Wisła Płock,Motor Lublin,True,0,4,57.0,1.77,1.0,22.0,2.0,7.0,12.0,358.0,13.0,12.0,2.0,4.0,0.0,7.0,11.0,14.0,8.0,0.0,1.0,,30.0,3.0,0.0,289.0,14.0,40.0,80.0,106.0,26.0,54.0,11.0,28.0,56.0,4.0,30.0,58.0,22.0,35.0,8.0,15.0,9.0,13.0,13.0,6.0,38.0,15.0,2.0,2.0,-0.9692,,,1.0,11.0,,,
13982023,2026-05-10,12:45:00,Motor Lublin,Wisła Płock,False,4,0,43.0,1.65,2.0,17.0,4.0,6.0,12.0,277.0,11.0,12.0,2.0,6.0,1.0,7.0,4.0,15.0,2.0,2.0,1.0,,29.0,2.0,1.0,222.0,24.0,30.0,43.0,64.0,17.0,38.0,7.0,19.0,44.0,5.0,28.0,58.0,13.0,35.0,6.0,14.0,9.0,11.0,11.0,6.0,38.0,20.0,0.0,4.0,1.5856,,,0.0,12.0,,,
13982025,2026-05-10,15:30:00,Bruk-Bet Termalica Nieciecza,Legia Warszawa,True,0,1,59.0,0.97,2.0,10.0,1.0,6.0,14.0,512.0,15.0,17.0,2.0,4.0,1.0,5.0,1.0,7.0,3.0,0.0,2.0,,39.0,1.0,3.0,406.0,22.0,60.0,104.0,160.0,25.0,63.0,12.0,31.0,53.0,10.0,40.0,75.0,21.0,41.0,10.0,13.0,11.0,15.0,15.0,7.0,35.0,13.0,0.0,1.0,-0.5234,0.0,0.0,0.0,10.0,,,
13982025,2026-05-10,15:30:00,Legia Warszawa,Bruk-Bet Termalica Nieciecza,False,1,0,41.0,0.48,1.0,6.0,4.0,1.0,17.0,360.0,13.0,14.0,1.0,1.0,0.0,4.0,1.0,5.0,1.0,1.0,1.0,,13.0,0.0,3.0,290.0,6.0,52.0,67.0,98.0,25.0,58.0,4.0,11.0,47.0,7.0,35.0,75.0,20.0,41.0,8.0,16.0,4.0,13.0,13.0,10.0,44.0,40.0,1.0,4.0,0.8334,1.0,2.0,1.0,7.0,,,
13982028,2026-05-11,17:00:00,Cracovia,Radomiak Radom,True,0,0,60.0,1.31,2.0,17.0,1.0,5.0,12.0,427.0,12.0,7.0,5.0,4.0,0.0,7.0,6.0,10.0,7.0,,2.0,1.0,25.0,1.0,0.0,346.0,18.0,62.0,122.0,164.0,23.0,50.0,6.0,29.0,50.0,4.0,24.0,65.0,32.0,48.0,5.0,15.0,8.0,12.0,12.0,5.0,43.0,23.0,,1.0,0.178,0.0,0.0,0.0,7.0,,0.0,
13982028,2026-05-11,17:00:00,Radomiak Radom,Cracovia,False,0,0,40.0,0.34,0.0,6.0,4.0,4.0,7.0,296.0,14.0,12.0,4.0,1.0,0.0,4.0,1.0,3.0,3.0,,0.0,0.0,19.0,1.0,2.0,207.0,16.0,43.0,53.0,93.0,7.0,57.0,3.0,12.0,50.0,7.0,41.0,65.0,16.0,48.0,15.0,20.0,9.0,14.0,14.0,8.0,45.0,44.0,,4.0,0.1806,1.0,1.0,1.0,13.0,,1.0,
13982037,2026-05-15,16:00:00,Zagłębie Lubin,Pogoń Szczecin,True,0,1,30.0,0.56,1.0,10.0,4.0,3.0,8.0,236.0,10.0,12.0,1.0,3.0,1.0,6.0,1.0,6.0,4.0,,1.0,,15.0,3.0,6.0,159.0,16.0,41.0,31.0,65.0,19.0,60.0,6.0,17.0,53.0,4.0,29.0,49.0,21.0,45.0,7.0,9.0,6.0,10.0,10.0,4.0,34.0,44.0,0.0,4.0,0.849,0.0,0.0,1.0,8.0,,,
13982037,2026-05-15,16:00:00,Pogoń Szczecin,Zagłębie Lubin,False,1,0,70.0,1.84,3.0,17.0,3.0,6.0,12.0,563.0,6.0,8.0,3.0,5.0,0.0,6.0,6.0,8.0,9.0,,3.0,,30.0,1.0,4.0,498.0,15.0,66.0,166.0,205.0,32.0,56.0,4.0,27.0,47.0,3.0,20.0,49.0,24.0,45.0,7.0,14.0,4.0,6.0,6.0,5.0,34.0,24.0,1.0,3.0,0.4885,1.0,1.0,0.0,5.0,,,
13982040,2026-05-15,18:30:00,MKS Korona Kielce,Widzew Łódź,True,1,0,43.0,0.8,1.0,12.0,3.0,3.0,23.0,296.0,17.0,16.0,3.0,2.0,0.0,3.0,7.0,4.0,8.0,,1.0,1.0,18.0,2.0,4.0,226.0,21.0,46.0,46.0,77.0,26.0,60.0,4.0,20.0,46.0,8.0,35.0,83.0,25.0,48.0,5.0,15.0,12.0,17.0,17.0,5.0,56.0,28.0,,3.0,0.8596,1.0,2.0,,4.0,,,
13982040,2026-05-15,18:30:00,Widzew Łódź,MKS Korona Kielce,False,0,1,57.0,0.54,1.0,7.0,1.0,2.0,16.0,392.0,18.0,23.0,3.0,3.0,0.0,2.0,2.0,5.0,2.0,,1.0,1.0,13.0,2.0,0.0,311.0,15.0,61.0,76.0,115.0,18.0,54.0,4.0,23.0,54.0,8.0,48.0,83.0,23.0,48.0,7.0,16.0,12.0,18.0,18.0,6.0,49.0,34.0,,1.0,-0.1351,0.0,2.0,,4.0,,,
13982034,2026-05-16,12:45:00,Motor Lublin,Cracovia,True,3,3,63.0,1.62,3.0,12.0,4.0,2.0,14.0,486.0,20.0,12.0,2.0,7.0,1.0,3.0,2.0,8.0,4.0,1.0,2.0,,27.0,1.0,1.0,406.0,17.0,68.0,80.0,126.0,22.0,46.0,7.0,18.0,49.0,13.0,35.0,76.0,14.0,24.0,4.0,13.0,12.0,20.0,20.0,3.0,55.0,33.0,2.0,4.0,-0.4857,2.0,1.0,2.0,6.0,1.0,,
13982034,2026-05-16,12:45:00,Cracovia,Motor Lublin,False,3,3,37.0,1.64,3.0,17.0,3.0,7.0,12.0,267.0,22.0,14.0,5.0,7.0,0.0,6.0,4.0,7.0,10.0,2.0,1.0,,21.0,3.0,1.0,192.0,15.0,38.0,63.0,100.0,24.0,53.0,8.0,23.0,51.0,7.0,41.0,76.0,10.0,24.0,6.0,19.0,13.0,22.0,22.0,14.0,57.0,22.0,0.0,3.0,-0.1042,1.0,1.0,1.0,9.0,0.0,,
13982033,2026-05-16,15:30:00,Wisła Płock,Górnik Zabrze,True,0,1,45.0,0.71,1.0,8.0,4.0,7.0,12.0,350.0,20.0,11.0,3.0,1.0,2.0,3.0,4.0,5.0,3.0,,1.0,,15.0,0.0,1.0,282.0,18.0,45.0,53.0,94.0,32.0,54.0,2.0,12.0,58.0,5.0,40.0,66.0,25.0,47.0,9.0,14.0,6.0,20.0,20.0,7.0,37.0,44.0,,4.0,0.5819,2.0,,0.0,8.0,,,
13982033,2026-05-16,15:30:00,Górnik Zabrze,Wisła Płock,False,1,0,55.0,1.0,1.0,14.0,1.0,4.0,11.0,408.0,10.0,12.0,1.0,5.0,0.0,7.0,2.0,6.0,8.0,,1.0,,21.0,3.0,0.0,344.0,13.0,55.0,146.0,182.0,24.0,48.0,6.0,30.0,42.0,12.0,26.0,66.0,22.0,47.0,6.0,14.0,9.0,10.0,10.0,4.0,38.0,26.0,,1.0,0.1162,0.0,,1.0,7.0,,,
13982039,2026-05-16,18:15:00,Radomiak Radom,Lech Poznań,True,1,3,54.0,0.63,0.0,7.0,2.0,4.0,17.0,397.0,13.0,15.0,2.0,2.0,0.0,2.0,3.0,6.0,1.0,0.0,,0.0,22.0,1.0,2.0,338.0,20.0,39.0,87.0,121.0,18.0,38.0,4.0,18.0,48.0,6.0,36.0,74.0,11.0,24.0,8.0,14.0,6.0,13.0,13.0,1.0,39.0,20.0,,2.0,-0.1642,1.0,,0.0,7.0,1.0,,
13982039,2026-05-16,18:15:00,Lech Poznań,Radomiak Radom,False,3,1,46.0,1.74,3.0,11.0,2.0,4.0,15.0,343.0,12.0,17.0,3.0,5.0,0.0,4.0,2.0,8.0,3.0,3.0,,5.0,34.0,3.0,1.0,273.0,14.0,38.0,88.0,129.0,22.0,47.0,5.0,7.0,52.0,3.0,38.0,74.0,13.0,24.0,10.0,20.0,5.0,12.0,12.0,4.0,44.0,28.0,,2.0,-0.8563,1.0,,2.0,4.0,0.0,,
13982038,2026-05-17,10:15:00,Piast Gliwice,Raków Częstochowa,True,1,3,67.0,2.89,5.0,31.0,2.0,9.0,16.0,511.0,10.0,7.0,6.0,9.0,0.0,11.0,11.0,25.0,6.0,0.0,5.0,1.0,80.0,6.0,1.0,426.0,13.0,58.0,201.0,251.0,21.0,48.0,11.0,47.0,48.0,2.0,27.0,52.0,22.0,50.0,10.0,15.0,7.0,10.0,10.0,7.0,58.0,7.0,0.0,2.0,-1.5795,0.0,0.0,0.0,3.0,1.0,,
13982038,2026-05-17,10:15:00,Raków Częstochowa,Piast Gliwice,False,3,1,33.0,0.7,1.0,6.0,7.0,0.0,7.0,269.0,7.0,16.0,1.0,5.0,0.0,1.0,0.0,3.0,3.0,1.0,0.0,1.0,9.0,2.0,1.0,187.0,10.0,43.0,28.0,61.0,25.0,66.0,0.0,0.0,52.0,5.0,25.0,52.0,28.0,50.0,3.0,8.0,3.0,7.0,7.0,7.0,45.0,59.0,1.0,7.0,1.6177,2.0,4.0,1.0,17.0,0.0,,
13982041,2026-05-17,12:45:00,GKS Katowice,Jagiellonia Białystok,True,2,2,41.0,1.2,1.0,11.0,5.0,4.0,15.0,304.0,13.0,10.0,4.0,5.0,0.0,4.0,2.0,7.0,4.0,1.0,0.0,0.0,18.0,2.0,,232.0,11.0,38.0,53.0,83.0,18.0,45.0,2.0,13.0,49.0,7.0,27.0,55.0,12.0,24.0,5.0,7.0,10.0,13.0,13.0,6.0,42.0,30.0,0.0,5.0,-0.2759,1.0,0.0,,7.0,,,
13982041,2026-05-17,12:45:00,Jagiellonia Białystok,GKS Katowice,False,2,2,59.0,2.17,3.0,21.0,3.0,9.0,10.0,448.0,9.0,14.0,1.0,7.0,1.0,6.0,8.0,13.0,8.0,1.0,2.0,1.0,46.0,3.0,,373.0,17.0,54.0,88.0,122.0,21.0,56.0,7.0,19.0,51.0,7.0,28.0,55.0,12.0,24.0,5.0,11.0,7.0,9.0,9.0,8.0,45.0,29.0,1.0,3.0,-0.8028,1.0,1.0,,5.0,,,
16122254,2026-05-17,15:30:00,KS Lechia Gdańsk,Legia Warszawa,True,1,2,62.0,1.03,0.0,16.0,2.0,4.0,17.0,470.0,22.0,12.0,4.0,6.0,1.0,7.0,3.0,12.0,4.0,0.0,,1.0,30.0,2.0,1.0,373.0,27.0,67.0,92.0,132.0,24.0,59.0,6.0,18.0,52.0,7.0,42.0,81.0,24.0,47.0,9.0,17.0,13.0,22.0,22.0,8.0,55.0,26.0,,2.0,-0.9633,,3.0,1.0,1.0,,1.0,
16122254,2026-05-17,15:30:00,Legia Warszawa,KS Lechia Gdańsk,False,2,1,38.0,1.53,1.0,9.0,5.0,5.0,12.0,275.0,15.0,17.0,3.0,4.0,1.0,2.0,3.0,8.0,1.0,1.0,,0.0,21.0,2.0,1.0,186.0,21.0,36.0,47.0,80.0,13.0,50.0,6.0,19.0,48.0,10.0,39.0,81.0,23.0,47.0,9.0,21.0,10.0,15.0,15.0,15.0,44.0,34.0,,5.0,0.2599,,0.0,0.0,13.0,,0.0,
13982036,2026-05-18,17:00:00,MZKS Arka Gdynia,Bruk-Bet Termalica Nieciecza,True,2,3,44.0,2.12,4.0,16.0,1.0,2.0,19.0,325.0,11.0,11.0,1.0,4.0,2.0,7.0,5.0,8.0,8.0,1.0,3.0,,26.0,4.0,4.0,239.0,21.0,65.0,64.0,109.0,28.0,69.0,5.0,18.0,38.0,7.0,24.0,60.0,15.0,43.0,3.0,13.0,9.0,11.0,11.0,12.0,51.0,34.0,0.0,1.0,-1.8711,,1.0,0.0,6.0,0.0,,
13982036,2026-05-18,17:00:00,Bruk-Bet Termalica Nieciecza,MZKS Arka Gdynia,False,3,2,56.0,1.11,2.0,12.0,1.0,4.0,11.0,424.0,17.0,19.0,4.0,4.0,1.0,5.0,3.0,8.0,4.0,1.0,1.0,,15.0,1.0,2.0,330.0,19.0,55.0,58.0,109.0,36.0,72.0,5.0,16.0,62.0,3.0,36.0,60.0,28.0,43.0,1.0,9.0,13.0,17.0,17.0,6.0,47.0,38.0,1.0,1.0,-0.5456,,0.0,2.0,11.0,1.0,,
13982042,2026-05-23,15:30:00,Bruk-Bet Termalica Nieciecza,KS Lechia Gdańsk,True,3,2,41.0,2.46,4.0,7.0,2.0,2.0,14.0,304.0,11.0,16.0,3.0,5.0,0.0,2.0,0.0,6.0,1.0,3.0,1.0,1.0,14.0,1.0,0.0,209.0,20.0,50.0,44.0,75.0,38.0,75.0,2.0,8.0,51.0,5.0,29.0,61.0,24.0,42.0,5.0,10.0,6.0,11.0,11.0,15.0,52.0,42.0,,2.0,-0.4013,0.0,3.0,1.0,14.0,,,
13982042,2026-05-23,15:30:00,KS Lechia Gdańsk,Bruk-Bet Termalica Nieciecza,False,2,3,59.0,2.85,6.0,22.0,2.0,10.0,16.0,407.0,10.0,13.0,4.0,4.0,3.0,9.0,9.0,14.0,8.0,2.0,4.0,1.0,44.0,2.0,2.0,334.0,27.0,86.0,128.0,180.0,24.0,52.0,12.0,41.0,49.0,7.0,32.0,61.0,18.0,42.0,9.0,13.0,6.0,10.0,10.0,13.0,61.0,9.0,,2.0,0.1484,1.0,1.0,0.0,6.0,,,
13982044,2026-05-23,15:30:00,Cracovia,MKS Korona Kielce,True,1,1,39.0,1.4,1.0,9.0,1.0,3.0,16.0,338.0,13.0,10.0,,1.0,0.0,5.0,3.0,3.0,6.0,1.0,,1.0,18.0,1.0,1.0,235.0,17.0,48.0,37.0,83.0,19.0,56.0,2.0,10.0,52.0,6.0,33.0,65.0,25.0,46.0,10.0,14.0,9.0,13.0,13.0,9.0,47.0,20.0,0.0,1.0,-0.8636,,3.0,,8.0,,,
13982044,2026-05-23,15:30:00,MKS Korona Kielce,Cracovia,False,1,1,61.0,0.36,0.0,8.0,0.0,1.0,10.0,525.0,10.0,16.0,,2.0,0.0,6.0,0.0,5.0,3.0,0.0,,0.0,17.0,1.0,1.0,431.0,19.0,74.0,88.0,132.0,17.0,56.0,8.0,22.0,48.0,6.0,32.0,65.0,21.0,46.0,7.0,14.0,4.0,10.0,10.0,6.0,39.0,17.0,1.0,0.0,-0.0048,,1.0,,6.0,,,
13982045,2026-05-23,15:30:00,Górnik Zabrze,Radomiak Radom,True,6,2,48.0,3.96,6.0,25.0,1.0,6.0,9.0,447.0,23.0,9.0,0.0,11.0,0.0,5.0,9.0,15.0,10.0,3.0,3.0,2.0,46.0,4.0,3.0,382.0,17.0,36.0,119.0,145.0,28.0,48.0,3.0,7.0,53.0,8.0,42.0,77.0,4.0,9.0,10.0,14.0,14.0,23.0,23.0,14.0,51.0,13.0,1.0,1.0,-0.3878,0.0,2.0,,2.0,0.0,,
13982045,2026-05-23,15:30:00,Radomiak Radom,Górnik Zabrze,False,2,6,52.0,0.79,1.0,10.0,6.0,4.0,9.0,481.0,12.0,9.0,5.0,3.0,0.0,2.0,5.0,7.0,3.0,1.0,0.0,1.0,16.0,1.0,1.0,414.0,12.0,45.0,86.0,112.0,19.0,36.0,2.0,12.0,47.0,12.0,35.0,77.0,5.0,9.0,14.0,25.0,8.0,12.0,12.0,11.0,46.0,8.0,2.0,6.0,-0.9812,2.0,0.0,,6.0,1.0,,
13982048,2026-05-23,15:30:00,Jagiellonia Białystok,Zagłębie Lubin,True,1,0,55.0,1.89,2.0,14.0,5.0,6.0,15.0,394.0,11.0,15.0,1.0,4.0,1.0,5.0,5.0,11.0,3.0,1.0,1.0,0.0,27.0,2.0,,322.0,9.0,57.0,74.0,105.0,20.0,54.0,2.0,20.0,52.0,8.0,38.0,68.0,13.0,30.0,11.0,17.0,7.0,11.0,11.0,5.0,47.0,30.0,,5.0,1.9458,1.0,1.0,1.0,9.0,,,1.0
13982048,2026-05-23,15:30:00,Zagłębie Lubin,Jagiellonia Białystok,False,0,1,45.0,2.61,3.0,16.0,3.0,1.0,16.0,309.0,14.0,14.0,3.0,5.0,0.0,6.0,5.0,11.0,5.0,0.0,3.0,1.0,32.0,2.0,,239.0,14.0,52.0,67.0,101.0,22.0,53.0,9.0,24.0,48.0,8.0,30.0,68.0,17.0,30.0,5.0,8.0,6.0,14.0,14.0,3.0,41.0,28.0,,3.0,0.0839,0.0,0.0,0.0,5.0,,,0.0
13982046,2026-05-23,15:30:00,Lech Poznań,Wisła Płock,True,2,2,68.0,1.34,2.0,12.0,3.0,5.0,7.0,543.0,10.0,11.0,1.0,3.0,0.0,7.0,2.0,6.0,6.0,1.0,1.0,,30.0,2.0,2.0,489.0,11.0,89.0,165.0,200.0,27.0,40.0,3.0,22.0,43.0,7.0,24.0,53.0,10.0,26.0,5.0,14.0,7.0,10.0,10.0,6.0,33.0,12.0,1.0,3.0,-0.2951,1.0,0.0,1.0,13.0,,,1.0
13982046,2026-05-23,15:30:00,Wisła Płock,Lech Poznań,False,2,2,32.0,3.27,6.0,14.0,1.0,6.0,11.0,257.0,16.0,6.0,2.0,5.0,0.0,6.0,3.0,14.0,0.0,2.0,4.0,,30.0,2.0,1.0,209.0,7.0,36.0,60.0,84.0,24.0,46.0,7.0,13.0,57.0,5.0,29.0,53.0,16.0,26.0,7.0,12.0,14.0,16.0,16.0,6.0,36.0,23.0,2.0,1.0,-0.617,0.0,1.0,0.0,15.0,,,0.0
13982047,2026-05-23,15:30:00,Legia Warszawa,Motor Lublin,True,4,0,57.0,2.26,5.0,18.0,5.0,5.0,11.0,451.0,9.0,14.0,1.0,11.0,0.0,5.0,2.0,10.0,8.0,4.0,1.0,1.0,32.0,4.0,1.0,394.0,14.0,64.0,119.0,150.0,28.0,49.0,4.0,19.0,49.0,3.0,34.0,65.0,10.0,25.0,12.0,26.0,3.0,9.0,9.0,13.0,51.0,10.0,,5.0,0.588,1.0,1.0,1.0,7.0,,,
13982047,2026-05-23,15:30:00,Motor Lublin,Legia Warszawa,False,0,4,43.0,0.53,1.0,10.0,6.0,3.0,14.0,332.0,17.0,11.0,2.0,5.0,0.0,3.0,2.0,4.0,6.0,0.0,1.0,1.0,12.0,3.0,1.0,257.0,11.0,37.0,41.0,72.0,10.0,32.0,1.0,13.0,51.0,4.0,31.0,65.0,15.0,25.0,6.0,11.0,10.0,17.0,17.0,9.0,41.0,25.0,,6.0,-0.7522,0.0,2.0,0.0,7.0,,,
13982043,2026-05-23,15:30:00,Pogoń Szczecin,GKS Katowice,True,1,1,47.0,1.09,2.0,13.0,2.0,4.0,13.0,359.0,12.0,6.0,2.0,2.0,0.0,9.0,2.0,8.0,5.0,,2.0,,32.0,0.0,1.0,289.0,17.0,31.0,57.0,83.0,17.0,44.0,3.0,12.0,42.0,8.0,21.0,56.0,11.0,20.0,4.0,11.0,7.0,12.0,12.0,8.0,40.0,25.0,1.0,2.0,0.0778,,1.0,0.0,8.0,1.0,1.0,
13982043,2026-05-23,15:30:00,GKS Katowice,Pogoń Szczecin,False,1,1,53.0,0.93,3.0,8.0,1.0,3.0,6.0,406.0,15.0,13.0,2.0,3.0,1.0,3.0,2.0,6.0,2.0,,3.0,,21.0,2.0,2.0,331.0,22.0,46.0,40.0,83.0,17.0,43.0,3.0,17.0,58.0,5.0,35.0,56.0,9.0,20.0,9.0,16.0,12.0,15.0,15.0,7.0,36.0,20.0,1.0,1.0,-0.4709,,0.0,1.0,10.0,0.0,0.0,
13982049,2026-05-23,15:30:00,Raków Częstochowa,MZKS Arka Gdynia,True,3,0,60.0,0.67,0.0,12.0,2.0,1.0,14.0,477.0,11.0,10.0,1.0,5.0,0.0,6.0,1.0,6.0,6.0,,0.0,,24.0,3.0,3.0,398.0,19.0,58.0,86.0,125.0,24.0,59.0,5.0,9.0,58.0,4.0,30.0,55.0,19.0,29.0,9.0,14.0,8.0,11.0,11.0,5.0,39.0,18.0,,2.0,0.4285,,1.0,1.0,10.0,,,
13982049,2026-05-23,15:30:00,MZKS Arka Gdynia,Raków Częstochowa,False,0,3,40.0,0.58,1.0,8.0,2.0,4.0,10.0,309.0,9.0,14.0,2.0,2.0,0.0,5.0,1.0,5.0,3.0,,1.0,,15.0,1.0,1.0,237.0,11.0,46.0,48.0,85.0,17.0,54.0,3.0,19.0,42.0,2.0,25.0,55.0,10.0,29.0,2.0,11.0,5.0,9.0,9.0,7.0,34.0,16.0,,2.0,-1.4205,,0.0,1.0,10.0,,,
13982051,2026-05-23,15:30:00,Widzew Łódź,Piast Gliwice,True,2,1,38.0,0.92,3.0,10.0,2.0,6.0,14.0,260.0,20.0,16.0,1.0,2.0,1.0,6.0,2.0,7.0,3.0,1.0,2.0,,17.0,4.0,2.0,170.0,21.0,45.0,40.0,78.0,17.0,67.0,4.0,19.0,47.0,9.0,39.0,80.0,16.0,38.0,4.0,13.0,13.0,20.0,20.0,8.0,50.0,24.0,,2.0,-0.1436,1.0,3.0,1.0,8.0,,,
13982051,2026-05-23,15:30:00,Piast Gliwice,Widzew Łódź,False,1,2,62.0,0.41,1.0,9.0,0.0,6.0,16.0,428.0,18.0,14.0,1.0,3.0,2.0,4.0,2.0,5.0,4.0,1.0,0.0,,20.0,0.0,1.0,336.0,18.0,54.0,81.0,119.0,26.0,56.0,3.0,20.0,53.0,12.0,41.0,80.0,22.0,38.0,11.0,19.0,8.0,18.0,18.0,6.0,45.0,26.0,,0.0,-0.3573,0.0,1.0,0.0,8.0,,,
