match_id,match_date,match_time,team_name,opposition_name,is_home,goals_scored,goals_conceded,Ball possession,Expected goals,Big chances,Total shots,Goalkeeper saves,Corner kicks,Fouls,Passes,Tackles,Free kicks,Yellow cards,Shots on target,Hit woodwork,Shots off target,Blocked shots,Shots inside box,Shots outside box,Big chances scored,Big chances missed,Through balls,Touches in penalty area,Fouled in final third,Offsides,Accurate passes,Throw-ins,Final third entries,Final third phase,Final third phase - Total,Long balls,Long balls - Total,Crosses,Crosses - Total,Duels,Dispossessed,Ground duels,Ground duels - Total,Aerial duels,Aerial duels - Total,Dribbles,Dribbles - Total,Tackles won,Tackles won - Total,Total tackles,Interceptions,Recoveries,Clearances,Errors lead to a shot,Total saves,Goals prevented,Big saves,High claims,Punches,Goal kicks,Errors lead to a goal,Red cards,Penalty saves
14131857,2025-08-08,19:15:00,Casa Pia,Sporting CP,True,0,2,33.0,0.43,1.0,7.0,8.0,2.0,14.0,268.0,13.0,11.0,4.0,2.0,0.0,3.0,2.0,3.0,4.0,0.0,1.0,1.0,18.0,1.0,1.0,208.0,13.0,34.0,41.0,67.0,24.0,50.0,1.0,9.0,47.0,6.0,27.0,61.0,11.0,20.0,7.0,13.0,7.0,13.0,13.0,7.0,41.0,28.0,2.0,8.0,1.819,1.0,0.0,1.0,11.0,,,
14131857,2025-08-08,19:15:00,Sporting CP,Casa Pia,False,2,0,67.0,2.85,6.0,27.0,2.0,9.0,11.0,552.0,12.0,14.0,1.0,12.0,2.0,9.0,6.0,20.0,7.0,1.0,5.0,2.0,47.0,3.0,1.0,482.0,23.0,53.0,131.0,167.0,21.0,40.0,7.0,22.0,53.0,5.0,34.0,61.0,9.0,20.0,9.0,17.0,7.0,12.0,12.0,4.0,44.0,19.0,0.0,2.0,0.2087,0.0,1.0,0.0,7.0,,,
14131864,2025-08-09,14:30:00,CD Nacional,Gil Vicente,True,0,2,60.0,0.79,,14.0,0.0,14.0,21.0,277.0,15.0,16.0,3.0,3.0,1.0,8.0,3.0,10.0,4.0,,,2.0,22.0,4.0,4.0,208.0,30.0,48.0,37.0,74.0,23.0,53.0,10.0,33.0,53.0,5.0,31.0,64.0,26.0,44.0,3.0,8.0,10.0,15.0,15.0,6.0,31.0,39.0,1.0,0.0,-1.2524,0.0,0.0,0.0,7.0,1.0,,
14131864,2025-08-09,14:30:00,Gil Vicente,CD Nacional,False,2,0,40.0,0.62,,12.0,3.0,6.0,16.0,195.0,10.0,21.0,6.0,2.0,2.0,6.0,4.0,7.0,5.0,,,0.0,12.0,5.0,1.0,125.0,22.0,43.0,21.0,48.0,15.0,59.0,2.0,15.0,47.0,8.0,33.0,64.0,18.0,44.0,5.0,12.0,6.0,10.0,10.0,7.0,20.0,47.0,0.0,3.0,0.5312,1.0,2.0,1.0,12.0,0.0,,
14131860,2025-08-09,19:30:00,FC Arouca,AVS - Futebol SAD,True,3,1,53.0,1.1,2.0,9.0,1.0,4.0,13.0,447.0,14.0,17.0,2.0,4.0,0.0,3.0,2.0,7.0,2.0,1.0,1.0,,13.0,2.0,0.0,384.0,27.0,51.0,67.0,93.0,37.0,75.0,2.0,21.0,50.0,7.0,35.0,64.0,8.0,22.0,6.0,8.0,10.0,14.0,14.0,5.0,43.0,23.0,,1.0,-0.1382,,1.0,,10.0,,,
14131860,2025-08-09,19:30:00,AVS - Futebol SAD,FC Arouca,False,1,3,47.0,1.13,4.0,15.0,1.0,5.0,17.0,386.0,9.0,13.0,0.0,2.0,0.0,8.0,5.0,8.0,7.0,1.0,3.0,,23.0,3.0,1.0,321.0,17.0,39.0,44.0,75.0,31.0,58.0,10.0,26.0,50.0,8.0,29.0,64.0,14.0,22.0,8.0,14.0,7.0,9.0,9.0,10.0,45.0,16.0,,1.0,-0.3986,,2.0,,10.0,,,
14131866,2025-08-10,16:00:00,Famalicão,Santa Clara,True,3,0,46.0,1.01,2.0,6.0,2.0,2.0,20.0,381.0,19.0,15.0,4.0,3.0,0.0,2.0,1.0,4.0,2.0,1.0,1.0,,10.0,3.0,,314.0,20.0,39.0,84.0,118.0,18.0,39.0,2.0,10.0,52.0,5.0,37.0,71.0,8.0,15.0,4.0,6.0,11.0,19.0,19.0,7.0,43.0,28.0,1.0,2.0,0.1647,,1.0,,7.0,,,
14131866,2025-08-10,16:00:00,Santa Clara,Famalicão,False,0,3,54.0,0.36,2.0,7.0,0.0,3.0,15.0,434.0,7.0,20.0,2.0,2.0,0.0,5.0,0.0,4.0,3.0,0.0,2.0,,13.0,1.0,,380.0,22.0,52.0,50.0,78.0,35.0,52.0,1.0,16.0,48.0,8.0,34.0,71.0,7.0,15.0,8.0,19.0,4.0,7.0,7.0,6.0,36.0,11.0,0.0,0.0,-2.0101,,1.0,,8.0,,,
14131863,2025-08-10,19:30:00,Moreirense,FC Alverca,True,2,1,58.0,0.93,3.0,10.0,1.0,6.0,15.0,504.0,22.0,5.0,3.0,3.0,1.0,3.0,4.0,6.0,4.0,2.0,1.0,0.0,19.0,0.0,1.0,440.0,20.0,67.0,112.0,146.0,26.0,46.0,3.0,23.0,43.0,9.0,32.0,70.0,6.0,19.0,5.0,13.0,12.0,22.0,22.0,9.0,44.0,28.0,,1.0,-0.2335,0.0,1.0,,4.0,0.0,,
14131863,2025-08-10,19:30:00,FC Alverca,Moreirense,False,1,2,42.0,0.97,1.0,7.0,1.0,2.0,5.0,368.0,17.0,14.0,1.0,2.0,0.0,5.0,0.0,2.0,5.0,1.0,0.0,1.0,9.0,3.0,0.0,291.0,26.0,56.0,35.0,75.0,28.0,66.0,4.0,9.0,57.0,6.0,38.0,70.0,13.0,19.0,7.0,23.0,11.0,17.0,17.0,9.0,46.0,32.0,,1.0,-0.542,1.0,1.0,,4.0,1.0,,
14131858,2025-08-10,19:30:00,Sporting Braga,Tondela,True,3,0,68.0,1.98,3.0,8.0,3.0,5.0,10.0,624.0,5.0,8.0,1.0,6.0,0.0,2.0,0.0,5.0,3.0,3.0,0.0,2.0,22.0,1.0,3.0,561.0,24.0,36.0,74.0,98.0,35.0,54.0,3.0,9.0,38.0,10.0,20.0,58.0,7.0,14.0,6.0,18.0,1.0,5.0,5.0,6.0,41.0,23.0,2.0,3.0,0.6688,2.0,2.0,1.0,7.0,,,
14131858,2025-08-10,19:30:00,Tondela,Sporting Braga,False,0,3,32.0,0.78,3.0,7.0,3.0,3.0,9.0,281.0,22.0,10.0,3.0,3.0,0.0,3.0,1.0,4.0,3.0,0.0,3.0,1.0,11.0,1.0,6.0,229.0,9.0,36.0,35.0,64.0,16.0,35.0,1.0,16.0,62.0,2.0,38.0,58.0,7.0,14.0,7.0,10.0,11.0,22.0,22.0,13.0,40.0,18.0,0.0,3.0,0.008,1.0,0.0,0.0,3.0,,,
14131861,2025-08-11,17:45:00,Estoril Praia,CF Estrela Amadora,True,1,1,65.0,0.67,2.0,8.0,4.0,4.0,13.0,509.0,15.0,16.0,4.0,3.0,0.0,0.0,5.0,5.0,3.0,1.0,1.0,0.0,27.0,3.0,1.0,425.0,27.0,53.0,70.0,119.0,21.0,49.0,4.0,17.0,54.0,11.0,38.0,71.0,9.0,16.0,7.0,14.0,11.0,15.0,15.0,8.0,45.0,11.0,1.0,4.0,0.9721,1.0,1.0,,6.0,0.0,,
14131861,2025-08-11,17:45:00,CF Estrela Amadora,Estoril Praia,False,1,1,35.0,1.37,2.0,9.0,3.0,4.0,16.0,266.0,18.0,13.0,1.0,5.0,2.0,3.0,1.0,4.0,5.0,1.0,1.0,1.0,16.0,2.0,3.0,191.0,17.0,36.0,36.0,60.0,26.0,62.0,4.0,15.0,46.0,8.0,33.0,71.0,7.0,16.0,2.0,9.0,13.0,18.0,18.0,9.0,51.0,33.0,0.0,3.0,0.5145,0.0,0.0,,9.0,2.0,,
14357790,2025-08-11,19:45:00,FC Porto,Vitória SC,True,3,0,50.0,2.68,6.0,17.0,2.0,7.0,18.0,400.0,6.0,9.0,1.0,9.0,0.0,6.0,2.0,10.0,7.0,3.0,3.0,,27.0,2.0,2.0,342.0,9.0,34.0,57.0,85.0,19.0,37.0,3.0,12.0,45.0,10.0,20.0,56.0,15.0,22.0,5.0,13.0,3.0,6.0,6.0,8.0,41.0,21.0,0.0,2.0,0.1519,0.0,1.0,,6.0,0.0,,
14357790,2025-08-11,19:45:00,Vitória SC,FC Porto,False,0,3,50.0,0.54,0.0,10.0,6.0,4.0,9.0,406.0,18.0,18.0,3.0,2.0,0.0,4.0,4.0,5.0,5.0,0.0,0.0,,11.0,2.0,2.0,336.0,21.0,39.0,60.0,78.0,23.0,45.0,2.0,13.0,55.0,4.0,36.0,56.0,7.0,22.0,1.0,3.0,9.0,18.0,18.0,5.0,29.0,21.0,4.0,6.0,-0.6559,2.0,0.0,,10.0,1.0,,
14131859,2025-09-23,19:15:00,Benfica,Rio Ave,True,1,1,69.0,2.57,4.0,19.0,1.0,11.0,16.0,552.0,25.0,17.0,3.0,7.0,0.0,6.0,6.0,15.0,4.0,1.0,3.0,1.0,53.0,5.0,2.0,480.0,31.0,74.0,178.0,226.0,24.0,32.0,8.0,38.0,51.0,14.0,52.0,98.0,13.0,30.0,11.0,21.0,14.0,25.0,25.0,9.0,49.0,8.0,,1.0,-0.1112,,,0.0,4.0,,,
14131859,2025-09-23,19:15:00,Rio Ave,Benfica,False,1,1,31.0,0.16,0.0,4.0,6.0,2.0,17.0,259.0,24.0,16.0,3.0,2.0,0.0,1.0,1.0,3.0,1.0,0.0,0.0,0.0,13.0,1.0,0.0,187.0,15.0,29.0,28.0,55.0,20.0,53.0,3.0,6.0,49.0,8.0,46.0,98.0,17.0,30.0,9.0,26.0,17.0,24.0,24.0,9.0,46.0,66.0,,6.0,1.2746,,,1.0,10.0,,,
14131868,2025-08-15,14:45:00,AVS - Futebol SAD,Casa Pia,True,0,2,51.0,1.24,1.0,10.0,3.0,1.0,20.0,314.0,17.0,19.0,4.0,3.0,0.0,4.0,3.0,3.0,7.0,0.0,1.0,,13.0,6.0,2.0,224.0,26.0,59.0,41.0,91.0,21.0,60.0,6.0,14.0,53.0,7.0,42.0,77.0,19.0,38.0,5.0,10.0,13.0,17.0,17.0,7.0,46.0,40.0,,3.0,-0.8828,0.0,0.0,,9.0,,,
14131868,2025-08-15,14:45:00,Casa Pia,AVS - Futebol SAD,False,2,0,49.0,1.5,4.0,10.0,3.0,3.0,20.0,293.0,12.0,20.0,5.0,5.0,0.0,3.0,2.0,7.0,3.0,1.0,3.0,,19.0,6.0,0.0,206.0,19.0,51.0,40.0,84.0,11.0,53.0,2.0,19.0,47.0,12.0,35.0,77.0,19.0,38.0,4.0,9.0,9.0,12.0,12.0,9.0,46.0,33.0,,3.0,0.4799,2.0,1.0,,11.0,,,
14131875,2025-08-16,14:30:00,Tondela,Famalicão,True,0,1,49.0,1.08,1.0,15.0,3.0,2.0,17.0,358.0,16.0,19.0,0.0,4.0,2.0,7.0,4.0,8.0,7.0,,1.0,2.0,19.0,1.0,2.0,296.0,19.0,55.0,64.0,100.0,32.0,57.0,4.0,22.0,44.0,7.0,46.0,94.0,10.0,34.0,12.0,23.0,13.0,16.0,16.0,16.0,54.0,34.0,,3.0,0.074,,0.0,3.0,10.0,,,
14131875,2025-08-16,14:30:00,Famalicão,Tondela,False,1,0,51.0,1.08,2.0,14.0,4.0,7.0,19.0,371.0,18.0,17.0,1.0,5.0,0.0,7.0,2.0,8.0,6.0,,2.0,3.0,34.0,1.0,1.0,290.0,16.0,48.0,72.0,113.0,29.0,61.0,5.0,24.0,56.0,6.0,48.0,94.0,24.0,34.0,14.0,24.0,10.0,18.0,18.0,5.0,49.0,38.0,,4.0,1.38,,2.0,0.0,12.0,,,
14131873,2025-08-16,17:00:00,Vitória SC,Estoril Praia,True,3,2,55.0,1.88,4.0,16.0,4.0,4.0,18.0,403.0,21.0,16.0,4.0,4.0,0.0,8.0,4.0,7.0,9.0,3.0,1.0,,24.0,5.0,4.0,333.0,21.0,69.0,106.0,140.0,32.0,65.0,2.0,24.0,49.0,8.0,39.0,75.0,12.0,29.0,3.0,6.0,12.0,21.0,21.0,3.0,37.0,33.0,0.0,4.0,-0.3745,2.0,2.0,0.0,7.0,,,
14131873,2025-08-16,17:00:00,Estoril Praia,Vitória SC,False,2,3,45.0,0.94,2.0,11.0,1.0,2.0,17.0,332.0,11.0,18.0,3.0,5.0,0.0,4.0,2.0,5.0,6.0,1.0,1.0,,20.0,2.0,3.0,259.0,27.0,55.0,71.0,107.0,25.0,54.0,2.0,11.0,51.0,7.0,36.0,75.0,17.0,29.0,8.0,22.0,8.0,11.0,11.0,2.0,35.0,35.0,2.0,1.0,-0.2455,0.0,0.0,1.0,8.0,,,
14131876,2025-08-16,19:30:00,CF Estrela Amadora,Benfica,True,0,1,43.0,1.41,3.0,15.0,2.0,5.0,14.0,275.0,14.0,23.0,3.0,2.0,1.0,9.0,4.0,5.0,10.0,0.0,3.0,,13.0,4.0,1.0,207.0,18.0,42.0,36.0,73.0,29.0,56.0,3.0,9.0,59.0,7.0,43.0,66.0,23.0,45.0,8.0,11.0,12.0,14.0,14.0,5.0,43.0,21.0,1.0,2.0,0.7759,1.0,0.0,0.0,9.0,,,
14131876,2025-08-16,19:30:00,Benfica,CF Estrela Amadora,False,1,0,57.0,2.41,2.0,14.0,2.0,4.0,23.0,365.0,10.0,13.0,3.0,3.0,0.0,7.0,4.0,9.0,5.0,1.0,1.0,,24.0,3.0,1.0,287.0,24.0,50.0,68.0,106.0,30.0,63.0,4.0,11.0,41.0,7.0,23.0,66.0,22.0,45.0,1.0,8.0,7.0,10.0,10.0,4.0,35.0,18.0,2.0,2.0,0.3879,1.0,1.0,1.0,12.0,,,
14131872,2025-08-17,14:30:00,Rio Ave,CD Nacional,True,1,1,62.0,1.37,2.0,20.0,5.0,6.0,16.0,441.0,24.0,18.0,2.0,9.0,2.0,4.0,7.0,9.0,11.0,1.0,1.0,1.0,22.0,4.0,,371.0,11.0,37.0,58.0,74.0,16.0,44.0,2.0,15.0,51.0,6.0,42.0,82.0,16.0,32.0,3.0,12.0,14.0,24.0,24.0,2.0,55.0,38.0,1.0,5.0,0.0318,1.0,0.0,2.0,6.0,,0.0,
14131872,2025-08-17,14:30:00,CD Nacional,Rio Ave,False,1,1,38.0,0.88,1.0,13.0,8.0,6.0,18.0,250.0,15.0,16.0,4.0,6.0,1.0,2.0,5.0,9.0,4.0,0.0,1.0,0.0,30.0,3.0,,179.0,20.0,51.0,56.0,90.0,24.0,60.0,5.0,26.0,49.0,18.0,40.0,82.0,16.0,32.0,10.0,16.0,8.0,15.0,15.0,11.0,50.0,15.0,2.0,8.0,0.7028,3.0,1.0,0.0,7.0,,1.0,
14131869,2025-08-17,17:00:00,FC Alverca,Sporting Braga,True,0,3,33.0,2.21,5.0,12.0,3.0,1.0,15.0,288.0,10.0,6.0,2.0,3.0,1.0,6.0,3.0,9.0,3.0,0.0,5.0,3.0,13.0,1.0,2.0,211.0,28.0,54.0,35.0,77.0,25.0,60.0,3.0,11.0,42.0,11.0,21.0,55.0,8.0,14.0,5.0,8.0,6.0,10.0,10.0,6.0,43.0,19.0,1.0,3.0,-1.6268,0.0,,1.0,7.0,1.0,,
14131869,2025-08-17,17:00:00,Sporting Braga,FC Alverca,False,3,0,67.0,1.5,3.0,12.0,2.0,5.0,6.0,593.0,14.0,14.0,1.0,6.0,0.0,3.0,3.0,6.0,6.0,2.0,1.0,0.0,23.0,5.0,0.0,519.0,17.0,49.0,93.0,121.0,33.0,64.0,2.0,12.0,58.0,6.0,34.0,55.0,6.0,14.0,7.0,11.0,8.0,14.0,14.0,3.0,40.0,24.0,1.0,2.0,0.1845,1.0,,1.0,11.0,0.0,,
14131871,2025-08-17,17:00:00,Santa Clara,Moreirense,True,0,1,58.0,0.63,0.0,12.0,1.0,3.0,20.0,475.0,16.0,18.0,4.0,3.0,0.0,6.0,3.0,8.0,4.0,0.0,0.0,1.0,19.0,2.0,2.0,394.0,23.0,78.0,98.0,144.0,17.0,53.0,5.0,19.0,53.0,4.0,43.0,85.0,16.0,27.0,9.0,20.0,9.0,16.0,16.0,8.0,47.0,9.0,1.0,1.0,0.28,,1.0,0.0,5.0,1.0,,
14131871,2025-08-17,17:00:00,Moreirense,Santa Clara,False,1,0,42.0,1.52,5.0,5.0,3.0,0.0,18.0,355.0,15.0,20.0,5.0,2.0,0.0,3.0,0.0,3.0,2.0,1.0,4.0,0.0,11.0,5.0,2.0,277.0,16.0,38.0,52.0,74.0,11.0,51.0,2.0,8.0,47.0,11.0,42.0,85.0,11.0,27.0,8.0,13.0,10.0,15.0,15.0,11.0,49.0,32.0,0.0,3.0,0.4981,,1.0,1.0,12.0,0.0,,
14131874,2025-08-17,19:30:00,Sporting CP,FC Arouca,True,6,0,57.0,3.05,5.0,19.0,1.0,6.0,7.0,567.0,14.0,6.0,1.0,10.0,0.0,6.0,3.0,12.0,7.0,3.0,2.0,1.0,34.0,3.0,2.0,506.0,19.0,91.0,136.0,178.0,20.0,31.0,2.0,11.0,47.0,12.0,27.0,62.0,8.0,13.0,6.0,19.0,9.0,14.0,14.0,6.0,63.0,9.0,,1.0,0.0287,0.0,1.0,,2.0,,0.0,
14131874,2025-08-17,19:30:00,FC Arouca,Sporting CP,False,0,6,43.0,0.22,0.0,7.0,4.0,1.0,7.0,423.0,25.0,7.0,0.0,1.0,0.0,3.0,3.0,1.0,6.0,0.0,0.0,0.0,3.0,1.0,1.0,353.0,17.0,35.0,35.0,57.0,19.0,53.0,1.0,7.0,53.0,5.0,35.0,62.0,5.0,13.0,5.0,14.0,17.0,25.0,25.0,8.0,51.0,23.0,,4.0,-1.5042,1.0,0.0,,12.0,,1.0,
14131870,2025-08-18,19:15:00,Gil Vicente,FC Porto,True,0,2,41.0,1.04,0.0,14.0,2.0,1.0,9.0,330.0,16.0,20.0,2.0,2.0,0.0,7.0,5.0,9.0,5.0,0.0,0.0,0.0,16.0,5.0,0.0,266.0,19.0,38.0,49.0,75.0,19.0,43.0,3.0,14.0,54.0,4.0,42.0,75.0,10.0,21.0,6.0,13.0,14.0,16.0,16.0,5.0,40.0,21.0,0.0,2.0,-0.0501,,1.0,1.0,10.0,,,
14131870,2025-08-18,19:15:00,FC Porto,Gil Vicente,False,2,0,59.0,1.73,3.0,15.0,1.0,5.0,20.0,492.0,11.0,9.0,4.0,4.0,0.0,8.0,3.0,11.0,4.0,2.0,1.0,1.0,28.0,0.0,1.0,431.0,20.0,42.0,67.0,93.0,17.0,37.0,6.0,14.0,46.0,4.0,33.0,75.0,11.0,21.0,14.0,26.0,9.0,11.0,11.0,7.0,45.0,16.0,2.0,1.0,0.4064,,0.0,2.0,7.0,,,
14131885,2025-08-23,15:00:00,Moreirense,Vitória SC,True,2,0,48.0,1.54,2.0,10.0,4.0,3.0,17.0,367.0,9.0,17.0,5.0,4.0,1.0,3.0,3.0,7.0,3.0,2.0,,0.0,17.0,2.0,0.0,293.0,19.0,44.0,54.0,89.0,24.0,64.0,2.0,15.0,53.0,6.0,31.0,64.0,20.0,32.0,5.0,13.0,5.0,9.0,9.0,8.0,47.0,37.0,0.0,4.0,0.4338,1.0,2.0,0.0,9.0,,,
14131885,2025-08-23,15:00:00,Vitória SC,Moreirense,False,0,2,52.0,0.29,0.0,11.0,2.0,7.0,17.0,379.0,14.0,17.0,2.0,4.0,0.0,5.0,2.0,4.0,7.0,0.0,,1.0,17.0,6.0,2.0,299.0,20.0,58.0,79.0,119.0,16.0,50.0,6.0,28.0,47.0,2.0,33.0,64.0,12.0,32.0,3.0,10.0,6.0,14.0,14.0,11.0,49.0,13.0,1.0,2.0,-0.1019,0.0,0.0,1.0,4.0,,,
14131877,2025-08-23,17:00:00,CD Nacional,Sporting CP,True,1,4,26.0,0.66,2.0,3.0,2.0,3.0,18.0,179.0,19.0,7.0,3.0,2.0,0.0,1.0,0.0,3.0,0.0,0.0,2.0,0.0,6.0,1.0,1.0,118.0,14.0,41.0,35.0,62.0,20.0,53.0,3.0,10.0,45.0,7.0,31.0,67.0,11.0,27.0,7.0,12.0,8.0,19.0,19.0,12.0,37.0,43.0,,2.0,-2.0672,,0.0,1.0,12.0,,1.0,
14131877,2025-08-23,17:00:00,Sporting CP,CD Nacional,False,4,1,74.0,2.59,6.0,27.0,0.0,13.0,7.0,499.0,12.0,18.0,2.0,7.0,1.0,11.0,9.0,16.0,11.0,2.0,4.0,2.0,49.0,6.0,1.0,428.0,16.0,67.0,152.0,197.0,30.0,41.0,7.0,23.0,55.0,9.0,36.0,67.0,16.0,27.0,6.0,16.0,10.0,12.0,12.0,6.0,52.0,9.0,,0.0,-0.9239,,1.0,0.0,2.0,,0.0,
14131880,2025-08-23,19:30:00,Benfica,Tondela,True,3,0,66.0,2.96,6.0,21.0,4.0,13.0,10.0,547.0,13.0,12.0,2.0,12.0,1.0,5.0,4.0,19.0,2.0,2.0,4.0,3.0,46.0,0.0,1.0,477.0,19.0,53.0,123.0,156.0,25.0,41.0,9.0,29.0,58.0,5.0,43.0,70.0,13.0,26.0,19.0,24.0,7.0,13.0,13.0,11.0,44.0,17.0,1.0,4.0,0.9463,0.0,,,5.0,,,
14131880,2025-08-23,19:30:00,Tondela,Benfica,False,0,3,34.0,0.47,0.0,9.0,7.0,2.0,12.0,282.0,10.0,10.0,2.0,4.0,0.0,2.0,3.0,6.0,3.0,0.0,0.0,0.0,13.0,4.0,1.0,228.0,16.0,37.0,63.0,78.0,18.0,35.0,2.0,21.0,42.0,5.0,27.0,70.0,13.0,26.0,8.0,16.0,7.0,10.0,10.0,6.0,41.0,35.0,0.0,7.0,-0.0258,3.0,,,8.0,,,
14131878,2025-08-23,19:30:00,FC Arouca,Rio Ave,True,3,3,56.0,0.65,2.0,14.0,3.0,4.0,13.0,474.0,18.0,17.0,3.0,6.0,0.0,6.0,2.0,11.0,3.0,2.0,,1.0,17.0,1.0,,411.0,20.0,64.0,79.0,108.0,21.0,48.0,2.0,24.0,56.0,5.0,36.0,65.0,14.0,25.0,2.0,8.0,9.0,18.0,18.0,5.0,46.0,17.0,,3.0,-0.8248,1.0,,,7.0,0.0,,
14131878,2025-08-23,19:30:00,Rio Ave,FC Arouca,False,3,3,44.0,1.54,2.0,15.0,3.0,2.0,17.0,393.0,11.0,13.0,2.0,7.0,0.0,5.0,3.0,12.0,3.0,2.0,,0.0,30.0,2.0,,332.0,11.0,47.0,62.0,88.0,19.0,59.0,1.0,9.0,44.0,8.0,29.0,65.0,11.0,25.0,6.0,16.0,7.0,11.0,11.0,8.0,48.0,30.0,,3.0,-1.9613,0.0,,,11.0,1.0,,
14131879,2025-08-24,14:30:00,Famalicão,Gil Vicente,True,0,0,45.0,0.51,1.0,11.0,8.0,2.0,17.0,349.0,21.0,18.0,3.0,3.0,0.0,7.0,1.0,8.0,3.0,,1.0,,19.0,1.0,2.0,272.0,21.0,54.0,50.0,97.0,20.0,50.0,4.0,14.0,50.0,6.0,42.0,77.0,13.0,34.0,4.0,10.0,11.0,21.0,21.0,6.0,57.0,35.0,1.0,8.0,1.757,3.0,0.0,2.0,4.0,,,
14131879,2025-08-24,14:30:00,Gil Vicente,Famalicão,False,0,0,55.0,1.44,0.0,20.0,3.0,9.0,18.0,421.0,12.0,17.0,1.0,8.0,0.0,7.0,5.0,11.0,9.0,,0.0,,28.0,2.0,3.0,354.0,14.0,55.0,73.0,101.0,34.0,61.0,7.0,20.0,50.0,10.0,35.0,77.0,21.0,34.0,7.0,18.0,6.0,12.0,12.0,4.0,52.0,28.0,2.0,3.0,0.2425,0.0,1.0,3.0,12.0,,,
14131882,2025-08-24,17:00:00,FC Porto,Casa Pia,True,4,0,65.0,2.28,5.0,20.0,0.0,7.0,11.0,571.0,11.0,8.0,3.0,7.0,1.0,8.0,5.0,16.0,4.0,3.0,2.0,1.0,33.0,1.0,3.0,513.0,21.0,45.0,94.0,124.0,15.0,23.0,5.0,16.0,47.0,9.0,30.0,71.0,13.0,21.0,11.0,22.0,5.0,11.0,11.0,7.0,51.0,7.0,,0.0,0.0,0.0,,,6.0,0.0,,
14131882,2025-08-24,17:00:00,Casa Pia,FC Porto,False,0,4,35.0,0.21,0.0,7.0,3.0,2.0,8.0,307.0,20.0,11.0,1.0,0.0,0.0,4.0,3.0,2.0,5.0,0.0,0.0,0.0,4.0,1.0,0.0,236.0,16.0,31.0,24.0,46.0,17.0,44.0,1.0,5.0,53.0,7.0,41.0,71.0,8.0,21.0,10.0,14.0,15.0,20.0,20.0,15.0,45.0,20.0,,3.0,-0.3136,2.0,,,11.0,1.0,,
14131881,2025-08-24,19:30:00,Sporting Braga,AVS - Futebol SAD,True,2,2,76.0,2.08,2.0,21.0,0.0,11.0,9.0,677.0,14.0,11.0,2.0,5.0,1.0,11.0,5.0,13.0,8.0,2.0,,,50.0,2.0,2.0,592.0,26.0,96.0,220.0,274.0,31.0,49.0,7.0,36.0,47.0,4.0,27.0,54.0,11.0,27.0,4.0,13.0,8.0,14.0,14.0,10.0,53.0,17.0,1.0,0.0,-1.2518,,1.0,0.0,2.0,,,
14131881,2025-08-24,19:30:00,AVS - Futebol SAD,Sporting Braga,False,2,2,24.0,0.51,2.0,4.0,3.0,3.0,12.0,219.0,13.0,9.0,3.0,2.0,0.0,1.0,1.0,4.0,0.0,2.0,,,10.0,1.0,0.0,133.0,19.0,34.0,21.0,60.0,20.0,60.0,2.0,7.0,53.0,6.0,27.0,54.0,16.0,27.0,7.0,15.0,8.0,13.0,13.0,9.0,39.0,46.0,0.0,3.0,-0.3615,,0.0,2.0,15.0,,,
14131883,2025-08-25,19:15:00,CF Estrela Amadora,FC Alverca,True,2,2,56.0,2.6,3.0,19.0,0.0,6.0,18.0,303.0,16.0,23.0,4.0,6.0,1.0,7.0,6.0,12.0,7.0,1.0,2.0,2.0,27.0,8.0,0.0,237.0,27.0,48.0,51.0,87.0,23.0,54.0,7.0,20.0,55.0,12.0,41.0,81.0,24.0,37.0,4.0,12.0,9.0,16.0,16.0,4.0,38.0,18.0,,0.0,-0.8574,0.0,,,6.0,1.0,1.0,
14131883,2025-08-25,19:15:00,FC Alverca,CF Estrela Amadora,False,2,2,44.0,1.08,2.0,6.0,4.0,2.0,24.0,241.0,20.0,18.0,5.0,2.0,0.0,3.0,1.0,4.0,2.0,2.0,0.0,0.0,11.0,6.0,1.0,166.0,24.0,36.0,25.0,59.0,12.0,45.0,4.0,12.0,45.0,6.0,40.0,81.0,13.0,37.0,4.0,14.0,17.0,20.0,20.0,11.0,33.0,29.0,,4.0,0.513,1.0,,,10.0,0.0,1.0,
14131884,2025-09-06,19:30:00,Estoril Praia,Santa Clara,True,0,1,60.0,0.79,0.0,15.0,3.0,5.0,16.0,471.0,18.0,11.0,4.0,4.0,1.0,10.0,1.0,9.0,6.0,0.0,0.0,1.0,18.0,2.0,0.0,399.0,24.0,55.0,82.0,120.0,28.0,52.0,6.0,17.0,45.0,6.0,33.0,67.0,12.0,33.0,6.0,15.0,9.0,18.0,18.0,4.0,36.0,24.0,0.0,3.0,1.1939,1.0,,1.0,8.0,,,
14131884,2025-09-06,19:30:00,Santa Clara,Estoril Praia,False,1,0,40.0,2.11,3.0,16.0,4.0,7.0,11.0,307.0,15.0,15.0,1.0,4.0,0.0,7.0,5.0,10.0,6.0,1.0,2.0,0.0,21.0,3.0,4.0,234.0,13.0,48.0,54.0,83.0,23.0,57.0,4.0,19.0,55.0,10.0,34.0,67.0,21.0,33.0,7.0,15.0,8.0,15.0,15.0,5.0,43.0,43.0,1.0,4.0,0.3748,1.0,,2.0,12.0,,,
14131889,2025-08-29,19:15:00,Gil Vicente,Moreirense,True,2,0,46.0,0.86,1.0,12.0,0.0,4.0,18.0,396.0,12.0,12.0,1.0,4.0,0.0,3.0,5.0,7.0,5.0,1.0,0.0,,19.0,3.0,0.0,328.0,20.0,45.0,70.0,102.0,34.0,57.0,3.0,21.0,51.0,3.0,31.0,64.0,17.0,31.0,8.0,18.0,11.0,12.0,12.0,8.0,46.0,18.0,1.0,0.0,0.0,0.0,1.0,,8.0,0.0,,
14131889,2025-08-29,19:15:00,Moreirense,Gil Vicente,False,0,2,54.0,0.73,1.0,10.0,2.0,3.0,12.0,473.0,13.0,18.0,2.0,0.0,0.0,6.0,4.0,4.0,6.0,0.0,1.0,,14.0,5.0,1.0,414.0,14.0,41.0,58.0,79.0,18.0,38.0,4.0,15.0,49.0,5.0,33.0,64.0,14.0,31.0,3.0,10.0,8.0,13.0,13.0,11.0,42.0,29.0,0.0,2.0,-0.9958,1.0,2.0,,7.0,1.0,,
14131887,2025-08-30,14:30:00,Casa Pia,CD Nacional,True,0,2,62.0,0.66,1.0,9.0,0.0,2.0,13.0,460.0,24.0,22.0,2.0,3.0,0.0,4.0,2.0,4.0,5.0,0.0,1.0,0.0,12.0,6.0,0.0,356.0,22.0,70.0,67.0,125.0,28.0,64.0,7.0,19.0,59.0,9.0,48.0,84.0,21.0,32.0,4.0,8.0,17.0,24.0,24.0,1.0,58.0,22.0,2.0,0.0,-0.9012,,0.0,,5.0,1.0,,
14131887,2025-08-30,14:30:00,CD Nacional,Casa Pia,False,2,0,38.0,1.27,2.0,9.0,3.0,3.0,22.0,285.0,13.0,13.0,3.0,2.0,0.0,3.0,4.0,3.0,6.0,2.0,0.0,1.0,12.0,0.0,1.0,205.0,25.0,47.0,32.0,66.0,24.0,68.0,3.0,11.0,41.0,15.0,36.0,84.0,11.0,32.0,11.0,20.0,5.0,13.0,13.0,8.0,63.0,33.0,0.0,3.0,0.1088,,1.0,,8.0,0.0,,
14131886,2025-08-30,17:00:00,AVS - Futebol SAD,Famalicão,True,0,1,45.0,0.66,3.0,13.0,2.0,5.0,16.0,303.0,16.0,18.0,1.0,3.0,0.0,6.0,4.0,7.0,6.0,0.0,3.0,,15.0,4.0,2.0,227.0,24.0,52.0,59.0,97.0,22.0,59.0,7.0,23.0,52.0,6.0,37.0,69.0,17.0,35.0,4.0,8.0,10.0,16.0,16.0,9.0,49.0,38.0,,2.0,0.0327,,0.0,1.0,8.0,,0.0,
14131886,2025-08-30,17:00:00,Famalicão,AVS - Futebol SAD,False,1,0,55.0,0.79,3.0,11.0,3.0,9.0,18.0,376.0,10.0,16.0,5.0,3.0,0.0,5.0,3.0,10.0,1.0,1.0,2.0,,36.0,0.0,0.0,299.0,27.0,61.0,100.0,145.0,27.0,54.0,6.0,23.0,48.0,9.0,32.0,69.0,18.0,35.0,7.0,14.0,1.0,10.0,10.0,7.0,39.0,36.0,,3.0,0.4888,,1.0,0.0,13.0,,1.0,
14131892,2025-08-30,17:00:00,Vitória SC,FC Arouca,True,1,1,54.0,0.35,0.0,12.0,2.0,2.0,15.0,429.0,13.0,17.0,4.0,3.0,0.0,4.0,5.0,7.0,5.0,0.0,,1.0,14.0,4.0,4.0,347.0,26.0,63.0,58.0,102.0,22.0,60.0,3.0,18.0,57.0,4.0,33.0,61.0,17.0,27.0,5.0,9.0,9.0,13.0,13.0,7.0,42.0,20.0,0.0,2.0,-0.2058,,,,9.0,,,
14131892,2025-08-30,17:00:00,FC Arouca,Vitória SC,False,1,1,46.0,0.46,1.0,9.0,2.0,2.0,17.0,360.0,8.0,15.0,4.0,3.0,0.0,5.0,1.0,5.0,4.0,1.0,,0.0,11.0,4.0,0.0,285.0,23.0,28.0,34.0,56.0,15.0,44.0,2.0,10.0,43.0,7.0,28.0,61.0,10.0,27.0,6.0,12.0,8.0,8.0,8.0,11.0,34.0,36.0,1.0,2.0,-0.3601,,,,10.0,,,
14131893,2025-08-30,19:30:00,Sporting CP,FC Porto,True,1,2,59.0,1.02,1.0,20.0,5.0,5.0,8.0,455.0,22.0,15.0,3.0,3.0,0.0,8.0,9.0,10.0,10.0,0.0,1.0,1.0,25.0,1.0,2.0,371.0,27.0,51.0,102.0,128.0,20.0,50.0,3.0,24.0,54.0,5.0,46.0,74.0,11.0,31.0,9.0,15.0,15.0,22.0,22.0,4.0,43.0,17.0,2.0,5.0,-0.0961,1.0,0.0,0.0,5.0,,,
14131893,2025-08-30,19:30:00,FC Porto,Sporting CP,False,2,1,41.0,1.54,2.0,14.0,3.0,3.0,15.0,332.0,11.0,8.0,5.0,7.0,2.0,4.0,3.0,5.0,9.0,1.0,1.0,0.0,19.0,1.0,1.0,276.0,17.0,38.0,47.0,70.0,24.0,47.0,0.0,7.0,46.0,9.0,28.0,74.0,20.0,31.0,9.0,22.0,7.0,11.0,11.0,9.0,46.0,32.0,4.0,3.0,-0.4763,1.0,1.0,3.0,13.0,,,
14131891,2025-08-31,14:30:00,Tondela,Estoril Praia,True,2,2,51.0,2.87,8.0,14.0,3.0,3.0,8.0,327.0,20.0,10.0,1.0,4.0,2.0,8.0,2.0,9.0,5.0,2.0,6.0,0.0,18.0,6.0,9.0,233.0,25.0,63.0,55.0,98.0,25.0,63.0,3.0,23.0,56.0,3.0,40.0,64.0,20.0,44.0,11.0,18.0,15.0,20.0,20.0,7.0,56.0,30.0,,3.0,-0.3711,,1.0,,10.0,,,
14131891,2025-08-31,14:30:00,Estoril Praia,Tondela,False,2,2,49.0,1.85,3.0,21.0,2.0,4.0,11.0,321.0,10.0,8.0,3.0,5.0,0.0,9.0,7.0,13.0,8.0,1.0,2.0,1.0,28.0,4.0,1.0,215.0,24.0,73.0,67.0,123.0,21.0,72.0,3.0,10.0,44.0,5.0,24.0,64.0,24.0,44.0,7.0,22.0,5.0,10.0,10.0,7.0,44.0,31.0,,2.0,-0.0258,,1.0,,12.0,,,
14131888,2025-08-31,17:00:00,FC Alverca,Benfica,True,1,2,47.0,0.81,1.0,11.0,0.0,5.0,12.0,420.0,12.0,18.0,4.0,7.0,0.0,3.0,1.0,9.0,2.0,0.0,1.0,0.0,16.0,3.0,,368.0,15.0,39.0,76.0,97.0,23.0,41.0,3.0,22.0,51.0,5.0,40.0,76.0,7.0,16.0,12.0,22.0,9.0,12.0,12.0,4.0,39.0,12.0,,0.0,-0.7379,0.0,0.0,,6.0,1.0,0.0,
14131888,2025-08-31,17:00:00,Benfica,FC Alverca,False,2,1,53.0,1.03,1.0,6.0,6.0,2.0,18.0,493.0,15.0,12.0,6.0,2.0,1.0,2.0,2.0,4.0,2.0,1.0,0.0,1.0,20.0,2.0,,441.0,12.0,62.0,156.0,189.0,20.0,39.0,3.0,12.0,49.0,8.0,36.0,76.0,9.0,16.0,9.0,13.0,9.0,15.0,15.0,8.0,39.0,27.0,,6.0,1.1297,1.0,1.0,,4.0,1.0,1.0,
14131894,2025-08-31,19:30:00,Rio Ave,Sporting Braga,True,2,2,28.0,1.05,1.0,5.0,6.0,1.0,13.0,263.0,12.0,11.0,3.0,3.0,0.0,1.0,1.0,4.0,1.0,1.0,0.0,0.0,12.0,1.0,3.0,178.0,16.0,37.0,17.0,50.0,20.0,66.0,1.0,4.0,48.0,9.0,29.0,62.0,12.0,24.0,5.0,12.0,6.0,12.0,12.0,8.0,41.0,36.0,,6.0,0.6418,1.0,1.0,1.0,15.0,1.0,,
14131894,2025-08-31,19:30:00,Sporting Braga,Rio Ave,False,2,2,72.0,2.2,4.0,20.0,1.0,7.0,12.0,661.0,16.0,13.0,2.0,9.0,0.0,8.0,3.0,11.0,9.0,2.0,2.0,2.0,38.0,5.0,1.0,587.0,28.0,84.0,183.0,234.0,19.0,43.0,5.0,31.0,52.0,7.0,33.0,62.0,12.0,24.0,4.0,9.0,7.0,16.0,16.0,3.0,50.0,20.0,,1.0,-0.6319,0.0,0.0,0.0,1.0,0.0,,
14131890,2025-08-31,19:30:00,Santa Clara,CF Estrela Amadora,True,0,0,55.0,0.98,2.0,13.0,0.0,8.0,13.0,411.0,16.0,11.0,2.0,3.0,1.0,5.0,5.0,8.0,5.0,,2.0,,23.0,2.0,2.0,343.0,32.0,69.0,77.0,121.0,31.0,58.0,4.0,28.0,52.0,5.0,39.0,74.0,21.0,41.0,13.0,28.0,12.0,16.0,16.0,7.0,38.0,24.0,,0.0,0.0,0.0,0.0,,4.0,,,
14131890,2025-08-31,19:30:00,CF Estrela Amadora,Santa Clara,False,0,0,45.0,0.14,0.0,3.0,3.0,0.0,11.0,353.0,20.0,13.0,2.0,0.0,0.0,3.0,0.0,1.0,2.0,,0.0,,3.0,0.0,0.0,280.0,17.0,38.0,31.0,59.0,29.0,70.0,3.0,6.0,48.0,6.0,35.0,74.0,20.0,41.0,6.0,16.0,11.0,20.0,20.0,10.0,44.0,48.0,,3.0,0.407,1.0,1.0,,10.0,,,
14131901,2025-09-12,19:15:00,Benfica,Santa Clara,True,1,1,78.0,1.62,2.0,19.0,5.0,4.0,8.0,727.0,17.0,11.0,1.0,7.0,0.0,7.0,5.0,10.0,9.0,1.0,1.0,1.0,39.0,4.0,2.0,653.0,25.0,106.0,289.0,338.0,31.0,46.0,11.0,40.0,56.0,5.0,35.0,60.0,25.0,47.0,8.0,15.0,13.0,17.0,17.0,3.0,44.0,11.0,1.0,5.0,-0.0678,1.0,0.0,0.0,3.0,1.0,0.0,
14131901,2025-09-12,19:15:00,Santa Clara,Benfica,False,1,1,22.0,1.02,3.0,9.0,6.0,5.0,11.0,209.0,12.0,8.0,1.0,5.0,0.0,2.0,2.0,6.0,3.0,1.0,2.0,0.0,12.0,0.0,0.0,137.0,17.0,33.0,12.0,40.0,16.0,52.0,2.0,8.0,44.0,9.0,25.0,60.0,22.0,47.0,6.0,14.0,7.0,12.0,12.0,10.0,36.0,50.0,0.0,6.0,0.7943,2.0,1.0,1.0,14.0,0.0,1.0,
14131896,2025-09-12,19:15:00,FC Alverca,Tondela,True,1,0,49.0,1.66,2.0,12.0,7.0,5.0,13.0,357.0,21.0,15.0,1.0,4.0,0.0,5.0,3.0,6.0,6.0,,2.0,,12.0,3.0,0.0,288.0,20.0,37.0,46.0,72.0,27.0,58.0,3.0,16.0,60.0,12.0,48.0,86.0,19.0,25.0,13.0,22.0,13.0,21.0,21.0,10.0,52.0,45.0,,7.0,3.1202,1.0,,,8.0,,,1.0
14131896,2025-09-12,19:15:00,Tondela,FC Alverca,False,0,1,51.0,2.36,3.0,14.0,3.0,6.0,15.0,356.0,21.0,12.0,2.0,6.0,0.0,6.0,2.0,9.0,5.0,,3.0,,22.0,5.0,2.0,297.0,34.0,67.0,75.0,115.0,18.0,41.0,4.0,32.0,40.0,13.0,38.0,86.0,6.0,25.0,4.0,12.0,10.0,21.0,21.0,9.0,46.0,17.0,,3.0,-0.3731,1.0,,,5.0,,,0.0
14131902,2025-09-13,14:30:00,Estoril Praia,AVS - Futebol SAD,True,3,1,50.0,1.97,3.0,15.0,3.0,1.0,11.0,417.0,13.0,11.0,5.0,5.0,1.0,9.0,1.0,12.0,3.0,3.0,0.0,,28.0,1.0,2.0,319.0,10.0,52.0,55.0,91.0,25.0,73.0,1.0,4.0,44.0,9.0,32.0,71.0,15.0,36.0,10.0,18.0,11.0,13.0,13.0,8.0,54.0,34.0,1.0,3.0,0.0546,,2.0,,17.0,1.0,,
14131902,2025-09-13,14:30:00,AVS - Futebol SAD,Estoril Praia,False,1,3,50.0,0.92,1.0,12.0,2.0,5.0,11.0,389.0,17.0,11.0,2.0,4.0,0.0,8.0,0.0,6.0,6.0,0.0,1.0,,14.0,1.0,6.0,299.0,31.0,57.0,59.0,96.0,22.0,65.0,5.0,31.0,56.0,4.0,39.0,71.0,21.0,36.0,11.0,20.0,9.0,17.0,17.0,4.0,63.0,11.0,4.0,2.0,-0.4659,,0.0,,14.0,0.0,,
14131899,2025-09-13,14:30:00,Moreirense,Rio Ave,True,3,1,54.0,2.25,3.0,15.0,4.0,7.0,12.0,497.0,19.0,13.0,1.0,8.0,0.0,5.0,2.0,10.0,5.0,2.0,1.0,1.0,29.0,0.0,3.0,429.0,21.0,58.0,97.0,135.0,27.0,53.0,5.0,17.0,51.0,7.0,40.0,68.0,4.0,18.0,8.0,11.0,10.0,19.0,19.0,9.0,47.0,16.0,0.0,4.0,0.1121,0.0,0.0,,10.0,,,
14131899,2025-09-13,14:30:00,Rio Ave,Moreirense,False,1,3,46.0,1.17,4.0,15.0,5.0,3.0,13.0,415.0,10.0,12.0,0.0,4.0,2.0,6.0,5.0,9.0,6.0,1.0,3.0,0.0,23.0,1.0,3.0,357.0,6.0,47.0,55.0,82.0,17.0,42.0,4.0,21.0,49.0,8.0,28.0,68.0,14.0,18.0,7.0,18.0,8.0,10.0,10.0,5.0,54.0,23.0,1.0,5.0,-0.3179,2.0,1.0,,8.0,,,
14131903,2025-09-13,17:00:00,FC Porto,CD Nacional,True,1,0,69.0,2.18,3.0,11.0,1.0,5.0,6.0,528.0,20.0,13.0,2.0,5.0,0.0,3.0,3.0,8.0,3.0,1.0,2.0,,25.0,5.0,3.0,440.0,33.0,67.0,111.0,163.0,22.0,48.0,1.0,18.0,53.0,11.0,44.0,80.0,21.0,43.0,10.0,22.0,17.0,20.0,20.0,4.0,51.0,17.0,,1.0,0.2173,1.0,,1.0,4.0,,,
14131903,2025-09-13,17:00:00,CD Nacional,FC Porto,False,0,1,31.0,0.09,0.0,6.0,4.0,5.0,14.0,236.0,23.0,6.0,4.0,1.0,0.0,2.0,3.0,1.0,5.0,0.0,0.0,,4.0,0.0,1.0,142.0,20.0,31.0,26.0,51.0,22.0,56.0,1.0,11.0,47.0,11.0,36.0,80.0,22.0,43.0,7.0,16.0,17.0,23.0,23.0,18.0,59.0,31.0,,4.0,1.1729,0.0,,0.0,6.0,,,
14131898,2025-09-13,19:30:00,Famalicão,Sporting CP,True,1,2,43.0,0.92,1.0,9.0,2.0,5.0,22.0,354.0,21.0,17.0,4.0,3.0,0.0,3.0,3.0,8.0,1.0,1.0,0.0,0.0,15.0,3.0,2.0,270.0,20.0,50.0,60.0,98.0,22.0,48.0,4.0,17.0,49.0,7.0,40.0,82.0,13.0,27.0,3.0,8.0,13.0,21.0,21.0,9.0,43.0,20.0,1.0,2.0,-0.6801,1.0,0.0,,6.0,,,
14131898,2025-09-13,19:30:00,Sporting CP,Famalicão,False,2,1,57.0,2.24,4.0,9.0,2.0,4.0,17.0,469.0,12.0,22.0,3.0,4.0,1.0,4.0,1.0,7.0,2.0,2.0,2.0,4.0,21.0,2.0,6.0,408.0,12.0,43.0,64.0,95.0,27.0,45.0,1.0,12.0,51.0,10.0,42.0,82.0,14.0,27.0,10.0,21.0,6.0,12.0,12.0,7.0,56.0,27.0,0.0,2.0,0.3026,0.0,3.0,,4.0,,,
14131895,2025-09-14,14:30:00,CF Estrela Amadora,Vitória SC,True,0,2,60.0,0.48,0.0,10.0,4.0,3.0,10.0,389.0,11.0,11.0,2.0,1.0,1.0,9.0,0.0,4.0,6.0,,0.0,,13.0,0.0,,327.0,20.0,47.0,43.0,72.0,28.0,56.0,5.0,20.0,48.0,7.0,25.0,50.0,13.0,30.0,5.0,13.0,7.0,11.0,11.0,1.0,37.0,19.0,,4.0,-0.4575,2.0,,2.0,12.0,,,
14131895,2025-09-14,14:30:00,Vitória SC,CF Estrela Amadora,False,2,0,40.0,1.47,2.0,14.0,1.0,2.0,11.0,265.0,15.0,10.0,0.0,6.0,0.0,6.0,2.0,9.0,5.0,,2.0,,15.0,5.0,,206.0,26.0,39.0,58.0,81.0,16.0,42.0,7.0,16.0,52.0,6.0,25.0,50.0,17.0,30.0,2.0,7.0,10.0,15.0,15.0,9.0,33.0,30.0,,1.0,0.2853,1.0,,1.0,15.0,,,
14131897,2025-09-14,17:00:00,FC Arouca,Casa Pia,True,0,2,66.0,0.48,1.0,9.0,2.0,7.0,18.0,423.0,11.0,21.0,2.0,3.0,0.0,5.0,1.0,4.0,5.0,0.0,1.0,0.0,13.0,9.0,2.0,357.0,29.0,53.0,72.0,102.0,22.0,50.0,5.0,29.0,42.0,6.0,42.0,90.0,11.0,37.0,10.0,26.0,8.0,11.0,11.0,4.0,34.0,24.0,,2.0,-0.6068,0.0,0.0,0.0,8.0,1.0,,
14131897,2025-09-14,17:00:00,Casa Pia,FC Arouca,False,2,0,34.0,1.36,5.0,9.0,3.0,6.0,21.0,219.0,22.0,18.0,7.0,4.0,0.0,4.0,1.0,9.0,0.0,2.0,3.0,2.0,15.0,4.0,4.0,146.0,13.0,43.0,42.0,73.0,17.0,48.0,6.0,17.0,58.0,6.0,48.0,90.0,26.0,37.0,10.0,15.0,17.0,22.0,22.0,3.0,47.0,43.0,,3.0,0.3619,2.0,1.0,2.0,10.0,0.0,,
14131900,2025-09-14,19:30:00,Sporting Braga,Gil Vicente,True,0,1,64.0,1.42,5.0,11.0,4.0,5.0,7.0,553.0,11.0,12.0,2.0,6.0,1.0,3.0,2.0,11.0,0.0,0.0,5.0,0.0,26.0,4.0,1.0,452.0,32.0,69.0,107.0,161.0,13.0,49.0,10.0,25.0,49.0,12.0,30.0,60.0,12.0,26.0,8.0,14.0,6.0,11.0,11.0,11.0,43.0,26.0,,4.0,0.9645,1.0,0.0,1.0,6.0,,,
14131900,2025-09-14,19:30:00,Gil Vicente,Sporting Braga,False,1,0,36.0,1.26,2.0,12.0,6.0,7.0,12.0,308.0,18.0,7.0,3.0,5.0,0.0,5.0,2.0,6.0,6.0,1.0,1.0,1.0,12.0,1.0,2.0,217.0,23.0,37.0,43.0,73.0,20.0,54.0,2.0,9.0,51.0,6.0,30.0,60.0,14.0,26.0,5.0,10.0,9.0,18.0,18.0,14.0,54.0,42.0,,6.0,1.3176,1.0,1.0,1.0,1.0,,,
14131911,2025-09-19,19:15:00,Rio Ave,FC Porto,True,0,3,48.0,0.23,0.0,7.0,4.0,2.0,11.0,451.0,9.0,18.0,2.0,2.0,0.0,1.0,4.0,3.0,4.0,0.0,0.0,1.0,5.0,1.0,2.0,383.0,17.0,45.0,81.0,114.0,10.0,33.0,2.0,11.0,49.0,4.0,32.0,61.0,6.0,17.0,7.0,13.0,8.0,9.0,9.0,12.0,44.0,30.0,,4.0,0.3888,,1.0,1.0,7.0,,,
14131911,2025-09-19,19:15:00,FC Porto,Rio Ave,False,3,0,52.0,2.03,6.0,19.0,2.0,10.0,18.0,492.0,10.0,11.0,1.0,7.0,1.0,8.0,4.0,14.0,5.0,2.0,4.0,1.0,35.0,1.0,0.0,429.0,13.0,52.0,115.0,151.0,22.0,40.0,2.0,17.0,51.0,2.0,29.0,61.0,11.0,17.0,9.0,16.0,9.0,10.0,10.0,10.0,46.0,12.0,,2.0,0.1471,,0.0,0.0,2.0,,,
14131910,2025-09-20,14:30:00,CD Nacional,FC Arouca,True,1,2,58.0,2.7,3.0,15.0,1.0,3.0,10.0,349.0,12.0,16.0,2.0,6.0,0.0,6.0,3.0,7.0,8.0,1.0,2.0,1.0,31.0,8.0,7.0,273.0,30.0,61.0,70.0,115.0,27.0,61.0,7.0,22.0,54.0,4.0,37.0,60.0,21.0,47.0,10.0,15.0,8.0,12.0,12.0,9.0,38.0,14.0,,1.0,-0.3414,0.0,1.0,,5.0,1.0,1.0,0.0
14131910,2025-09-20,14:30:00,FC Arouca,CD Nacional,False,2,1,42.0,1.22,2.0,10.0,5.0,5.0,18.0,251.0,9.0,10.0,2.0,3.0,1.0,4.0,3.0,6.0,4.0,2.0,0.0,2.0,16.0,2.0,0.0,182.0,16.0,38.0,40.0,74.0,16.0,50.0,4.0,12.0,46.0,8.0,23.0,60.0,26.0,47.0,4.0,8.0,4.0,9.0,9.0,4.0,33.0,44.0,,5.0,1.4088,3.0,1.0,,10.0,0.0,1.0,1.0
14131908,2025-09-20,14:30:00,Santa Clara,FC Alverca,True,2,1,55.0,1.89,4.0,14.0,2.0,7.0,16.0,411.0,8.0,20.0,6.0,6.0,0.0,5.0,3.0,10.0,4.0,2.0,2.0,0.0,25.0,5.0,4.0,341.0,27.0,50.0,75.0,109.0,16.0,46.0,7.0,23.0,52.0,7.0,37.0,73.0,16.0,29.0,8.0,15.0,7.0,8.0,8.0,5.0,45.0,21.0,0.0,2.0,0.0298,,1.0,0.0,1.0,,,
14131908,2025-09-20,14:30:00,FC Alverca,Santa Clara,False,1,2,45.0,0.45,1.0,3.0,4.0,0.0,21.0,348.0,14.0,16.0,4.0,3.0,0.0,0.0,0.0,1.0,2.0,1.0,0.0,1.0,4.0,0.0,2.0,269.0,21.0,42.0,36.0,76.0,19.0,58.0,2.0,9.0,48.0,7.0,36.0,73.0,13.0,29.0,6.0,7.0,11.0,14.0,14.0,9.0,37.0,35.0,1.0,4.0,-0.1169,,2.0,1.0,9.0,,,
14131904,2025-09-20,17:00:00,AVS - Futebol SAD,Benfica,True,0,3,37.0,0.88,1.0,8.0,2.0,2.0,17.0,303.0,25.0,11.0,1.0,1.0,1.0,5.0,2.0,6.0,2.0,0.0,1.0,0.0,16.0,1.0,0.0,234.0,18.0,42.0,47.0,79.0,25.0,51.0,5.0,17.0,51.0,10.0,49.0,92.0,20.0,43.0,15.0,25.0,13.0,25.0,25.0,5.0,44.0,18.0,,2.0,-0.7068,,,0.0,8.0,,,
14131904,2025-09-20,17:00:00,Benfica,AVS - Futebol SAD,False,3,0,63.0,2.4,5.0,19.0,1.0,1.0,11.0,530.0,20.0,16.0,1.0,6.0,0.0,6.0,7.0,12.0,7.0,3.0,2.0,2.0,44.0,5.0,3.0,473.0,17.0,59.0,112.0,143.0,31.0,52.0,4.0,10.0,49.0,12.0,43.0,92.0,23.0,43.0,6.0,19.0,6.0,20.0,20.0,10.0,49.0,29.0,,1.0,0.0979,,,1.0,9.0,,,
14131913,2025-09-20,19:30:00,Vitória SC,Sporting Braga,True,1,1,38.0,1.33,1.0,11.0,4.0,3.0,14.0,337.0,8.0,14.0,2.0,3.0,0.0,6.0,2.0,7.0,4.0,0.0,1.0,,12.0,2.0,,256.0,23.0,47.0,39.0,66.0,30.0,59.0,4.0,15.0,45.0,5.0,26.0,53.0,14.0,36.0,6.0,9.0,6.0,8.0,8.0,13.0,43.0,39.0,,4.0,0.0148,1.0,0.0,0.0,5.0,,,0.0
14131913,2025-09-20,19:30:00,Sporting Braga,Vitória SC,False,1,1,62.0,1.32,3.0,17.0,2.0,5.0,15.0,557.0,8.0,14.0,3.0,5.0,1.0,4.0,8.0,12.0,5.0,1.0,2.0,,23.0,4.0,,480.0,29.0,74.0,149.0,193.0,22.0,55.0,6.0,24.0,55.0,3.0,27.0,53.0,22.0,36.0,7.0,12.0,6.0,8.0,8.0,5.0,40.0,22.0,,2.0,0.1654,0.0,1.0,1.0,7.0,,,1.0
14131907,2025-09-21,14:30:00,Tondela,CF Estrela Amadora,True,0,0,54.0,1.22,1.0,17.0,3.0,5.0,16.0,370.0,22.0,13.0,4.0,8.0,1.0,6.0,3.0,12.0,5.0,,1.0,0.0,32.0,2.0,5.0,305.0,26.0,64.0,91.0,138.0,22.0,44.0,8.0,30.0,53.0,4.0,36.0,70.0,13.0,22.0,1.0,5.0,10.0,22.0,22.0,6.0,58.0,26.0,,3.0,0.5998,0.0,2.0,,3.0,,1.0,
14131907,2025-09-21,14:30:00,CF Estrela Amadora,Tondela,False,0,0,46.0,1.09,2.0,8.0,8.0,2.0,13.0,315.0,8.0,16.0,3.0,3.0,0.0,3.0,2.0,6.0,2.0,,2.0,1.0,17.0,1.0,3.0,236.0,24.0,42.0,42.0,69.0,31.0,73.0,3.0,20.0,47.0,8.0,34.0,70.0,9.0,22.0,10.0,24.0,5.0,8.0,8.0,12.0,57.0,37.0,,8.0,1.4942,1.0,2.0,,11.0,,0.0,
14131906,2025-09-21,17:00:00,Gil Vicente,Estoril Praia,True,2,0,51.0,2.51,3.0,16.0,3.0,4.0,16.0,343.0,20.0,12.0,2.0,3.0,0.0,10.0,3.0,13.0,3.0,2.0,1.0,,32.0,2.0,1.0,253.0,34.0,62.0,65.0,106.0,35.0,76.0,4.0,18.0,47.0,15.0,41.0,86.0,21.0,46.0,10.0,20.0,15.0,20.0,20.0,5.0,50.0,22.0,,3.0,0.364,,,0.0,6.0,,,
14131906,2025-09-21,17:00:00,Estoril Praia,Gil Vicente,False,0,2,49.0,0.31,0.0,7.0,1.0,0.0,13.0,332.0,25.0,16.0,2.0,3.0,0.0,4.0,0.0,4.0,3.0,0.0,0.0,,19.0,1.0,1.0,241.0,26.0,51.0,45.0,87.0,32.0,61.0,3.0,9.0,53.0,10.0,45.0,86.0,25.0,46.0,5.0,15.0,19.0,25.0,25.0,7.0,38.0,49.0,,1.0,0.0885,,,1.0,10.0,,,
14131905,2025-09-21,19:30:00,Casa Pia,Famalicão,True,1,1,53.0,1.1,1.0,10.0,1.0,5.0,18.0,354.0,15.0,20.0,1.0,3.0,0.0,4.0,3.0,4.0,6.0,1.0,0.0,0.0,18.0,6.0,1.0,279.0,22.0,41.0,44.0,79.0,24.0,47.0,2.0,17.0,51.0,5.0,38.0,76.0,16.0,30.0,6.0,15.0,11.0,15.0,15.0,4.0,48.0,27.0,1.0,1.0,0.6427,1.0,0.0,,3.0,,,
14131905,2025-09-21,19:30:00,Famalicão,Casa Pia,False,1,1,47.0,2.08,5.0,11.0,2.0,3.0,21.0,313.0,14.0,18.0,2.0,2.0,0.0,4.0,5.0,8.0,3.0,1.0,4.0,1.0,30.0,2.0,2.0,249.0,28.0,43.0,58.0,92.0,15.0,45.0,2.0,13.0,49.0,8.0,38.0,76.0,14.0,30.0,6.0,13.0,12.0,14.0,14.0,4.0,44.0,38.0,0.0,2.0,-0.3839,0.0,1.0,,7.0,,,
14131912,2025-09-22,19:15:00,Sporting CP,Moreirense,True,3,0,61.0,5.01,10.0,25.0,1.0,6.0,16.0,588.0,17.0,16.0,1.0,14.0,1.0,6.0,5.0,18.0,7.0,3.0,7.0,1.0,42.0,5.0,,517.0,13.0,88.0,166.0,213.0,25.0,39.0,3.0,19.0,58.0,6.0,51.0,86.0,8.0,16.0,17.0,29.0,12.0,17.0,17.0,8.0,62.0,16.0,0.0,1.0,0.0413,0.0,,1.0,0.0,,,
14131912,2025-09-22,19:15:00,Moreirense,Sporting CP,False,0,3,39.0,0.16,0.0,4.0,10.0,4.0,18.0,373.0,18.0,16.0,1.0,1.0,0.0,1.0,2.0,2.0,2.0,0.0,0.0,0.0,9.0,1.0,,310.0,14.0,30.0,42.0,57.0,13.0,47.0,2.0,15.0,42.0,10.0,35.0,86.0,8.0,16.0,3.0,10.0,7.0,18.0,18.0,11.0,51.0,39.0,2.0,10.0,1.867,1.0,,1.0,11.0,,,
14131920,2025-09-26,19:15:00,Benfica,Gil Vicente,True,2,1,47.0,1.27,1.0,10.0,6.0,0.0,14.0,362.0,15.0,19.0,3.0,4.0,0.0,6.0,0.0,4.0,6.0,1.0,0.0,1.0,18.0,5.0,0.0,280.0,23.0,44.0,61.0,94.0,23.0,53.0,0.0,9.0,55.0,16.0,51.0,106.0,32.0,46.0,17.0,30.0,8.0,15.0,15.0,7.0,48.0,32.0,,6.0,0.5854,2.0,,,12.0,0.0,0.0,
14131920,2025-09-26,19:15:00,Gil Vicente,Benfica,False,1,2,53.0,1.26,2.0,16.0,2.0,7.0,20.0,398.0,29.0,14.0,4.0,7.0,2.0,6.0,3.0,9.0,7.0,0.0,2.0,1.0,19.0,4.0,2.0,313.0,22.0,56.0,62.0,99.0,28.0,56.0,7.0,24.0,45.0,6.0,55.0,106.0,14.0,46.0,13.0,22.0,16.0,29.0,29.0,4.0,58.0,14.0,,2.0,-0.8276,0.0,,,9.0,1.0,1.0,
14131922,2025-09-27,14:30:00,Moreirense,Casa Pia,True,2,1,54.0,0.99,1.0,12.0,3.0,6.0,13.0,418.0,11.0,15.0,5.0,4.0,0.0,5.0,3.0,8.0,4.0,1.0,0.0,,19.0,3.0,4.0,339.0,23.0,34.0,53.0,86.0,15.0,41.0,2.0,16.0,45.0,5.0,30.0,71.0,20.0,39.0,6.0,20.0,9.0,11.0,11.0,5.0,45.0,37.0,1.0,3.0,0.3446,,1.0,0.0,13.0,1.0,,
14131922,2025-09-27,14:30:00,Casa Pia,Moreirense,False,1,2,46.0,1.7,3.0,20.0,2.0,8.0,15.0,338.0,19.0,13.0,5.0,4.0,0.0,11.0,5.0,13.0,7.0,1.0,2.0,,24.0,2.0,3.0,260.0,12.0,50.0,50.0,87.0,15.0,54.0,9.0,24.0,55.0,6.0,41.0,71.0,19.0,39.0,9.0,14.0,11.0,19.0,19.0,7.0,50.0,23.0,0.0,2.0,-0.2843,,0.0,1.0,6.0,0.0,,
14131918,2025-09-27,15:30:00,Santa Clara,Tondela,True,1,2,53.0,2.0,4.0,11.0,3.0,3.0,13.0,380.0,13.0,24.0,2.0,5.0,0.0,2.0,4.0,6.0,5.0,1.0,3.0,,20.0,1.0,1.0,294.0,28.0,64.0,60.0,105.0,21.0,54.0,5.0,19.0,51.0,9.0,40.0,77.0,12.0,25.0,5.0,17.0,9.0,13.0,13.0,8.0,45.0,25.0,,3.0,0.426,2.0,3.0,0.0,9.0,,,1.0
14131918,2025-09-27,15:30:00,Tondela,Santa Clara,False,2,1,47.0,1.53,3.0,12.0,5.0,4.0,25.0,342.0,21.0,12.0,7.0,5.0,0.0,7.0,0.0,5.0,7.0,2.0,1.0,,10.0,2.0,0.0,253.0,17.0,46.0,41.0,69.0,26.0,67.0,2.0,14.0,49.0,6.0,37.0,77.0,13.0,25.0,4.0,11.0,15.0,21.0,21.0,15.0,59.0,24.0,,5.0,0.7252,0.0,0.0,1.0,5.0,,,0.0
14131921,2025-09-27,17:00:00,CF Estrela Amadora,AVS - Futebol SAD,True,3,0,55.0,2.58,4.0,11.0,2.0,6.0,11.0,448.0,13.0,20.0,3.0,6.0,0.0,2.0,3.0,7.0,4.0,3.0,1.0,1.0,22.0,2.0,3.0,369.0,14.0,39.0,56.0,79.0,30.0,60.0,5.0,20.0,55.0,10.0,37.0,68.0,11.0,19.0,5.0,10.0,8.0,13.0,13.0,5.0,58.0,20.0,,2.0,0.547,1.0,2.0,2.0,6.0,,1.0,
14131921,2025-09-27,17:00:00,AVS - Futebol SAD,CF Estrela Amadora,False,0,3,45.0,0.79,1.0,11.0,3.0,6.0,20.0,362.0,15.0,11.0,2.0,2.0,0.0,5.0,4.0,7.0,4.0,0.0,1.0,0.0,15.0,1.0,0.0,287.0,23.0,53.0,55.0,91.0,34.0,59.0,2.0,17.0,45.0,6.0,31.0,68.0,8.0,19.0,6.0,13.0,10.0,15.0,15.0,13.0,45.0,19.0,,3.0,-0.1823,1.0,1.0,1.0,6.0,,1.0,
14131914,2025-09-27,19:30:00,Estoril Praia,Sporting CP,True,0,1,38.0,0.21,1.0,7.0,1.0,3.0,13.0,370.0,15.0,12.0,4.0,2.0,0.0,3.0,2.0,4.0,3.0,,1.0,,10.0,1.0,1.0,283.0,13.0,33.0,55.0,90.0,23.0,58.0,2.0,8.0,48.0,12.0,40.0,85.0,7.0,13.0,13.0,23.0,10.0,15.0,15.0,14.0,55.0,13.0,0.0,1.0,-0.0255,,,1.0,15.0,,,
14131914,2025-09-27,19:30:00,Sporting CP,Estoril Praia,False,1,0,62.0,1.12,2.0,9.0,2.0,9.0,12.0,602.0,22.0,13.0,2.0,2.0,0.0,4.0,3.0,5.0,4.0,,2.0,,21.0,0.0,3.0,523.0,17.0,64.0,112.0,149.0,34.0,53.0,4.0,15.0,52.0,8.0,45.0,85.0,6.0,13.0,11.0,18.0,14.0,22.0,22.0,5.0,60.0,10.0,1.0,2.0,0.2749,,,0.0,8.0,,,
14131915,2025-09-28,14:30:00,FC Alverca,Vitória SC,True,2,0,43.0,1.71,3.0,11.0,3.0,1.0,15.0,314.0,22.0,16.0,3.0,4.0,0.0,4.0,3.0,5.0,6.0,2.0,1.0,,7.0,4.0,1.0,236.0,16.0,33.0,36.0,59.0,24.0,69.0,3.0,7.0,60.0,3.0,44.0,75.0,10.0,15.0,6.0,12.0,15.0,22.0,22.0,9.0,40.0,35.0,2.0,3.0,0.4069,1.0,,,20.0,,1.0,
14131915,2025-09-28,14:30:00,Vitória SC,FC Alverca,False,0,2,57.0,1.24,1.0,19.0,2.0,5.0,17.0,397.0,9.0,15.0,0.0,3.0,0.0,10.0,6.0,4.0,15.0,0.0,1.0,,25.0,1.0,1.0,344.0,30.0,56.0,120.0,143.0,15.0,29.0,7.0,33.0,40.0,11.0,31.0,75.0,5.0,15.0,8.0,19.0,6.0,9.0,9.0,7.0,45.0,5.0,0.0,2.0,-0.2437,0.0,,,5.0,,0.0,
14131919,2025-09-28,17:00:00,Sporting Braga,CD Nacional,True,0,1,60.0,0.61,1.0,9.0,4.0,6.0,4.0,610.0,23.0,7.0,0.0,1.0,1.0,5.0,3.0,4.0,5.0,0.0,1.0,,22.0,2.0,0.0,495.0,30.0,67.0,98.0,142.0,16.0,56.0,4.0,26.0,52.0,4.0,36.0,63.0,22.0,48.0,6.0,15.0,12.0,23.0,23.0,8.0,62.0,32.0,,4.0,0.6192,1.0,1.0,1.0,7.0,,,
14131919,2025-09-28,17:00:00,CD Nacional,Sporting Braga,False,1,0,40.0,1.77,3.0,13.0,1.0,3.0,7.0,411.0,13.0,4.0,3.0,5.0,1.0,6.0,2.0,6.0,7.0,1.0,2.0,,14.0,0.0,3.0,309.0,23.0,61.0,62.0,109.0,41.0,91.0,3.0,14.0,48.0,14.0,27.0,63.0,26.0,48.0,10.0,19.0,9.0,13.0,13.0,15.0,80.0,39.0,,1.0,0.0295,0.0,0.0,0.0,7.0,,,
14131917,2025-09-28,19:30:00,Famalicão,Rio Ave,True,0,0,58.0,2.42,4.0,28.0,3.0,11.0,19.0,484.0,17.0,15.0,4.0,5.0,1.0,13.0,10.0,19.0,9.0,,4.0,0.0,54.0,3.0,2.0,405.0,15.0,84.0,175.0,227.0,27.0,45.0,5.0,32.0,46.0,10.0,35.0,81.0,17.0,33.0,3.0,10.0,10.0,17.0,17.0,6.0,61.0,14.0,0.0,3.0,0.8004,0.0,0.0,1.0,4.0,,,
14131917,2025-09-28,19:30:00,Rio Ave,Famalicão,False,0,0,42.0,0.49,2.0,5.0,5.0,6.0,15.0,354.0,17.0,19.0,5.0,3.0,0.0,0.0,2.0,4.0,1.0,,2.0,1.0,9.0,0.0,0.0,277.0,20.0,30.0,27.0,47.0,25.0,67.0,0.0,15.0,54.0,5.0,46.0,81.0,16.0,33.0,10.0,22.0,7.0,17.0,17.0,14.0,42.0,51.0,1.0,5.0,1.3558,1.0,1.0,3.0,18.0,,,
14131916,2025-09-29,19:00:00,FC Arouca,FC Porto,True,0,4,47.0,0.67,0.0,13.0,2.0,5.0,13.0,353.0,8.0,8.0,5.0,3.0,0.0,9.0,1.0,7.0,6.0,0.0,0.0,,19.0,0.0,0.0,283.0,13.0,47.0,47.0,76.0,16.0,52.0,4.0,19.0,46.0,9.0,22.0,55.0,14.0,24.0,6.0,10.0,5.0,8.0,8.0,5.0,38.0,20.0,2.0,2.0,-0.8655,1.0,,0.0,9.0,1.0,0.0,
14131916,2025-09-29,19:00:00,FC Porto,FC Arouca,False,4,0,53.0,2.97,4.0,16.0,3.0,8.0,8.0,393.0,13.0,13.0,3.0,5.0,1.0,6.0,5.0,11.0,5.0,3.0,1.0,,26.0,3.0,2.0,329.0,15.0,37.0,48.0,79.0,24.0,44.0,5.0,22.0,54.0,4.0,33.0,55.0,10.0,24.0,9.0,13.0,8.0,13.0,13.0,5.0,45.0,23.0,0.0,3.0,0.7365,0.0,,1.0,9.0,0.0,1.0,
14131924,2025-10-03,19:15:00,Casa Pia,Estoril Praia,True,2,2,51.0,0.94,1.0,11.0,1.0,6.0,14.0,385.0,15.0,12.0,3.0,5.0,0.0,4.0,2.0,9.0,2.0,0.0,1.0,1.0,17.0,3.0,3.0,299.0,23.0,58.0,51.0,94.0,25.0,54.0,8.0,25.0,56.0,2.0,31.0,56.0,23.0,41.0,6.0,14.0,9.0,15.0,15.0,9.0,52.0,37.0,,1.0,-0.1609,0.0,,1.0,7.0,1.0,,
14131924,2025-10-03,19:15:00,Estoril Praia,Casa Pia,False,2,2,49.0,1.12,3.0,10.0,3.0,7.0,12.0,378.0,10.0,14.0,3.0,3.0,0.0,5.0,2.0,8.0,2.0,2.0,1.0,0.0,14.0,1.0,1.0,272.0,28.0,50.0,44.0,87.0,24.0,65.0,2.0,18.0,44.0,6.0,25.0,56.0,18.0,41.0,3.0,12.0,4.0,10.0,10.0,2.0,44.0,32.0,,3.0,-0.4235,1.0,,1.0,7.0,1.0,,
14131928,2025-10-04,14:30:00,CD Nacional,Moreirense,True,3,2,58.0,2.64,4.0,17.0,1.0,2.0,12.0,362.0,12.0,14.0,1.0,7.0,0.0,6.0,4.0,7.0,10.0,3.0,1.0,1.0,19.0,6.0,1.0,295.0,23.0,49.0,73.0,110.0,17.0,39.0,3.0,18.0,58.0,3.0,29.0,49.0,24.0,42.0,4.0,9.0,7.0,12.0,12.0,5.0,37.0,28.0,1.0,1.0,-0.8694,1.0,1.0,1.0,6.0,,0.0,
14131928,2025-10-04,14:30:00,Moreirense,CD Nacional,False,2,3,42.0,1.97,5.0,10.0,3.0,4.0,16.0,265.0,8.0,12.0,3.0,4.0,0.0,4.0,2.0,8.0,2.0,2.0,3.0,0.0,21.0,4.0,1.0,205.0,18.0,40.0,30.0,63.0,12.0,38.0,3.0,13.0,42.0,9.0,20.0,49.0,18.0,42.0,1.0,4.0,5.0,8.0,8.0,2.0,35.0,39.0,1.0,3.0,-0.2925,0.0,1.0,1.0,8.0,,1.0,
14131927,2025-10-04,14:30:00,Gil Vicente,CF Estrela Amadora,True,2,0,43.0,2.39,4.0,15.0,5.0,5.0,13.0,322.0,11.0,13.0,2.0,7.0,1.0,3.0,5.0,7.0,8.0,2.0,2.0,,24.0,4.0,2.0,255.0,22.0,43.0,74.0,109.0,15.0,43.0,2.0,13.0,51.0,7.0,31.0,61.0,11.0,21.0,8.0,14.0,8.0,11.0,11.0,10.0,47.0,21.0,0.0,5.0,0.7064,2.0,1.0,0.0,8.0,0.0,1.0,0.0
14131927,2025-10-04,14:30:00,CF Estrela Amadora,Gil Vicente,False,0,2,57.0,0.88,0.0,14.0,5.0,7.0,15.0,405.0,13.0,13.0,3.0,5.0,0.0,5.0,4.0,6.0,8.0,0.0,0.0,,13.0,1.0,2.0,326.0,16.0,47.0,64.0,92.0,29.0,59.0,10.0,28.0,49.0,7.0,30.0,61.0,10.0,21.0,6.0,10.0,7.0,13.0,13.0,10.0,51.0,19.0,1.0,5.0,0.2817,0.0,1.0,1.0,8.0,1.0,0.0,1.0
14131923,2025-10-04,17:00:00,AVS - Futebol SAD,FC Alverca,True,1,3,49.0,0.48,1.0,5.0,3.0,0.0,16.0,425.0,19.0,6.0,3.0,2.0,0.0,2.0,1.0,4.0,1.0,,1.0,0.0,14.0,0.0,0.0,349.0,26.0,52.0,77.0,110.0,35.0,62.0,5.0,24.0,43.0,8.0,29.0,69.0,13.0,29.0,5.0,16.0,11.0,19.0,19.0,5.0,49.0,26.0,1.0,3.0,-0.9583,0.0,0.0,,5.0,,,
14131923,2025-10-04,17:00:00,FC Alverca,AVS - Futebol SAD,False,3,1,51.0,1.21,2.0,12.0,1.0,5.0,6.0,447.0,19.0,16.0,2.0,6.0,0.0,2.0,4.0,9.0,3.0,,2.0,2.0,19.0,4.0,2.0,369.0,14.0,42.0,58.0,92.0,25.0,53.0,3.0,16.0,57.0,11.0,40.0,69.0,16.0,29.0,6.0,14.0,15.0,19.0,19.0,12.0,58.0,27.0,0.0,1.0,0.0643,1.0,2.0,,5.0,,,
14131929,2025-10-04,19:30:00,Vitória SC,Santa Clara,True,2,1,51.0,1.94,3.0,14.0,3.0,9.0,17.0,410.0,13.0,11.0,4.0,7.0,2.0,6.0,1.0,8.0,6.0,2.0,1.0,0.0,23.0,3.0,1.0,332.0,25.0,75.0,106.0,154.0,16.0,37.0,7.0,31.0,50.0,8.0,33.0,69.0,19.0,34.0,10.0,19.0,8.0,13.0,13.0,12.0,50.0,20.0,,3.0,-0.0863,2.0,0.0,0.0,5.0,,,
14131929,2025-10-04,19:30:00,Santa Clara,Vitória SC,False,1,2,49.0,1.12,1.0,13.0,6.0,3.0,11.0,410.0,17.0,17.0,5.0,5.0,0.0,7.0,1.0,10.0,3.0,1.0,0.0,1.0,17.0,2.0,1.0,325.0,21.0,42.0,45.0,75.0,22.0,60.0,3.0,11.0,50.0,10.0,36.0,69.0,15.0,34.0,4.0,7.0,9.0,17.0,17.0,15.0,48.0,41.0,,6.0,0.714,1.0,1.0,1.0,8.0,,,
14131925,2025-10-05,14:30:00,FC Arouca,Famalicão,True,1,1,46.0,0.72,1.0,7.0,3.0,4.0,22.0,310.0,15.0,12.0,5.0,3.0,0.0,2.0,2.0,5.0,2.0,1.0,0.0,1.0,7.0,0.0,2.0,243.0,21.0,54.0,41.0,74.0,20.0,55.0,2.0,13.0,50.0,8.0,31.0,69.0,20.0,34.0,6.0,13.0,8.0,15.0,15.0,4.0,40.0,34.0,1.0,3.0,-0.6323,,,,10.0,0.0,1.0,
14131925,2025-10-05,14:30:00,Famalicão,FC Arouca,False,1,1,54.0,1.75,2.0,14.0,2.0,11.0,12.0,346.0,15.0,22.0,1.0,5.0,1.0,4.0,5.0,12.0,2.0,0.0,2.0,0.0,34.0,5.0,4.0,280.0,24.0,45.0,70.0,100.0,27.0,45.0,12.0,35.0,50.0,9.0,38.0,69.0,14.0,34.0,3.0,9.0,13.0,15.0,15.0,5.0,40.0,18.0,0.0,2.0,-0.43,,,,8.0,1.0,0.0,
14131926,2025-10-05,16:30:00,Rio Ave,Tondela,True,3,0,47.0,2.3,4.0,13.0,3.0,6.0,15.0,374.0,15.0,15.0,7.0,7.0,0.0,2.0,4.0,7.0,6.0,3.0,1.0,2.0,18.0,3.0,0.0,312.0,14.0,34.0,52.0,75.0,20.0,44.0,5.0,13.0,54.0,7.0,47.0,91.0,14.0,21.0,18.0,27.0,9.0,15.0,15.0,14.0,43.0,31.0,,3.0,0.804,1.0,,2.0,10.0,0.0,1.0,
14131926,2025-10-05,16:30:00,Tondela,Rio Ave,False,0,3,53.0,0.85,3.0,13.0,4.0,7.0,15.0,401.0,16.0,15.0,4.0,3.0,0.0,7.0,3.0,8.0,5.0,0.0,3.0,0.0,21.0,6.0,3.0,335.0,20.0,63.0,93.0,140.0,26.0,43.0,6.0,33.0,46.0,8.0,44.0,91.0,7.0,21.0,14.0,21.0,6.0,16.0,16.0,5.0,50.0,19.0,,4.0,0.299,2.0,,0.0,6.0,1.0,1.0,
14131930,2025-10-05,18:15:00,Sporting CP,Sporting Braga,True,1,1,44.0,1.43,2.0,13.0,4.0,1.0,19.0,429.0,18.0,13.0,4.0,3.0,0.0,5.0,5.0,10.0,3.0,1.0,1.0,,28.0,1.0,2.0,345.0,16.0,37.0,46.0,68.0,26.0,58.0,4.0,9.0,50.0,4.0,41.0,79.0,10.0,23.0,12.0,23.0,11.0,18.0,18.0,12.0,54.0,12.0,,4.0,0.7308,1.0,,1.0,8.0,,,
14131930,2025-10-05,18:15:00,Sporting Braga,Sporting CP,False,1,1,56.0,1.31,3.0,11.0,2.0,5.0,13.0,542.0,15.0,18.0,5.0,5.0,0.0,4.0,2.0,6.0,5.0,1.0,2.0,,21.0,3.0,3.0,472.0,20.0,55.0,89.0,125.0,15.0,40.0,4.0,12.0,50.0,8.0,38.0,79.0,13.0,23.0,5.0,15.0,10.0,15.0,15.0,10.0,53.0,13.0,,2.0,-0.1241,1.0,,0.0,5.0,,,
14131931,2025-10-05,20:15:00,FC Porto,Benfica,True,0,0,51.0,0.68,1.0,8.0,1.0,3.0,15.0,430.0,11.0,6.0,6.0,2.0,1.0,4.0,2.0,6.0,2.0,,1.0,1.0,28.0,0.0,,366.0,24.0,51.0,77.0,114.0,19.0,31.0,5.0,19.0,40.0,10.0,22.0,65.0,11.0,18.0,5.0,13.0,6.0,11.0,11.0,8.0,44.0,10.0,0.0,1.0,0.3295,,,2.0,2.0,,,
14131931,2025-10-05,20:15:00,Benfica,FC Porto,False,0,0,49.0,0.12,0.0,4.0,2.0,3.0,6.0,417.0,18.0,15.0,2.0,1.0,1.0,2.0,1.0,2.0,2.0,,0.0,0.0,11.0,3.0,,334.0,11.0,33.0,48.0,74.0,24.0,60.0,1.0,10.0,60.0,4.0,43.0,65.0,7.0,18.0,11.0,18.0,12.0,18.0,18.0,7.0,41.0,28.0,2.0,2.0,0.6098,,,0.0,16.0,,,
14131934,2025-10-24,19:15:00,FC Alverca,Gil Vicente,True,0,4,56.0,1.47,3.0,6.0,1.0,1.0,12.0,400.0,26.0,17.0,3.0,2.0,0.0,4.0,0.0,4.0,2.0,0.0,3.0,,19.0,4.0,2.0,342.0,20.0,42.0,65.0,99.0,21.0,42.0,5.0,19.0,57.0,10.0,46.0,80.0,14.0,25.0,3.0,11.0,15.0,26.0,26.0,5.0,45.0,21.0,1.0,1.0,-1.2701,0.0,3.0,0.0,1.0,,0.0,0.0
14131934,2025-10-24,19:15:00,Gil Vicente,FC Alverca,False,4,0,44.0,1.62,2.0,12.0,2.0,4.0,18.0,317.0,18.0,12.0,4.0,5.0,0.0,2.0,5.0,5.0,7.0,1.0,1.0,,15.0,3.0,0.0,254.0,17.0,41.0,65.0,90.0,17.0,43.0,2.0,10.0,43.0,13.0,34.0,80.0,11.0,25.0,6.0,19.0,13.0,18.0,18.0,7.0,43.0,22.0,0.0,2.0,0.8438,1.0,3.0,1.0,9.0,,1.0,1.0
14131938,2025-10-25,17:00:00,Santa Clara,AVS - Futebol SAD,True,2,0,60.0,1.88,3.0,20.0,2.0,8.0,10.0,484.0,18.0,14.0,1.0,5.0,0.0,8.0,7.0,14.0,6.0,2.0,1.0,,26.0,4.0,2.0,405.0,15.0,70.0,123.0,164.0,35.0,67.0,4.0,19.0,58.0,9.0,40.0,71.0,15.0,24.0,10.0,15.0,13.0,18.0,18.0,8.0,52.0,25.0,,2.0,0.0621,0.0,,1.0,12.0,0.0,,
14131938,2025-10-25,17:00:00,AVS - Futebol SAD,Santa Clara,False,0,2,40.0,0.2,0.0,7.0,3.0,4.0,15.0,309.0,14.0,10.0,1.0,2.0,0.0,4.0,1.0,3.0,4.0,0.0,0.0,,14.0,2.0,0.0,226.0,21.0,51.0,65.0,108.0,19.0,47.0,3.0,23.0,42.0,11.0,31.0,71.0,9.0,24.0,7.0,14.0,5.0,14.0,14.0,4.0,43.0,30.0,,3.0,0.2798,2.0,,1.0,12.0,1.0,,
14131939,2025-10-25,19:30:00,Benfica,FC Arouca,True,5,0,53.0,3.84,5.0,17.0,0.0,9.0,13.0,466.0,13.0,15.0,2.0,8.0,2.0,7.0,2.0,14.0,3.0,4.0,1.0,,46.0,5.0,4.0,398.0,6.0,55.0,97.0,134.0,38.0,52.0,4.0,18.0,59.0,9.0,42.0,77.0,13.0,17.0,12.0,19.0,11.0,13.0,13.0,12.0,58.0,9.0,1.0,0.0,0.0,0.0,,,5.0,,,
14131939,2025-10-25,19:30:00,FC Arouca,Benfica,False,0,5,47.0,0.44,0.0,5.0,3.0,1.0,18.0,406.0,16.0,13.0,2.0,0.0,0.0,4.0,1.0,2.0,3.0,0.0,0.0,,4.0,2.0,1.0,330.0,26.0,38.0,52.0,76.0,19.0,42.0,1.0,10.0,41.0,5.0,35.0,77.0,4.0,17.0,6.0,14.0,9.0,16.0,16.0,8.0,42.0,20.0,0.0,3.0,-0.4499,1.0,,,13.0,,,
14131933,2025-10-25,19:30:00,CF Estrela Amadora,Rio Ave,True,1,2,57.0,0.82,2.0,16.0,0.0,4.0,16.0,424.0,16.0,20.0,3.0,2.0,0.0,8.0,6.0,8.0,8.0,0.0,2.0,1.0,29.0,4.0,3.0,364.0,19.0,43.0,75.0,102.0,20.0,40.0,5.0,26.0,57.0,8.0,45.0,80.0,11.0,19.0,9.0,17.0,11.0,16.0,16.0,7.0,49.0,11.0,,0.0,-0.985,0.0,1.0,1.0,7.0,1.0,,
14131933,2025-10-25,19:30:00,Rio Ave,CF Estrela Amadora,False,2,1,43.0,0.86,1.0,8.0,1.0,5.0,20.0,332.0,16.0,16.0,6.0,2.0,0.0,4.0,2.0,6.0,2.0,1.0,0.0,1.0,12.0,1.0,2.0,270.0,24.0,31.0,30.0,55.0,15.0,43.0,4.0,9.0,43.0,11.0,35.0,80.0,8.0,19.0,4.0,9.0,6.0,16.0,16.0,9.0,35.0,34.0,,1.0,-0.1654,1.0,0.0,0.0,15.0,0.0,,
14131932,2025-10-26,15:30:00,Estoril Praia,CD Nacional,True,1,1,59.0,1.74,2.0,13.0,3.0,6.0,13.0,401.0,12.0,14.0,3.0,4.0,0.0,7.0,2.0,10.0,3.0,1.0,1.0,0.0,19.0,4.0,2.0,299.0,28.0,65.0,57.0,112.0,28.0,65.0,6.0,24.0,46.0,14.0,33.0,75.0,14.0,27.0,8.0,16.0,8.0,12.0,12.0,9.0,53.0,13.0,0.0,3.0,0.8993,2.0,1.0,0.0,12.0,,,
14131932,2025-10-26,15:30:00,CD Nacional,Estoril Praia,False,1,1,41.0,1.47,3.0,9.0,3.0,5.0,15.0,270.0,22.0,13.0,3.0,4.0,0.0,4.0,1.0,7.0,2.0,1.0,2.0,1.0,18.0,1.0,3.0,184.0,18.0,47.0,35.0,74.0,24.0,63.0,4.0,18.0,54.0,7.0,42.0,75.0,13.0,27.0,8.0,13.0,14.0,22.0,22.0,9.0,52.0,28.0,1.0,3.0,0.2521,0.0,2.0,1.0,12.0,,,
14131935,2025-10-26,15:30:00,Famalicão,Vitória SC,True,2,0,50.0,1.68,1.0,15.0,3.0,5.0,20.0,356.0,16.0,14.0,1.0,10.0,0.0,1.0,4.0,10.0,5.0,1.0,0.0,0.0,21.0,0.0,2.0,274.0,25.0,52.0,64.0,99.0,28.0,58.0,5.0,18.0,45.0,8.0,34.0,72.0,15.0,38.0,4.0,10.0,11.0,16.0,16.0,10.0,43.0,33.0,,3.0,0.6358,0.0,0.0,1.0,8.0,,,
14131935,2025-10-26,15:30:00,Vitória SC,Famalicão,False,0,2,50.0,0.5,1.0,13.0,8.0,4.0,14.0,344.0,14.0,20.0,2.0,3.0,0.0,5.0,5.0,6.0,7.0,0.0,1.0,1.0,18.0,5.0,6.0,276.0,24.0,54.0,55.0,87.0,21.0,41.0,7.0,21.0,55.0,11.0,38.0,72.0,23.0,38.0,4.0,9.0,10.0,14.0,14.0,6.0,47.0,24.0,,8.0,0.1705,3.0,2.0,1.0,3.0,,,
14131940,2025-10-26,18:00:00,Tondela,Sporting CP,True,0,3,34.0,0.37,0.0,9.0,12.0,2.0,12.0,277.0,24.0,12.0,3.0,2.0,0.0,4.0,3.0,3.0,6.0,0.0,0.0,0.0,9.0,2.0,2.0,214.0,14.0,40.0,60.0,89.0,16.0,40.0,1.0,19.0,38.0,7.0,37.0,87.0,3.0,19.0,3.0,8.0,17.0,24.0,24.0,15.0,51.0,36.0,1.0,12.0,0.8541,3.0,1.0,1.0,8.0,,,
14131940,2025-10-26,18:00:00,Sporting CP,Tondela,False,3,0,66.0,2.48,7.0,29.0,2.0,9.0,12.0,555.0,12.0,12.0,1.0,15.0,0.0,7.0,7.0,20.0,9.0,2.0,5.0,5.0,49.0,4.0,0.0,487.0,25.0,47.0,128.0,166.0,14.0,27.0,5.0,25.0,62.0,11.0,50.0,87.0,16.0,19.0,26.0,39.0,9.0,12.0,12.0,3.0,51.0,25.0,0.0,2.0,0.121,0.0,2.0,0.0,7.0,,,
14131937,2025-10-26,20:30:00,Sporting Braga,Casa Pia,True,4,0,61.0,2.61,5.0,15.0,1.0,4.0,16.0,558.0,11.0,15.0,1.0,8.0,1.0,4.0,3.0,9.0,6.0,4.0,1.0,,24.0,3.0,4.0,490.0,16.0,48.0,91.0,132.0,24.0,52.0,3.0,7.0,55.0,6.0,35.0,70.0,12.0,16.0,9.0,15.0,6.0,11.0,11.0,8.0,43.0,11.0,0.0,1.0,0.4273,1.0,1.0,0.0,3.0,0.0,,
14131937,2025-10-26,20:30:00,Casa Pia,Sporting Braga,False,0,4,39.0,0.21,1.0,3.0,4.0,2.0,16.0,358.0,12.0,16.0,3.0,1.0,0.0,2.0,0.0,2.0,1.0,0.0,1.0,,6.0,0.0,1.0,294.0,14.0,34.0,30.0,49.0,23.0,44.0,3.0,9.0,45.0,4.0,35.0,70.0,4.0,16.0,7.0,14.0,8.0,12.0,12.0,10.0,29.0,23.0,1.0,4.0,0.0025000000000004,0.0,0.0,1.0,8.0,3.0,,
14131936,2025-10-27,20:15:00,Moreirense,FC Porto,True,1,2,39.0,0.27,0.0,8.0,5.0,2.0,15.0,303.0,15.0,13.0,3.0,1.0,0.0,4.0,3.0,3.0,5.0,0.0,,0.0,11.0,2.0,0.0,230.0,23.0,28.0,32.0,57.0,16.0,53.0,1.0,11.0,52.0,3.0,35.0,65.0,10.0,21.0,7.0,12.0,9.0,15.0,15.0,9.0,39.0,44.0,1.0,5.0,1.2507,1.0,1.0,,6.0,,,
14131936,2025-10-27,20:15:00,FC Porto,Moreirense,False,2,1,61.0,1.87,2.0,16.0,0.0,7.0,13.0,483.0,8.0,14.0,2.0,7.0,1.0,5.0,4.0,11.0,5.0,2.0,,1.0,36.0,4.0,5.0,417.0,26.0,66.0,97.0,147.0,18.0,38.0,4.0,24.0,48.0,4.0,30.0,65.0,11.0,21.0,7.0,18.0,5.0,8.0,8.0,13.0,42.0,17.0,0.0,0.0,-0.6018,0.0,0.0,,3.0,,,
14131945,2025-10-31,20:15:00,Sporting CP,FC Alverca,True,2,0,67.0,2.34,2.0,27.0,0.0,10.0,9.0,636.0,19.0,10.0,1.0,8.0,1.0,13.0,6.0,20.0,7.0,1.0,1.0,2.0,47.0,3.0,1.0,579.0,15.0,77.0,199.0,241.0,26.0,34.0,8.0,30.0,49.0,5.0,35.0,66.0,8.0,21.0,7.0,18.0,9.0,19.0,19.0,3.0,56.0,7.0,1.0,0.0,0.0,,,,7.0,,,
14131945,2025-10-31,20:15:00,FC Alverca,Sporting CP,False,0,2,33.0,0.31,0.0,8.0,5.0,0.0,10.0,323.0,16.0,9.0,1.0,0.0,0.0,5.0,3.0,1.0,7.0,0.0,0.0,0.0,5.0,0.0,0.0,260.0,14.0,43.0,47.0,72.0,40.0,71.0,0.0,5.0,51.0,11.0,31.0,66.0,13.0,21.0,7.0,15.0,8.0,16.0,16.0,14.0,58.0,30.0,0.0,5.0,-0.0523,,,,13.0,,,
14131946,2025-11-01,15:30:00,CD Nacional,Famalicão,True,0,1,44.0,0.39,1.0,8.0,3.0,3.0,15.0,284.0,15.0,18.0,4.0,3.0,0.0,4.0,1.0,4.0,4.0,,1.0,,13.0,3.0,2.0,218.0,16.0,55.0,49.0,89.0,21.0,45.0,3.0,19.0,53.0,7.0,36.0,76.0,27.0,43.0,5.0,17.0,9.0,15.0,15.0,12.0,49.0,37.0,1.0,3.0,-0.1345,0.0,,0.0,8.0,,1.0,
14131946,2025-11-01,15:30:00,Famalicão,CD Nacional,False,1,0,56.0,1.62,1.0,20.0,3.0,10.0,18.0,359.0,19.0,15.0,6.0,4.0,0.0,8.0,8.0,13.0,7.0,,1.0,,32.0,2.0,1.0,287.0,28.0,58.0,87.0,117.0,27.0,51.0,7.0,24.0,47.0,3.0,40.0,76.0,16.0,43.0,8.0,20.0,14.0,19.0,19.0,9.0,48.0,23.0,0.0,3.0,0.4075,1.0,,1.0,6.0,,0.0,
14131942,2025-11-01,18:00:00,Casa Pia,CF Estrela Amadora,True,3,5,56.0,1.07,2.0,10.0,1.0,5.0,20.0,369.0,8.0,21.0,2.0,4.0,0.0,3.0,3.0,5.0,5.0,2.0,,,18.0,7.0,0.0,301.0,21.0,61.0,53.0,93.0,26.0,48.0,6.0,34.0,50.0,6.0,35.0,72.0,11.0,20.0,8.0,15.0,5.0,8.0,8.0,8.0,37.0,14.0,,1.0,-1.6033,0.0,,0.0,5.0,1.0,,
14131942,2025-11-01,18:00:00,CF Estrela Amadora,Casa Pia,False,5,3,44.0,2.17,3.0,12.0,1.0,2.0,21.0,303.0,13.0,18.0,3.0,6.0,0.0,2.0,4.0,7.0,5.0,3.0,,,14.0,4.0,1.0,238.0,17.0,40.0,33.0,62.0,22.0,49.0,2.0,8.0,50.0,6.0,37.0,72.0,9.0,20.0,6.0,8.0,10.0,13.0,13.0,7.0,40.0,42.0,,1.0,-1.466,1.0,,3.0,5.0,0.0,,
14131944,2025-11-01,18:00:00,Rio Ave,Estoril Praia,True,0,4,41.0,0.17,0.0,2.0,2.0,0.0,10.0,437.0,14.0,14.0,2.0,0.0,0.0,1.0,1.0,2.0,0.0,0.0,0.0,0.0,5.0,1.0,1.0,367.0,13.0,33.0,19.0,48.0,30.0,60.0,1.0,2.0,59.0,0.0,40.0,66.0,8.0,15.0,12.0,23.0,9.0,14.0,14.0,9.0,43.0,27.0,,2.0,-1.1093,1.0,,,12.0,,1.0,
14131944,2025-11-01,18:00:00,Estoril Praia,Rio Ave,False,4,0,59.0,3.19,6.0,24.0,0.0,6.0,14.0,607.0,11.0,9.0,1.0,6.0,2.0,10.0,8.0,16.0,8.0,1.0,5.0,1.0,44.0,2.0,3.0,542.0,19.0,79.0,136.0,175.0,23.0,41.0,11.0,30.0,41.0,8.0,26.0,66.0,7.0,15.0,5.0,11.0,7.0,11.0,11.0,8.0,58.0,6.0,,0.0,0.0,0.0,,,1.0,,0.0,
14131949,2025-11-01,20:30:00,Vitória SC,Benfica,True,0,3,34.0,0.43,0.0,10.0,7.0,3.0,12.0,279.0,15.0,11.0,3.0,3.0,0.0,4.0,3.0,4.0,6.0,0.0,0.0,,8.0,2.0,1.0,216.0,15.0,29.0,44.0,64.0,30.0,55.0,1.0,7.0,47.0,4.0,32.0,68.0,10.0,21.0,6.0,11.0,8.0,15.0,15.0,10.0,39.0,16.0,0.0,7.0,-0.4836,1.0,,,12.0,,1.0,
14131949,2025-11-01,20:30:00,Benfica,Vitória SC,False,3,0,66.0,2.13,6.0,24.0,3.0,6.0,11.0,552.0,9.0,12.0,4.0,10.0,0.0,8.0,6.0,13.0,11.0,2.0,4.0,,37.0,2.0,0.0,498.0,19.0,81.0,145.0,174.0,30.0,50.0,6.0,17.0,53.0,5.0,36.0,68.0,11.0,21.0,15.0,25.0,4.0,9.0,9.0,8.0,42.0,10.0,1.0,3.0,0.0687,0.0,,,6.0,,0.0,
14131941,2025-11-02,15:30:00,AVS - Futebol SAD,Tondela,True,2,2,55.0,0.92,1.0,15.0,1.0,5.0,18.0,385.0,9.0,17.0,4.0,5.0,0.0,4.0,6.0,9.0,6.0,1.0,0.0,1.0,22.0,2.0,,291.0,29.0,56.0,76.0,125.0,22.0,52.0,5.0,16.0,44.0,16.0,36.0,83.0,11.0,25.0,11.0,20.0,5.0,9.0,9.0,4.0,49.0,16.0,,1.0,-0.7991,0.0,0.0,,9.0,,,
14131941,2025-11-02,15:30:00,Tondela,AVS - Futebol SAD,False,2,2,45.0,2.0,3.0,10.0,3.0,3.0,17.0,313.0,25.0,17.0,4.0,3.0,0.0,6.0,1.0,7.0,3.0,1.0,2.0,0.0,16.0,3.0,,243.0,16.0,50.0,61.0,88.0,30.0,60.0,1.0,15.0,56.0,4.0,47.0,83.0,14.0,25.0,5.0,10.0,17.0,25.0,25.0,8.0,44.0,33.0,,3.0,-0.4397,1.0,1.0,,11.0,,,
14131943,2025-11-02,18:00:00,FC Arouca,Moreirense,True,0,2,59.0,0.59,3.0,11.0,3.0,5.0,11.0,563.0,20.0,11.0,3.0,2.0,0.0,5.0,4.0,7.0,4.0,0.0,3.0,1.0,20.0,1.0,0.0,485.0,17.0,77.0,109.0,156.0,27.0,55.0,8.0,31.0,52.0,7.0,40.0,76.0,11.0,23.0,10.0,20.0,15.0,20.0,20.0,13.0,60.0,15.0,,3.0,0.0053000000000001,1.0,1.0,,2.0,,,
14131943,2025-11-02,18:00:00,Moreirense,FC Arouca,False,2,0,41.0,0.68,1.0,7.0,2.0,2.0,11.0,409.0,17.0,11.0,2.0,5.0,0.0,2.0,0.0,4.0,3.0,1.0,0.0,0.0,18.0,2.0,2.0,316.0,28.0,39.0,59.0,87.0,25.0,63.0,3.0,8.0,48.0,10.0,36.0,76.0,12.0,23.0,8.0,18.0,13.0,17.0,17.0,7.0,55.0,32.0,,2.0,0.2672,0.0,1.0,,11.0,,,
14131948,2025-11-02,20:30:00,FC Porto,Sporting Braga,True,2,1,31.0,0.93,1.0,9.0,2.0,2.0,15.0,305.0,16.0,13.0,3.0,4.0,0.0,2.0,3.0,3.0,6.0,1.0,0.0,1.0,8.0,0.0,2.0,218.0,13.0,44.0,39.0,73.0,17.0,51.0,1.0,5.0,52.0,7.0,35.0,68.0,12.0,23.0,7.0,9.0,10.0,16.0,16.0,11.0,45.0,19.0,0.0,2.0,0.1709,2.0,,,6.0,,,
14131948,2025-11-02,20:30:00,Sporting Braga,FC Porto,False,1,2,69.0,0.91,2.0,10.0,2.0,3.0,13.0,678.0,9.0,15.0,3.0,3.0,0.0,3.0,4.0,6.0,4.0,1.0,1.0,0.0,17.0,3.0,2.0,597.0,24.0,88.0,160.0,191.0,27.0,60.0,3.0,16.0,48.0,5.0,33.0,68.0,11.0,23.0,10.0,21.0,6.0,9.0,9.0,13.0,41.0,16.0,1.0,2.0,-1.1487,0.0,,,4.0,,,
14131947,2025-11-03,20:45:00,Gil Vicente,Santa Clara,True,1,0,37.0,0.61,1.0,9.0,4.0,2.0,16.0,328.0,16.0,14.0,2.0,3.0,0.0,4.0,2.0,4.0,5.0,1.0,,,13.0,2.0,0.0,270.0,11.0,38.0,32.0,57.0,20.0,52.0,2.0,5.0,42.0,12.0,36.0,80.0,7.0,22.0,6.0,14.0,9.0,16.0,16.0,9.0,53.0,40.0,,4.0,0.4363,,1.0,,8.0,,,
14131947,2025-11-03,20:45:00,Santa Clara,Gil Vicente,False,0,1,63.0,0.55,0.0,15.0,2.0,0.0,14.0,538.0,20.0,16.0,3.0,4.0,0.0,6.0,5.0,8.0,7.0,0.0,,,13.0,2.0,1.0,455.0,24.0,75.0,83.0,122.0,36.0,63.0,5.0,20.0,58.0,6.0,44.0,80.0,15.0,22.0,8.0,18.0,12.0,20.0,20.0,5.0,49.0,18.0,,2.0,-0.4581,,0.0,,6.0,,,
14131957,2025-11-07,20:15:00,Estoril Praia,FC Arouca,True,4,3,46.0,2.06,3.0,19.0,1.0,10.0,9.0,397.0,14.0,13.0,3.0,7.0,1.0,5.0,7.0,13.0,6.0,2.0,1.0,2.0,35.0,1.0,1.0,321.0,22.0,60.0,89.0,126.0,29.0,62.0,7.0,32.0,54.0,6.0,35.0,65.0,16.0,30.0,8.0,16.0,8.0,14.0,14.0,14.0,49.0,27.0,0.0,1.0,-2.2113,0.0,,0.0,6.0,1.0,,
14131957,2025-11-07,20:15:00,FC Arouca,Estoril Praia,False,3,4,54.0,1.13,1.0,10.0,4.0,2.0,13.0,485.0,14.0,9.0,1.0,4.0,0.0,4.0,2.0,5.0,5.0,0.0,1.0,0.0,11.0,0.0,3.0,394.0,26.0,56.0,49.0,81.0,29.0,75.0,1.0,12.0,46.0,3.0,30.0,65.0,14.0,30.0,7.0,18.0,9.0,14.0,14.0,7.0,48.0,35.0,1.0,4.0,-2.2132,1.0,,2.0,11.0,0.0,,
14131952,2025-11-08,15:30:00,FC Alverca,Rio Ave,True,1,1,57.0,1.59,3.0,15.0,3.0,9.0,15.0,484.0,15.0,16.0,2.0,5.0,0.0,4.0,6.0,11.0,4.0,1.0,2.0,,24.0,2.0,2.0,416.0,24.0,55.0,119.0,155.0,25.0,42.0,9.0,26.0,52.0,8.0,39.0,74.0,6.0,13.0,9.0,17.0,9.0,15.0,15.0,7.0,55.0,9.0,,3.0,-0.5509,,0.0,1.0,8.0,,,
14131952,2025-11-08,15:30:00,Rio Ave,FC Alverca,False,1,1,43.0,0.69,2.0,11.0,4.0,3.0,16.0,379.0,16.0,15.0,0.0,4.0,1.0,4.0,3.0,3.0,8.0,1.0,1.0,,10.0,3.0,1.0,318.0,20.0,34.0,42.0,66.0,30.0,58.0,1.0,8.0,48.0,8.0,35.0,74.0,7.0,13.0,6.0,13.0,10.0,16.0,16.0,9.0,48.0,28.0,,4.0,0.4402,,3.0,1.0,6.0,,,
14131958,2025-11-08,18:00:00,Tondela,Vitória SC,True,0,1,50.0,1.46,2.0,15.0,1.0,4.0,14.0,389.0,14.0,11.0,2.0,4.0,3.0,4.0,7.0,8.0,7.0,0.0,2.0,,20.0,1.0,1.0,305.0,18.0,60.0,67.0,107.0,24.0,68.0,5.0,22.0,54.0,3.0,32.0,60.0,15.0,27.0,7.0,14.0,10.0,14.0,14.0,6.0,43.0,27.0,1.0,1.0,-0.1987,1.0,1.0,1.0,9.0,,,
14131958,2025-11-08,18:00:00,Vitória SC,Tondela,False,1,0,50.0,1.33,1.0,11.0,4.0,3.0,11.0,391.0,10.0,13.0,1.0,2.0,0.0,6.0,3.0,9.0,2.0,1.0,0.0,,19.0,2.0,2.0,325.0,25.0,44.0,69.0,99.0,20.0,51.0,2.0,20.0,46.0,5.0,28.0,60.0,12.0,27.0,5.0,14.0,7.0,10.0,10.0,3.0,50.0,33.0,0.0,4.0,1.5035,2.0,0.0,0.0,7.0,,,
14131954,2025-11-08,20:30:00,Santa Clara,Sporting CP,True,1,2,26.0,0.58,1.0,5.0,4.0,2.0,11.0,237.0,25.0,12.0,9.0,2.0,0.0,2.0,1.0,2.0,3.0,1.0,0.0,0.0,4.0,2.0,,159.0,19.0,33.0,35.0,62.0,11.0,52.0,1.0,11.0,52.0,10.0,48.0,81.0,7.0,24.0,11.0,17.0,14.0,25.0,25.0,10.0,56.0,51.0,1.0,4.0,-0.2654,2.0,1.0,,12.0,0.0,2.0,
14131954,2025-11-08,20:30:00,Sporting CP,Santa Clara,False,2,1,74.0,1.25,3.0,21.0,1.0,12.0,12.0,662.0,16.0,11.0,4.0,7.0,0.0,10.0,4.0,12.0,9.0,1.0,2.0,1.0,33.0,1.0,,585.0,13.0,106.0,201.0,256.0,10.0,30.0,5.0,33.0,48.0,10.0,33.0,81.0,17.0,24.0,7.0,22.0,10.0,16.0,16.0,4.0,60.0,22.0,1.0,1.0,-0.0377,0.0,0.0,,4.0,1.0,1.0,
14131950,2025-11-09,15:30:00,AVS - Futebol SAD,Gil Vicente,True,1,1,45.0,1.8,2.0,16.0,4.0,1.0,12.0,342.0,12.0,18.0,1.0,8.0,0.0,5.0,3.0,14.0,2.0,1.0,1.0,,29.0,5.0,0.0,266.0,22.0,56.0,61.0,103.0,24.0,54.0,4.0,21.0,52.0,10.0,40.0,77.0,15.0,28.0,10.0,18.0,8.0,12.0,12.0,15.0,53.0,36.0,0.0,4.0,-0.0627,2.0,0.0,,6.0,,,0.0
14131950,2025-11-09,15:30:00,Gil Vicente,AVS - Futebol SAD,False,1,1,55.0,2.05,3.0,12.0,7.0,4.0,19.0,434.0,18.0,11.0,5.0,5.0,1.0,5.0,2.0,10.0,2.0,0.0,3.0,,27.0,2.0,1.0,349.0,25.0,64.0,89.0,137.0,24.0,54.0,5.0,14.0,48.0,4.0,37.0,77.0,13.0,28.0,9.0,17.0,13.0,18.0,18.0,14.0,57.0,23.0,1.0,7.0,1.221,1.0,3.0,,5.0,,,1.0
14131951,2025-11-09,15:30:00,CF Estrela Amadora,CD Nacional,True,1,1,62.0,2.16,3.0,14.0,3.0,2.0,12.0,443.0,12.0,14.0,3.0,4.0,1.0,7.0,3.0,8.0,6.0,1.0,2.0,,16.0,1.0,1.0,351.0,24.0,43.0,47.0,76.0,28.0,56.0,4.0,21.0,53.0,9.0,35.0,67.0,18.0,33.0,8.0,16.0,6.0,12.0,12.0,4.0,57.0,19.0,2.0,3.0,-0.1986,0.0,2.0,,7.0,,,
14131951,2025-11-09,15:30:00,CD Nacional,CF Estrela Amadora,False,1,1,38.0,1.27,1.0,17.0,3.0,6.0,15.0,271.0,17.0,12.0,4.0,4.0,1.0,11.0,2.0,12.0,5.0,0.0,1.0,,24.0,4.0,0.0,186.0,21.0,46.0,40.0,73.0,13.0,48.0,5.0,17.0,47.0,6.0,32.0,67.0,15.0,33.0,3.0,9.0,6.0,17.0,17.0,13.0,52.0,33.0,0.0,3.0,0.2735,1.0,1.0,,11.0,,,
14131953,2025-11-09,18:00:00,Famalicão,FC Porto,True,0,1,46.0,0.27,0.0,8.0,4.0,2.0,24.0,376.0,22.0,13.0,5.0,0.0,1.0,2.0,6.0,3.0,5.0,0.0,0.0,,11.0,3.0,0.0,298.0,15.0,51.0,56.0,89.0,27.0,59.0,0.0,13.0,45.0,4.0,39.0,84.0,9.0,23.0,5.0,16.0,12.0,22.0,22.0,11.0,56.0,26.0,2.0,4.0,0.0349,3.0,0.0,,15.0,,,
14131953,2025-11-09,18:00:00,FC Porto,Famalicão,False,1,0,54.0,1.24,4.0,19.0,0.0,4.0,13.0,444.0,15.0,24.0,2.0,6.0,0.0,10.0,3.0,13.0,6.0,1.0,3.0,,34.0,3.0,3.0,376.0,14.0,67.0,82.0,120.0,26.0,50.0,3.0,16.0,55.0,12.0,45.0,84.0,14.0,23.0,8.0,18.0,7.0,15.0,15.0,7.0,63.0,22.0,0.0,0.0,0.0,0.0,1.0,,5.0,,,
14131956,2025-11-09,20:30:00,Benfica,Casa Pia,True,2,2,66.0,2.22,3.0,19.0,3.0,6.0,8.0,562.0,14.0,7.0,3.0,6.0,1.0,7.0,6.0,10.0,9.0,2.0,1.0,1.0,35.0,2.0,5.0,489.0,21.0,93.0,177.0,227.0,29.0,48.0,3.0,18.0,49.0,6.0,27.0,54.0,12.0,25.0,7.0,16.0,7.0,14.0,14.0,6.0,47.0,8.0,,3.0,-0.3296,0.0,,0.0,1.0,2.0,,1.0
14131956,2025-11-09,20:30:00,Casa Pia,Benfica,False,2,2,34.0,1.21,3.0,7.0,4.0,2.0,8.0,292.0,15.0,7.0,2.0,4.0,0.0,0.0,3.0,4.0,3.0,1.0,2.0,0.0,7.0,1.0,1.0,224.0,15.0,20.0,19.0,31.0,20.0,45.0,2.0,7.0,51.0,6.0,27.0,54.0,13.0,25.0,7.0,15.0,6.0,15.0,15.0,4.0,37.0,33.0,,4.0,0.5958,3.0,,1.0,11.0,0.0,,0.0
14131955,2025-11-09,20:30:00,Sporting Braga,Moreirense,True,2,1,53.0,2.22,3.0,11.0,0.0,5.0,13.0,488.0,23.0,14.0,3.0,3.0,1.0,5.0,3.0,9.0,2.0,2.0,1.0,0.0,20.0,6.0,0.0,413.0,19.0,55.0,96.0,130.0,12.0,51.0,5.0,17.0,52.0,7.0,36.0,70.0,12.0,23.0,1.0,12.0,13.0,23.0,23.0,9.0,41.0,26.0,,0.0,-0.0514,,1.0,,7.0,,,
14131955,2025-11-09,20:30:00,Moreirense,Sporting Braga,False,1,2,47.0,0.83,2.0,11.0,1.0,3.0,15.0,431.0,18.0,13.0,2.0,1.0,1.0,4.0,6.0,7.0,4.0,1.0,1.0,2.0,20.0,2.0,1.0,367.0,25.0,53.0,77.0,105.0,19.0,41.0,10.0,23.0,48.0,8.0,34.0,70.0,11.0,23.0,5.0,20.0,11.0,18.0,18.0,6.0,40.0,20.0,,1.0,-0.5016,,0.0,,6.0,,,
14131962,2025-11-28,20:15:00,Vitória SC,AVS - Futebol SAD,True,4,0,46.0,1.56,3.0,11.0,1.0,7.0,11.0,340.0,18.0,14.0,0.0,4.0,1.0,5.0,2.0,7.0,4.0,2.0,1.0,,12.0,3.0,3.0,288.0,16.0,47.0,72.0,98.0,33.0,51.0,4.0,20.0,60.0,5.0,41.0,63.0,9.0,21.0,10.0,12.0,11.0,18.0,18.0,10.0,42.0,15.0,,1.0,0.0353,,1.0,,5.0,0.0,,
14131962,2025-11-28,20:15:00,AVS - Futebol SAD,Vitória SC,False,0,4,54.0,1.17,2.0,9.0,0.0,3.0,14.0,414.0,7.0,11.0,1.0,1.0,1.0,6.0,2.0,7.0,2.0,0.0,2.0,,17.0,0.0,1.0,359.0,19.0,34.0,39.0,59.0,20.0,37.0,6.0,13.0,40.0,4.0,22.0,63.0,12.0,21.0,5.0,19.0,5.0,7.0,7.0,9.0,39.0,28.0,,0.0,-0.9516,,0.0,,6.0,1.0,,
14131965,2025-11-29,15:30:00,Casa Pia,FC Alverca,True,0,2,52.0,0.17,0.0,5.0,3.0,6.0,9.0,463.0,13.0,17.0,4.0,0.0,1.0,2.0,3.0,3.0,2.0,0.0,0.0,0.0,15.0,0.0,0.0,371.0,23.0,60.0,54.0,100.0,38.0,81.0,3.0,20.0,49.0,5.0,31.0,54.0,12.0,33.0,4.0,9.0,6.0,13.0,13.0,7.0,42.0,27.0,1.0,3.0,-0.2788,1.0,1.0,1.0,8.0,,1.0,
14131965,2025-11-29,15:30:00,FC Alverca,Casa Pia,False,2,0,48.0,1.47,5.0,10.0,0.0,4.0,17.0,431.0,10.0,9.0,4.0,5.0,1.0,4.0,1.0,6.0,4.0,2.0,3.0,2.0,13.0,1.0,4.0,354.0,15.0,68.0,99.0,138.0,15.0,41.0,4.0,18.0,51.0,9.0,23.0,54.0,21.0,33.0,4.0,8.0,6.0,10.0,10.0,6.0,53.0,28.0,1.0,0.0,0.0,0.0,0.0,0.0,4.0,,0.0,
14131966,2025-11-29,15:30:00,Moreirense,Famalicão,True,2,2,48.0,1.41,1.0,11.0,6.0,5.0,17.0,392.0,15.0,22.0,4.0,6.0,0.0,3.0,2.0,4.0,7.0,1.0,0.0,,14.0,3.0,1.0,323.0,28.0,25.0,29.0,52.0,17.0,41.0,5.0,12.0,46.0,10.0,43.0,86.0,8.0,25.0,7.0,19.0,11.0,15.0,15.0,2.0,40.0,29.0,,6.0,-0.0962,2.0,,,10.0,,1.0,
14131966,2025-11-29,15:30:00,Famalicão,Moreirense,False,2,2,52.0,2.25,4.0,17.0,4.0,4.0,22.0,409.0,22.0,17.0,5.0,8.0,0.0,6.0,3.0,12.0,5.0,1.0,3.0,,41.0,5.0,0.0,333.0,15.0,52.0,85.0,124.0,15.0,48.0,13.0,27.0,54.0,11.0,43.0,86.0,17.0,25.0,6.0,10.0,17.0,22.0,22.0,4.0,46.0,17.0,,4.0,-0.0604,1.0,,,3.0,,0.0,
14131968,2025-11-29,18:00:00,CD Nacional,Benfica,True,1,2,30.0,0.39,1.0,6.0,6.0,2.0,10.0,265.0,13.0,8.0,4.0,2.0,0.0,3.0,1.0,2.0,4.0,1.0,0.0,,4.0,0.0,0.0,177.0,8.0,42.0,39.0,73.0,20.0,64.0,0.0,7.0,43.0,5.0,27.0,67.0,20.0,43.0,8.0,15.0,9.0,13.0,13.0,9.0,46.0,55.0,,6.0,0.6152,2.0,,1.0,17.0,0.0,,
14131968,2025-11-29,18:00:00,Benfica,CD Nacional,False,2,1,70.0,2.4,3.0,30.0,1.0,11.0,8.0,595.0,12.0,10.0,2.0,8.0,0.0,12.0,10.0,17.0,13.0,1.0,2.0,,62.0,2.0,1.0,503.0,33.0,78.0,213.0,272.0,19.0,40.0,10.0,36.0,57.0,7.0,40.0,67.0,23.0,43.0,18.0,24.0,6.0,12.0,12.0,6.0,46.0,14.0,,1.0,-0.0459,2.0,,0.0,5.0,1.0,,
14131961,2025-11-29,20:30:00,Gil Vicente,Tondela,True,0,1,65.0,0.52,1.0,15.0,1.0,12.0,10.0,467.0,11.0,20.0,2.0,2.0,0.0,8.0,5.0,5.0,10.0,0.0,1.0,,27.0,4.0,0.0,390.0,26.0,69.0,105.0,152.0,26.0,46.0,7.0,41.0,57.0,6.0,38.0,61.0,15.0,32.0,9.0,14.0,6.0,11.0,11.0,2.0,42.0,5.0,1.0,1.0,0.0103,1.0,0.0,0.0,1.0,,,
14131961,2025-11-29,20:30:00,Tondela,Gil Vicente,False,1,0,35.0,1.09,2.0,5.0,2.0,3.0,20.0,268.0,11.0,9.0,0.0,2.0,2.0,2.0,1.0,3.0,2.0,1.0,1.0,,10.0,2.0,3.0,193.0,13.0,28.0,27.0,45.0,21.0,66.0,2.0,8.0,43.0,7.0,23.0,61.0,17.0,32.0,2.0,6.0,6.0,11.0,11.0,11.0,42.0,50.0,3.0,2.0,0.0804,0.0,3.0,1.0,18.0,,,
14131967,2025-11-30,15:30:00,Rio Ave,Santa Clara,True,1,1,58.0,2.1,5.0,9.0,2.0,1.0,10.0,453.0,10.0,14.0,2.0,4.0,1.0,5.0,0.0,9.0,0.0,1.0,4.0,1.0,18.0,4.0,1.0,380.0,17.0,39.0,47.0,75.0,11.0,35.0,3.0,7.0,50.0,9.0,33.0,68.0,8.0,14.0,9.0,19.0,5.0,10.0,10.0,10.0,44.0,24.0,0.0,2.0,-0.2135,1.0,2.0,2.0,8.0,,,0.0
14131967,2025-11-30,15:30:00,Santa Clara,Rio Ave,False,1,1,42.0,1.04,1.0,9.0,3.0,5.0,15.0,312.0,19.0,9.0,3.0,3.0,0.0,4.0,2.0,4.0,5.0,1.0,0.0,0.0,14.0,3.0,4.0,249.0,16.0,39.0,55.0,87.0,27.0,50.0,0.0,21.0,50.0,1.0,35.0,68.0,6.0,14.0,9.0,18.0,10.0,19.0,19.0,15.0,45.0,11.0,1.0,3.0,0.4807,2.0,1.0,0.0,6.0,,,1.0
14131964,2025-11-30,18:00:00,Sporting CP,CF Estrela Amadora,True,4,0,63.0,2.36,5.0,19.0,3.0,5.0,12.0,589.0,22.0,12.0,1.0,6.0,0.0,7.0,6.0,12.0,7.0,3.0,2.0,1.0,30.0,2.0,1.0,537.0,23.0,56.0,113.0,143.0,24.0,32.0,5.0,13.0,47.0,13.0,38.0,81.0,9.0,20.0,5.0,19.0,16.0,22.0,22.0,7.0,48.0,12.0,0.0,3.0,0.0718,0.0,1.0,,2.0,,,
14131964,2025-11-30,18:00:00,CF Estrela Amadora,Sporting CP,False,0,4,37.0,0.11,0.0,5.0,2.0,1.0,12.0,355.0,27.0,12.0,0.0,3.0,0.0,1.0,1.0,1.0,4.0,0.0,0.0,0.0,16.0,1.0,1.0,305.0,13.0,23.0,27.0,39.0,20.0,35.0,0.0,6.0,53.0,6.0,43.0,81.0,11.0,20.0,5.0,21.0,20.0,27.0,27.0,12.0,50.0,17.0,3.0,2.0,-2.2714,1.0,0.0,,7.0,,,
14131963,2025-11-30,20:30:00,FC Porto,Estoril Praia,True,1,0,48.0,1.35,3.0,12.0,2.0,5.0,14.0,443.0,25.0,11.0,1.0,6.0,0.0,3.0,3.0,10.0,2.0,1.0,2.0,1.0,21.0,2.0,3.0,367.0,17.0,40.0,50.0,78.0,17.0,39.0,4.0,12.0,51.0,14.0,44.0,87.0,11.0,20.0,9.0,17.0,17.0,25.0,25.0,14.0,59.0,26.0,,2.0,0.2163,,,0.0,8.0,0.0,,
14131963,2025-11-30,20:30:00,Estoril Praia,FC Porto,False,0,1,52.0,1.05,1.0,11.0,5.0,4.0,11.0,473.0,22.0,14.0,3.0,2.0,0.0,5.0,4.0,7.0,4.0,0.0,1.0,1.0,20.0,1.0,1.0,389.0,22.0,58.0,87.0,122.0,17.0,43.0,2.0,13.0,49.0,10.0,43.0,87.0,9.0,20.0,8.0,23.0,13.0,22.0,22.0,9.0,59.0,19.0,,5.0,0.0167,,,1.0,3.0,1.0,,
14131959,2025-12-01,20:15:00,FC Arouca,Sporting Braga,True,0,4,16.0,0.06,0.0,3.0,4.0,0.0,11.0,174.0,7.0,9.0,4.0,1.0,0.0,2.0,0.0,0.0,3.0,0.0,0.0,0.0,0.0,0.0,0.0,116.0,9.0,19.0,7.0,21.0,15.0,42.0,0.0,0.0,45.0,2.0,18.0,40.0,8.0,18.0,5.0,9.0,5.0,7.0,7.0,9.0,30.0,19.0,1.0,4.0,-1.4937,,,,12.0,,1.0,
14131959,2025-12-01,20:15:00,Sporting Braga,FC Arouca,False,4,0,84.0,3.53,6.0,18.0,1.0,6.0,9.0,933.0,6.0,10.0,0.0,6.0,3.0,10.0,2.0,13.0,5.0,1.0,5.0,1.0,40.0,5.0,1.0,877.0,12.0,107.0,238.0,274.0,28.0,41.0,5.0,20.0,55.0,3.0,22.0,40.0,10.0,18.0,5.0,9.0,3.0,6.0,6.0,5.0,39.0,6.0,2.0,1.0,0.0165,,,,3.0,,0.0,
14131973,2025-12-05,20:15:00,Benfica,Sporting CP,True,1,1,41.0,0.92,1.0,10.0,1.0,3.0,15.0,355.0,25.0,20.0,2.0,4.0,0.0,5.0,1.0,5.0,5.0,1.0,,,13.0,2.0,2.0,295.0,16.0,34.0,77.0,105.0,12.0,31.0,3.0,13.0,54.0,9.0,48.0,91.0,14.0,23.0,4.0,14.0,15.0,25.0,25.0,11.0,42.0,14.0,1.0,1.0,-0.3751,,0.0,2.0,3.0,1.0,1.0,
14131973,2025-12-05,20:15:00,Sporting CP,Benfica,False,1,1,59.0,0.58,1.0,5.0,3.0,2.0,20.0,521.0,19.0,15.0,5.0,2.0,0.0,2.0,1.0,3.0,2.0,1.0,,,9.0,1.0,1.0,454.0,17.0,37.0,70.0,93.0,18.0,32.0,2.0,9.0,46.0,10.0,43.0,91.0,9.0,23.0,9.0,24.0,12.0,19.0,19.0,8.0,48.0,16.0,1.0,3.0,0.5363,,2.0,0.0,4.0,0.0,0.0,
14131972,2025-12-06,15:30:00,Santa Clara,Casa Pia,True,1,0,43.0,1.39,3.0,11.0,2.0,7.0,23.0,286.0,9.0,12.0,5.0,3.0,0.0,4.0,4.0,7.0,4.0,1.0,2.0,,26.0,1.0,1.0,210.0,22.0,47.0,52.0,86.0,19.0,57.0,3.0,16.0,48.0,6.0,28.0,69.0,23.0,37.0,7.0,17.0,6.0,9.0,9.0,9.0,47.0,28.0,1.0,2.0,0.8929,2.0,2.0,1.0,6.0,,,
14131972,2025-12-06,15:30:00,Casa Pia,Santa Clara,False,0,1,57.0,0.29,0.0,5.0,2.0,7.0,12.0,384.0,16.0,23.0,4.0,2.0,0.0,1.0,2.0,2.0,3.0,0.0,0.0,,11.0,2.0,0.0,288.0,21.0,45.0,30.0,74.0,18.0,45.0,4.0,13.0,52.0,6.0,41.0,69.0,14.0,37.0,5.0,8.0,13.0,16.0,16.0,7.0,38.0,25.0,1.0,2.0,-0.4286,1.0,0.0,1.0,12.0,,,
14131969,2025-12-06,18:00:00,AVS - Futebol SAD,Rio Ave,True,1,2,35.0,1.63,3.0,9.0,6.0,3.0,16.0,239.0,13.0,16.0,6.0,5.0,0.0,0.0,4.0,5.0,4.0,1.0,2.0,2.0,11.0,3.0,1.0,179.0,15.0,33.0,28.0,52.0,16.0,45.0,2.0,9.0,47.0,7.0,33.0,68.0,12.0,28.0,5.0,9.0,9.0,13.0,13.0,4.0,35.0,49.0,0.0,6.0,0.0948,1.0,,2.0,6.0,,1.0,
14131969,2025-12-06,18:00:00,Rio Ave,AVS - Futebol SAD,False,2,1,65.0,2.37,4.0,17.0,4.0,11.0,16.0,423.0,11.0,15.0,6.0,8.0,1.0,4.0,5.0,14.0,3.0,2.0,2.0,1.0,36.0,5.0,6.0,356.0,28.0,46.0,94.0,126.0,12.0,39.0,7.0,33.0,53.0,9.0,35.0,68.0,16.0,28.0,8.0,12.0,6.0,11.0,11.0,3.0,38.0,18.0,1.0,4.0,-0.0759,3.0,,0.0,2.0,,0.0,
14131977,2025-12-06,20:30:00,Famalicão,Sporting Braga,True,1,2,43.0,1.4,3.0,7.0,5.0,3.0,10.0,353.0,13.0,19.0,1.0,4.0,0.0,3.0,0.0,6.0,1.0,1.0,2.0,0.0,17.0,1.0,1.0,280.0,24.0,39.0,50.0,79.0,14.0,39.0,5.0,17.0,53.0,8.0,40.0,72.0,17.0,35.0,9.0,16.0,8.0,13.0,13.0,10.0,39.0,32.0,,5.0,-0.0499,2.0,,1.0,11.0,0.0,,
14131977,2025-12-06,20:30:00,Sporting Braga,Famalicão,False,2,1,57.0,2.46,2.0,22.0,3.0,9.0,19.0,471.0,15.0,10.0,3.0,6.0,0.0,9.0,7.0,20.0,2.0,1.0,1.0,2.0,41.0,5.0,0.0,397.0,14.0,54.0,87.0,122.0,18.0,46.0,10.0,27.0,47.0,8.0,32.0,72.0,18.0,35.0,8.0,13.0,9.0,15.0,15.0,6.0,53.0,27.0,,3.0,0.4787,0.0,,0.0,8.0,1.0,,
14131970,2025-12-07,15:30:00,Estoril Praia,Moreirense,True,3,3,44.0,1.93,3.0,9.0,2.0,1.0,16.0,392.0,15.0,14.0,2.0,5.0,0.0,2.0,2.0,4.0,5.0,2.0,1.0,1.0,12.0,4.0,2.0,324.0,21.0,45.0,44.0,81.0,22.0,42.0,2.0,16.0,59.0,2.0,34.0,62.0,10.0,13.0,6.0,10.0,10.0,15.0,15.0,10.0,44.0,32.0,,2.0,-0.8146,,1.0,0.0,1.0,,,
14131970,2025-12-07,15:30:00,Moreirense,Estoril Praia,False,3,3,56.0,2.32,3.0,8.0,2.0,5.0,14.0,495.0,6.0,16.0,3.0,5.0,0.0,2.0,1.0,7.0,1.0,2.0,1.0,3.0,24.0,3.0,3.0,424.0,27.0,51.0,74.0,104.0,24.0,48.0,1.0,15.0,41.0,8.0,28.0,62.0,3.0,13.0,6.0,13.0,3.0,6.0,6.0,10.0,47.0,15.0,,2.0,-0.7731,,4.0,1.0,5.0,,,
14131975,2025-12-07,18:00:00,CF Estrela Amadora,FC Arouca,True,3,1,63.0,3.33,4.0,24.0,1.0,5.0,12.0,457.0,16.0,14.0,1.0,9.0,0.0,7.0,8.0,15.0,9.0,2.0,2.0,1.0,28.0,3.0,2.0,396.0,21.0,38.0,62.0,86.0,28.0,51.0,5.0,16.0,55.0,6.0,43.0,78.0,10.0,18.0,13.0,23.0,12.0,16.0,16.0,5.0,45.0,21.0,0.0,1.0,-0.6015,0.0,,,6.0,,0.0,
14131975,2025-12-07,18:00:00,FC Arouca,CF Estrela Amadora,False,1,3,37.0,0.59,0.0,9.0,6.0,3.0,14.0,263.0,16.0,12.0,5.0,2.0,0.0,4.0,3.0,6.0,3.0,0.0,0.0,1.0,18.0,1.0,1.0,198.0,26.0,33.0,33.0,58.0,20.0,53.0,4.0,17.0,45.0,10.0,35.0,78.0,8.0,18.0,8.0,14.0,10.0,16.0,16.0,6.0,38.0,24.0,1.0,6.0,0.134,1.0,,,13.0,,2.0,
14131971,2025-12-07,18:00:00,FC Alverca,CD Nacional,True,1,0,50.0,1.9,2.0,10.0,3.0,2.0,10.0,419.0,10.0,18.0,1.0,4.0,0.0,3.0,3.0,8.0,2.0,1.0,1.0,0.0,15.0,1.0,3.0,348.0,21.0,35.0,77.0,101.0,19.0,49.0,3.0,18.0,50.0,4.0,34.0,62.0,14.0,34.0,6.0,15.0,8.0,10.0,10.0,6.0,50.0,30.0,2.0,3.0,1.0202,,0.0,,5.0,,,
14131971,2025-12-07,18:00:00,CD Nacional,FC Alverca,False,0,1,50.0,0.96,1.0,17.0,3.0,2.0,19.0,427.0,13.0,10.0,1.0,3.0,0.0,6.0,8.0,11.0,6.0,0.0,1.0,1.0,28.0,1.0,2.0,352.0,23.0,63.0,75.0,123.0,31.0,52.0,6.0,15.0,50.0,3.0,28.0,62.0,20.0,34.0,5.0,12.0,8.0,13.0,13.0,3.0,52.0,24.0,1.0,3.0,0.2587,,1.0,,6.0,,,
14131976,2025-12-07,20:30:00,Tondela,FC Porto,True,0,2,26.0,0.48,0.0,11.0,5.0,2.0,9.0,220.0,16.0,10.0,2.0,2.0,0.0,6.0,3.0,5.0,6.0,0.0,,0.0,15.0,1.0,2.0,163.0,15.0,33.0,36.0,62.0,18.0,46.0,3.0,10.0,55.0,4.0,29.0,52.0,13.0,24.0,4.0,11.0,11.0,16.0,16.0,11.0,33.0,29.0,0.0,5.0,0.8635,2.0,,,9.0,1.0,,
14131976,2025-12-07,20:30:00,FC Porto,Tondela,False,2,0,74.0,1.94,2.0,11.0,2.0,4.0,10.0,648.0,11.0,9.0,1.0,6.0,0.0,3.0,2.0,10.0,1.0,2.0,,1.0,32.0,2.0,2.0,566.0,22.0,68.0,89.0,145.0,19.0,40.0,7.0,20.0,45.0,3.0,23.0,52.0,11.0,24.0,3.0,16.0,7.0,11.0,11.0,3.0,39.0,13.0,1.0,2.0,0.2216,0.0,,,7.0,0.0,,
14131974,2025-12-08,20:30:00,Vitória SC,Gil Vicente,True,0,0,52.0,0.51,2.0,10.0,1.0,8.0,15.0,347.0,7.0,17.0,4.0,3.0,0.0,5.0,2.0,5.0,5.0,,2.0,,17.0,2.0,1.0,280.0,23.0,41.0,49.0,76.0,30.0,51.0,5.0,24.0,52.0,4.0,30.0,57.0,20.0,40.0,7.0,11.0,4.0,7.0,7.0,7.0,35.0,17.0,,1.0,0.0352,0.0,0.0,,7.0,,,
14131974,2025-12-08,20:30:00,Gil Vicente,Vitória SC,False,0,0,48.0,0.23,0.0,6.0,3.0,4.0,17.0,318.0,8.0,15.0,5.0,1.0,0.0,2.0,3.0,3.0,3.0,,0.0,,9.0,1.0,1.0,247.0,20.0,43.0,41.0,74.0,18.0,50.0,3.0,15.0,48.0,3.0,27.0,57.0,20.0,40.0,4.0,8.0,4.0,8.0,8.0,3.0,42.0,37.0,,3.0,0.6407,3.0,4.0,,3.0,,,
14131978,2025-12-13,15:30:00,Casa Pia,Gil Vicente,True,1,1,33.0,0.15,1.0,3.0,1.0,1.0,19.0,251.0,11.0,8.0,3.0,1.0,0.0,2.0,0.0,2.0,1.0,1.0,0.0,,10.0,0.0,2.0,180.0,14.0,34.0,27.0,54.0,21.0,58.0,4.0,6.0,49.0,4.0,20.0,49.0,19.0,31.0,2.0,6.0,8.0,11.0,11.0,14.0,44.0,57.0,,1.0,-0.789,,2.0,,8.0,,,
14131978,2025-12-13,15:30:00,Gil Vicente,Casa Pia,False,1,1,67.0,0.85,1.0,11.0,0.0,8.0,8.0,483.0,8.0,19.0,1.0,2.0,1.0,6.0,3.0,6.0,5.0,0.0,1.0,,24.0,6.0,1.0,409.0,30.0,68.0,114.0,157.0,30.0,60.0,4.0,35.0,51.0,5.0,29.0,49.0,12.0,31.0,2.0,8.0,6.0,8.0,8.0,2.0,46.0,18.0,,0.0,-0.1185,,0.0,,2.0,,,
14131987,2025-12-13,18:00:00,Rio Ave,Vitória SC,True,0,1,43.0,0.46,0.0,8.0,2.0,6.0,15.0,371.0,17.0,15.0,4.0,2.0,0.0,5.0,1.0,6.0,2.0,0.0,0.0,,13.0,2.0,0.0,315.0,13.0,31.0,26.0,45.0,17.0,42.0,3.0,14.0,49.0,7.0,35.0,71.0,9.0,19.0,3.0,12.0,9.0,17.0,17.0,7.0,37.0,33.0,1.0,2.0,0.1863,0.0,1.0,1.0,11.0,,1.0,
14131987,2025-12-13,18:00:00,Vitória SC,Rio Ave,False,1,0,57.0,1.4,2.0,16.0,2.0,6.0,15.0,483.0,16.0,15.0,4.0,3.0,0.0,8.0,5.0,8.0,8.0,1.0,1.0,,30.0,4.0,1.0,426.0,19.0,61.0,118.0,145.0,26.0,46.0,5.0,29.0,51.0,7.0,36.0,71.0,10.0,19.0,8.0,18.0,9.0,16.0,16.0,8.0,48.0,15.0,0.0,2.0,0.1344,1.0,1.0,0.0,6.0,,0.0,
14131981,2025-12-13,20:30:00,Sporting CP,AVS - Futebol SAD,True,6,0,67.0,2.7,3.0,24.0,3.0,8.0,11.0,530.0,10.0,9.0,1.0,14.0,0.0,9.0,1.0,15.0,9.0,3.0,,1.0,40.0,2.0,0.0,460.0,16.0,71.0,140.0,187.0,17.0,30.0,5.0,24.0,52.0,5.0,35.0,68.0,20.0,37.0,16.0,28.0,6.0,10.0,10.0,7.0,51.0,12.0,0.0,3.0,1.2616,0.0,1.0,0.0,1.0,,,
14131981,2025-12-13,20:30:00,AVS - Futebol SAD,Sporting CP,False,0,6,33.0,0.67,0.0,7.0,9.0,1.0,9.0,263.0,17.0,11.0,2.0,3.0,0.0,1.0,3.0,5.0,2.0,0.0,,1.0,15.0,0.0,1.0,196.0,11.0,37.0,35.0,67.0,21.0,45.0,2.0,6.0,48.0,3.0,33.0,68.0,17.0,37.0,6.0,13.0,11.0,17.0,17.0,10.0,44.0,30.0,2.0,9.0,-1.0981,1.0,1.0,1.0,11.0,,,
14131982,2025-12-14,15:30:00,Famalicão,Estoril Praia,True,4,0,54.0,3.0,9.0,20.0,4.0,4.0,10.0,439.0,17.0,19.0,3.0,12.0,1.0,6.0,2.0,12.0,8.0,4.0,5.0,1.0,26.0,3.0,1.0,353.0,13.0,54.0,82.0,122.0,40.0,72.0,5.0,15.0,60.0,3.0,41.0,66.0,13.0,24.0,7.0,12.0,10.0,17.0,17.0,8.0,57.0,23.0,0.0,4.0,0.5886,1.0,1.0,1.0,8.0,,,
14131982,2025-12-14,15:30:00,Estoril Praia,Famalicão,False,0,4,46.0,0.77,1.0,10.0,8.0,9.0,19.0,359.0,8.0,10.0,1.0,4.0,0.0,3.0,3.0,7.0,3.0,0.0,1.0,2.0,20.0,1.0,1.0,278.0,14.0,48.0,47.0,87.0,24.0,50.0,1.0,23.0,40.0,11.0,25.0,66.0,11.0,24.0,7.0,13.0,6.0,8.0,8.0,17.0,53.0,20.0,1.0,8.0,-0.4985,2.0,0.0,0.0,9.0,,,
14131986,2025-12-14,18:00:00,Moreirense,Benfica,True,0,4,53.0,0.51,0.0,10.0,1.0,4.0,19.0,530.0,15.0,15.0,2.0,2.0,0.0,2.0,6.0,5.0,5.0,0.0,0.0,,9.0,1.0,0.0,459.0,12.0,38.0,71.0,89.0,23.0,46.0,2.0,14.0,42.0,6.0,33.0,81.0,9.0,19.0,3.0,13.0,9.0,15.0,15.0,2.0,36.0,22.0,1.0,1.0,-1.9063,,,1.0,6.0,2.0,,
14131986,2025-12-14,18:00:00,Benfica,Moreirense,False,4,0,47.0,1.0,3.0,10.0,2.0,4.0,15.0,475.0,16.0,19.0,0.0,5.0,0.0,2.0,3.0,8.0,2.0,2.0,1.0,,24.0,0.0,1.0,410.0,13.0,42.0,78.0,106.0,19.0,44.0,2.0,8.0,58.0,10.0,48.0,81.0,10.0,19.0,15.0,20.0,10.0,16.0,16.0,10.0,45.0,15.0,1.0,2.0,0.1573,,,0.0,3.0,0.0,,
14131984,2025-12-14,20:30:00,FC Arouca,FC Alverca,True,1,0,69.0,1.61,3.0,18.0,1.0,8.0,15.0,605.0,13.0,11.0,1.0,4.0,0.0,8.0,6.0,10.0,8.0,1.0,2.0,,23.0,1.0,0.0,530.0,19.0,87.0,132.0,174.0,25.0,49.0,8.0,42.0,45.0,4.0,25.0,57.0,15.0,32.0,3.0,8.0,10.0,13.0,13.0,13.0,54.0,21.0,,1.0,0.1491,,0.0,0.0,2.0,,0.0,
14131984,2025-12-14,20:30:00,FC Alverca,FC Arouca,False,0,1,31.0,0.22,0.0,5.0,3.0,5.0,11.0,276.0,9.0,15.0,4.0,1.0,0.0,2.0,2.0,2.0,3.0,0.0,0.0,,9.0,0.0,2.0,194.0,27.0,45.0,28.0,59.0,24.0,54.0,1.0,12.0,55.0,5.0,32.0,57.0,17.0,32.0,9.0,17.0,5.0,9.0,9.0,7.0,37.0,37.0,,3.0,0.4443,,1.0,1.0,12.0,,1.0,
15216704,2025-12-15,17:30:00,CD Nacional,Tondela,True,3,1,44.0,2.35,4.0,8.0,4.0,3.0,11.0,292.0,7.0,16.0,5.0,4.0,0.0,3.0,1.0,6.0,2.0,3.0,1.0,,20.0,5.0,1.0,209.0,15.0,48.0,45.0,87.0,19.0,54.0,7.0,16.0,58.0,3.0,26.0,44.0,15.0,27.0,4.0,6.0,5.0,7.0,7.0,3.0,37.0,44.0,1.0,4.0,1.0761,1.0,1.0,,14.0,,1.0,2.0
15216704,2025-12-15,17:30:00,Tondela,CD Nacional,False,1,3,56.0,3.57,4.0,21.0,0.0,10.0,17.0,354.0,5.0,9.0,6.0,5.0,0.0,8.0,8.0,14.0,7.0,0.0,4.0,,29.0,3.0,3.0,278.0,13.0,67.0,98.0,142.0,17.0,53.0,6.0,36.0,42.0,3.0,18.0,44.0,12.0,27.0,4.0,8.0,2.0,5.0,5.0,4.0,40.0,27.0,0.0,0.0,-0.9568,0.0,1.0,,6.0,,1.0,0.0
14131980,2025-12-15,18:45:00,Sporting Braga,Santa Clara,True,1,0,67.0,0.85,1.0,6.0,2.0,5.0,10.0,770.0,16.0,15.0,1.0,3.0,0.0,1.0,2.0,5.0,1.0,1.0,0.0,0.0,11.0,4.0,1.0,703.0,16.0,67.0,163.0,197.0,19.0,36.0,2.0,15.0,58.0,2.0,36.0,58.0,10.0,21.0,5.0,12.0,8.0,16.0,16.0,5.0,42.0,18.0,,2.0,0.6748,,1.0,0.0,3.0,,,
14131980,2025-12-15,18:45:00,Santa Clara,Sporting Braga,False,0,1,33.0,0.57,1.0,5.0,2.0,1.0,15.0,372.0,9.0,10.0,3.0,2.0,0.0,2.0,1.0,4.0,1.0,0.0,1.0,1.0,7.0,0.0,2.0,304.0,14.0,41.0,33.0,62.0,14.0,45.0,1.0,8.0,42.0,7.0,22.0,58.0,11.0,21.0,3.0,12.0,5.0,9.0,9.0,11.0,41.0,23.0,,2.0,-0.152,,3.0,1.0,5.0,,,
14131983,2025-12-15,20:45:00,FC Porto,CF Estrela Amadora,True,3,1,66.0,2.95,2.0,21.0,0.0,4.0,13.0,552.0,23.0,16.0,1.0,7.0,1.0,7.0,7.0,17.0,4.0,2.0,,1.0,45.0,4.0,1.0,479.0,25.0,57.0,95.0,137.0,21.0,37.0,6.0,22.0,52.0,7.0,46.0,87.0,14.0,29.0,8.0,21.0,17.0,23.0,23.0,21.0,43.0,9.0,1.0,0.0,-0.2535,0.0,0.0,0.0,3.0,,,
14131983,2025-12-15,20:45:00,CF Estrela Amadora,FC Porto,False,1,3,34.0,0.21,0.0,6.0,4.0,0.0,17.0,293.0,20.0,13.0,5.0,1.0,0.0,2.0,3.0,2.0,4.0,0.0,,0.0,3.0,1.0,0.0,218.0,23.0,29.0,19.0,42.0,15.0,45.0,3.0,5.0,48.0,11.0,41.0,87.0,15.0,29.0,8.0,20.0,10.0,20.0,20.0,12.0,41.0,36.0,0.0,4.0,0.7964,1.0,1.0,1.0,12.0,,,
14288903,2025-12-19,20:15:00,Estoril Praia,Sporting Braga,True,1,0,32.0,1.99,5.0,13.0,4.0,9.0,12.0,317.0,10.0,8.0,5.0,7.0,0.0,5.0,1.0,9.0,4.0,1.0,4.0,2.0,20.0,0.0,1.0,235.0,19.0,38.0,70.0,101.0,22.0,56.0,3.0,14.0,40.0,6.0,25.0,62.0,11.0,28.0,7.0,15.0,4.0,10.0,10.0,9.0,42.0,41.0,1.0,4.0,1.3064,0.0,,1.0,8.0,,,
14288903,2025-12-19,20:15:00,Sporting Braga,Estoril Praia,False,0,1,68.0,1.94,4.0,12.0,6.0,5.0,8.0,686.0,14.0,12.0,2.0,5.0,0.0,5.0,2.0,9.0,3.0,0.0,4.0,0.0,38.0,1.0,3.0,593.0,21.0,80.0,220.0,267.0,20.0,45.0,7.0,19.0,60.0,7.0,37.0,62.0,17.0,28.0,11.0,14.0,8.0,14.0,14.0,2.0,50.0,22.0,0.0,6.0,0.5556,1.0,,2.0,6.0,,,
14288817,2025-12-20,18:00:00,Gil Vicente,Rio Ave,True,2,2,54.0,1.25,1.0,23.0,1.0,10.0,16.0,366.0,15.0,16.0,3.0,5.0,0.0,10.0,8.0,10.0,13.0,1.0,,,26.0,5.0,1.0,311.0,23.0,53.0,89.0,124.0,28.0,43.0,7.0,30.0,49.0,7.0,38.0,76.0,13.0,29.0,8.0,18.0,9.0,15.0,15.0,7.0,42.0,18.0,0.0,1.0,-1.3362,,0.0,,4.0,1.0,0.0,
14288817,2025-12-20,18:00:00,Rio Ave,Gil Vicente,False,2,2,46.0,0.27,1.0,3.0,3.0,1.0,16.0,321.0,17.0,16.0,5.0,2.0,0.0,1.0,0.0,2.0,1.0,1.0,,,14.0,2.0,2.0,253.0,14.0,31.0,27.0,46.0,27.0,63.0,1.0,12.0,51.0,4.0,38.0,76.0,16.0,29.0,6.0,17.0,12.0,17.0,17.0,4.0,40.0,34.0,4.0,3.0,-0.4093,,1.0,,17.0,0.0,1.0,
14288795,2025-12-20,20:30:00,CF Estrela Amadora,Moreirense,True,0,0,49.0,0.87,1.0,13.0,7.0,3.0,15.0,386.0,16.0,19.0,2.0,3.0,1.0,7.0,3.0,9.0,4.0,,1.0,1.0,17.0,4.0,4.0,315.0,18.0,42.0,54.0,85.0,32.0,58.0,5.0,20.0,54.0,9.0,40.0,74.0,18.0,34.0,6.0,11.0,9.0,16.0,16.0,8.0,51.0,32.0,1.0,7.0,1.0987,1.0,,1.0,9.0,,,
14288795,2025-12-20,20:30:00,Moreirense,CF Estrela Amadora,False,0,0,51.0,1.14,2.0,16.0,3.0,7.0,19.0,397.0,14.0,15.0,1.0,7.0,0.0,6.0,3.0,8.0,8.0,,2.0,0.0,22.0,3.0,1.0,319.0,19.0,43.0,85.0,122.0,20.0,53.0,3.0,24.0,46.0,11.0,34.0,74.0,16.0,34.0,5.0,10.0,7.0,14.0,14.0,5.0,53.0,21.0,1.0,3.0,0.145,0.0,,0.0,10.0,,,
14131988,2025-12-21,15:30:00,AVS - Futebol SAD,CD Nacional,True,2,2,36.0,1.24,1.0,16.0,4.0,9.0,10.0,252.0,12.0,11.0,1.0,3.0,1.0,8.0,5.0,9.0,7.0,1.0,0.0,,30.0,3.0,1.0,176.0,20.0,48.0,67.0,103.0,29.0,66.0,3.0,27.0,53.0,5.0,31.0,59.0,17.0,31.0,11.0,19.0,8.0,12.0,12.0,12.0,46.0,50.0,1.0,4.0,-0.8136,1.0,2.0,,12.0,0.0,1.0,
14131988,2025-12-21,15:30:00,CD Nacional,AVS - Futebol SAD,False,2,2,64.0,1.08,3.0,19.0,1.0,2.0,11.0,458.0,13.0,10.0,0.0,6.0,0.0,10.0,3.0,12.0,7.0,1.0,2.0,,24.0,1.0,2.0,379.0,28.0,77.0,74.0,118.0,15.0,40.0,6.0,29.0,47.0,3.0,28.0,59.0,14.0,31.0,5.0,14.0,9.0,13.0,13.0,5.0,49.0,33.0,1.0,1.0,-0.5259,2.0,0.0,,10.0,1.0,0.0,
14288886,2025-12-21,18:00:00,Tondela,Casa Pia,True,1,2,46.0,1.75,4.0,11.0,3.0,6.0,10.0,315.0,10.0,15.0,2.0,4.0,0.0,5.0,2.0,8.0,3.0,1.0,3.0,,15.0,5.0,2.0,239.0,20.0,46.0,50.0,89.0,19.0,49.0,7.0,20.0,54.0,6.0,27.0,52.0,22.0,38.0,4.0,9.0,9.0,10.0,10.0,11.0,38.0,28.0,,3.0,0.2364,0.0,,,8.0,,,
14288886,2025-12-21,18:00:00,Casa Pia,Tondela,False,2,1,54.0,1.2,1.0,12.0,3.0,4.0,16.0,372.0,11.0,10.0,3.0,5.0,0.0,5.0,2.0,9.0,3.0,1.0,0.0,,15.0,3.0,0.0,302.0,19.0,46.0,49.0,82.0,17.0,54.0,7.0,20.0,46.0,4.0,25.0,52.0,16.0,38.0,5.0,11.0,9.0,11.0,11.0,8.0,41.0,23.0,,3.0,0.4365,2.0,,,11.0,,,
14288902,2025-12-21,20:30:00,Santa Clara,FC Arouca,True,0,0,52.0,0.46,,9.0,2.0,2.0,15.0,427.0,9.0,14.0,2.0,5.0,0.0,4.0,0.0,4.0,5.0,,,,13.0,2.0,3.0,342.0,23.0,58.0,64.0,101.0,27.0,56.0,3.0,13.0,55.0,4.0,28.0,55.0,25.0,41.0,7.0,11.0,3.0,9.0,9.0,12.0,50.0,28.0,,2.0,0.2638,1.0,1.0,1.0,5.0,,,
14288902,2025-12-21,20:30:00,FC Arouca,Santa Clara,False,0,0,48.0,0.36,,8.0,5.0,4.0,14.0,384.0,8.0,15.0,2.0,2.0,0.0,4.0,2.0,4.0,4.0,,,,10.0,3.0,3.0,308.0,24.0,55.0,47.0,80.0,14.0,56.0,1.0,17.0,45.0,4.0,27.0,55.0,16.0,41.0,4.0,9.0,4.0,8.0,8.0,9.0,46.0,32.0,,5.0,0.3048,0.0,1.0,0.0,9.0,,,
14288796,2025-12-22,18:45:00,FC Alverca,FC Porto,True,0,3,40.0,0.78,1.0,8.0,3.0,4.0,8.0,321.0,19.0,12.0,1.0,5.0,0.0,2.0,1.0,6.0,2.0,0.0,1.0,0.0,12.0,0.0,0.0,255.0,13.0,48.0,61.0,89.0,17.0,48.0,5.0,19.0,52.0,8.0,48.0,86.0,5.0,16.0,17.0,27.0,11.0,19.0,19.0,15.0,50.0,16.0,,3.0,-0.8874,1.0,,,6.0,,,
14288796,2025-12-22,18:45:00,FC Porto,FC Alverca,False,3,0,60.0,1.16,2.0,14.0,5.0,1.0,12.0,494.0,18.0,8.0,1.0,6.0,1.0,2.0,6.0,12.0,2.0,2.0,0.0,1.0,26.0,1.0,3.0,438.0,20.0,74.0,114.0,148.0,24.0,42.0,3.0,17.0,48.0,5.0,38.0,86.0,11.0,16.0,12.0,26.0,9.0,18.0,18.0,9.0,55.0,20.0,,5.0,0.64,2.0,,,4.0,,,
14288840,2025-12-22,20:45:00,Benfica,Famalicão,True,1,0,55.0,1.28,1.0,10.0,2.0,5.0,11.0,521.0,23.0,19.0,0.0,6.0,0.0,2.0,2.0,7.0,3.0,1.0,,,19.0,5.0,1.0,443.0,18.0,52.0,92.0,133.0,23.0,50.0,5.0,15.0,60.0,7.0,57.0,89.0,11.0,25.0,15.0,23.0,16.0,23.0,23.0,6.0,51.0,23.0,1.0,2.0,0.4269,0.0,2.0,,2.0,,,
14288840,2025-12-22,20:45:00,Famalicão,Benfica,False,0,1,45.0,0.21,0.0,4.0,5.0,2.0,20.0,428.0,15.0,11.0,1.0,2.0,0.0,1.0,1.0,2.0,2.0,0.0,,,13.0,0.0,0.0,362.0,26.0,52.0,71.0,96.0,27.0,52.0,1.0,14.0,40.0,10.0,32.0,89.0,14.0,25.0,7.0,20.0,12.0,15.0,15.0,16.0,47.0,17.0,1.0,5.0,0.9756,1.0,0.0,,7.0,,,
14288863,2025-12-23,20:45:00,Vitória SC,Sporting CP,True,1,4,44.0,0.72,0.0,17.0,3.0,2.0,21.0,322.0,20.0,14.0,3.0,5.0,1.0,8.0,4.0,7.0,10.0,0.0,0.0,,16.0,5.0,1.0,267.0,16.0,44.0,84.0,107.0,23.0,42.0,3.0,23.0,50.0,10.0,43.0,90.0,16.0,28.0,10.0,22.0,10.0,20.0,20.0,4.0,37.0,14.0,0.0,3.0,-1.2387,,,0.0,8.0,2.0,1.0,
14288863,2025-12-23,20:45:00,Sporting CP,Vitória SC,False,4,1,56.0,2.57,4.0,16.0,4.0,5.0,14.0,425.0,22.0,21.0,5.0,7.0,0.0,5.0,4.0,11.0,5.0,2.0,2.0,,25.0,4.0,1.0,371.0,7.0,42.0,51.0,78.0,15.0,31.0,6.0,14.0,50.0,14.0,47.0,90.0,12.0,28.0,7.0,13.0,16.0,22.0,22.0,3.0,43.0,37.0,1.0,4.0,-0.4184,,,1.0,10.0,1.0,0.0,
14288910,2025-12-27,18:00:00,Famalicão,CF Estrela Amadora,True,2,3,61.0,2.36,3.0,22.0,1.0,9.0,18.0,439.0,24.0,16.0,3.0,5.0,2.0,10.0,7.0,14.0,8.0,1.0,2.0,,37.0,4.0,0.0,369.0,19.0,71.0,122.0,167.0,24.0,44.0,18.0,38.0,50.0,4.0,42.0,82.0,17.0,36.0,3.0,10.0,13.0,24.0,24.0,4.0,50.0,16.0,1.0,1.0,-1.8483,,0.0,,4.0,0.0,,
14288910,2025-12-27,18:00:00,CF Estrela Amadora,Famalicão,False,3,2,39.0,0.7,2.0,6.0,4.0,4.0,16.0,293.0,11.0,18.0,5.0,4.0,0.0,1.0,1.0,5.0,1.0,1.0,1.0,,14.0,0.0,3.0,218.0,14.0,34.0,39.0,72.0,19.0,49.0,1.0,10.0,50.0,15.0,40.0,82.0,19.0,36.0,13.0,22.0,5.0,11.0,11.0,13.0,49.0,34.0,0.0,4.0,-0.6253,,2.0,,12.0,1.0,,
14288911,2025-12-27,20:30:00,Estoril Praia,FC Alverca,True,4,1,64.0,1.3,2.0,9.0,6.0,3.0,12.0,622.0,22.0,11.0,2.0,4.0,0.0,3.0,2.0,6.0,3.0,1.0,1.0,0.0,24.0,3.0,2.0,553.0,20.0,52.0,93.0,132.0,27.0,43.0,3.0,12.0,57.0,4.0,41.0,77.0,14.0,20.0,8.0,23.0,13.0,22.0,22.0,21.0,51.0,17.0,1.0,6.0,0.1894,1.0,,1.0,10.0,,,
14288911,2025-12-27,20:30:00,FC Alverca,Estoril Praia,False,1,4,36.0,0.82,1.0,11.0,2.0,7.0,11.0,335.0,19.0,12.0,3.0,7.0,0.0,4.0,0.0,9.0,2.0,0.0,1.0,1.0,20.0,0.0,0.0,263.0,15.0,41.0,46.0,75.0,21.0,47.0,3.0,18.0,43.0,13.0,36.0,77.0,6.0,20.0,5.0,14.0,13.0,19.0,19.0,9.0,47.0,18.0,0.0,2.0,-2.1119,0.0,,0.0,5.0,,,
14288905,2025-12-28,15:30:00,Casa Pia,Vitória SC,True,0,0,44.0,0.33,0.0,5.0,2.0,2.0,23.0,284.0,12.0,11.0,4.0,2.0,0.0,3.0,0.0,3.0,2.0,,0.0,,10.0,1.0,0.0,208.0,18.0,47.0,53.0,82.0,26.0,59.0,2.0,13.0,46.0,8.0,24.0,61.0,22.0,39.0,3.0,4.0,6.0,12.0,12.0,5.0,42.0,55.0,2.0,2.0,0.6872,,2.0,,8.0,,,
14288905,2025-12-28,15:30:00,Vitória SC,Casa Pia,False,0,0,56.0,1.38,3.0,13.0,2.0,3.0,11.0,361.0,9.0,23.0,2.0,2.0,0.0,7.0,4.0,8.0,5.0,,3.0,,22.0,1.0,2.0,277.0,27.0,55.0,60.0,104.0,16.0,58.0,4.0,26.0,54.0,9.0,37.0,61.0,17.0,39.0,6.0,9.0,4.0,9.0,9.0,3.0,41.0,15.0,0.0,2.0,0.3378,,0.0,,8.0,,,
14288906,2025-12-28,15:30:00,FC Arouca,Gil Vicente,True,2,2,46.0,1.18,3.0,9.0,3.0,4.0,13.0,301.0,15.0,5.0,5.0,5.0,0.0,3.0,1.0,5.0,4.0,2.0,1.0,1.0,12.0,0.0,2.0,213.0,14.0,53.0,40.0,86.0,31.0,68.0,1.0,11.0,51.0,5.0,26.0,55.0,26.0,47.0,7.0,11.0,11.0,15.0,15.0,20.0,45.0,35.0,1.0,3.0,-0.1859,,2.0,1.0,7.0,,,
14288906,2025-12-28,15:30:00,Gil Vicente,FC Arouca,False,2,2,54.0,1.7,2.0,17.0,3.0,8.0,5.0,343.0,9.0,13.0,2.0,5.0,1.0,5.0,7.0,10.0,7.0,1.0,1.0,1.0,22.0,6.0,6.0,260.0,33.0,52.0,53.0,92.0,17.0,41.0,6.0,22.0,49.0,6.0,29.0,55.0,21.0,47.0,8.0,17.0,8.0,9.0,9.0,6.0,47.0,20.0,0.0,3.0,-0.0773,,0.0,0.0,3.0,,,
14288915,2025-12-28,18:00:00,Sporting Braga,Benfica,True,2,2,49.0,1.7,3.0,11.0,4.0,1.0,14.0,488.0,10.0,8.0,4.0,3.0,0.0,4.0,4.0,6.0,5.0,2.0,1.0,,15.0,2.0,1.0,408.0,20.0,40.0,76.0,107.0,5.0,37.0,1.0,9.0,42.0,6.0,26.0,63.0,14.0,33.0,10.0,20.0,6.0,10.0,10.0,13.0,39.0,12.0,,4.0,0.1894,1.0,1.0,0.0,9.0,0.0,1.0,
14288915,2025-12-28,18:00:00,Benfica,Sporting Braga,False,2,2,51.0,1.23,3.0,14.0,1.0,5.0,9.0,500.0,16.0,14.0,2.0,6.0,0.0,7.0,1.0,10.0,4.0,1.0,2.0,,22.0,1.0,1.0,410.0,19.0,40.0,101.0,133.0,23.0,44.0,6.0,14.0,58.0,4.0,37.0,63.0,19.0,33.0,9.0,15.0,11.0,16.0,16.0,8.0,43.0,7.0,,1.0,0.2392,1.0,0.0,1.0,2.0,1.0,0.0,
14288913,2025-12-28,20:30:00,Sporting CP,Rio Ave,True,4,0,59.0,3.45,7.0,23.0,0.0,8.0,13.0,583.0,29.0,6.0,1.0,12.0,0.0,7.0,4.0,19.0,4.0,4.0,3.0,6.0,34.0,2.0,,527.0,13.0,105.0,158.0,197.0,28.0,41.0,7.0,23.0,48.0,6.0,40.0,75.0,7.0,22.0,5.0,12.0,13.0,29.0,29.0,11.0,58.0,13.0,0.0,0.0,0.0,0.0,0.0,,3.0,0.0,,
14288913,2025-12-28,20:30:00,Rio Ave,Sporting CP,False,0,4,41.0,0.12,0.0,5.0,8.0,1.0,6.0,405.0,13.0,13.0,1.0,0.0,0.0,3.0,2.0,0.0,5.0,0.0,0.0,0.0,13.0,1.0,,342.0,9.0,28.0,39.0,64.0,17.0,46.0,0.0,3.0,52.0,19.0,35.0,75.0,15.0,22.0,11.0,21.0,8.0,13.0,13.0,7.0,51.0,29.0,1.0,8.0,1.318,1.0,1.0,,12.0,1.0,,
14288909,2025-12-29,20:15:00,FC Porto,AVS - Futebol SAD,True,2,0,70.0,2.58,4.0,18.0,1.0,7.0,8.0,559.0,18.0,6.0,1.0,4.0,0.0,11.0,3.0,13.0,5.0,2.0,2.0,,32.0,4.0,1.0,468.0,24.0,85.0,122.0,174.0,13.0,33.0,9.0,29.0,50.0,14.0,36.0,76.0,24.0,44.0,12.0,23.0,9.0,18.0,18.0,3.0,49.0,14.0,0.0,1.0,0.0142,,,,6.0,,,
14288909,2025-12-29,20:15:00,AVS - Futebol SAD,FC Porto,False,0,2,30.0,0.23,0.0,7.0,2.0,0.0,7.0,242.0,25.0,8.0,1.0,1.0,0.0,4.0,2.0,1.0,6.0,0.0,0.0,,5.0,1.0,1.0,149.0,19.0,47.0,31.0,67.0,21.0,64.0,1.0,6.0,50.0,7.0,40.0,76.0,20.0,44.0,7.0,18.0,16.0,25.0,25.0,12.0,42.0,35.0,2.0,2.0,-0.4633,,,,15.0,,,
14288914,2026-01-11,15:30:00,CD Nacional,Santa Clara,True,3,3,46.0,1.88,2.0,12.0,3.0,2.0,14.0,348.0,12.0,10.0,4.0,5.0,0.0,5.0,2.0,8.0,4.0,2.0,0.0,,22.0,3.0,1.0,277.0,22.0,51.0,70.0,96.0,18.0,52.0,3.0,13.0,43.0,7.0,32.0,66.0,12.0,36.0,9.0,19.0,8.0,12.0,12.0,13.0,43.0,36.0,,3.0,-1.1162,1.0,1.0,1.0,11.0,1.0,,
14288914,2026-01-11,15:30:00,Santa Clara,CD Nacional,False,3,3,54.0,2.64,5.0,22.0,2.0,8.0,11.0,401.0,17.0,14.0,4.0,6.0,1.0,11.0,5.0,14.0,8.0,2.0,3.0,,25.0,5.0,1.0,322.0,27.0,53.0,78.0,119.0,13.0,43.0,11.0,35.0,57.0,2.0,34.0,66.0,24.0,36.0,5.0,15.0,12.0,17.0,17.0,4.0,41.0,34.0,,2.0,-0.6146,1.0,1.0,0.0,7.0,0.0,,
14288907,2026-01-11,18:00:00,Moreirense,Tondela,True,1,0,59.0,0.53,2.0,7.0,2.0,4.0,7.0,560.0,6.0,13.0,1.0,2.0,0.0,3.0,2.0,4.0,3.0,,2.0,,14.0,2.0,1.0,481.0,18.0,59.0,83.0,125.0,22.0,52.0,3.0,15.0,63.0,1.0,24.0,40.0,19.0,28.0,4.0,9.0,4.0,6.0,6.0,5.0,42.0,27.0,1.0,2.0,0.279,,3.0,,6.0,,,
14288907,2026-01-11,18:00:00,Tondela,Moreirense,False,0,1,41.0,0.48,0.0,8.0,1.0,2.0,13.0,390.0,6.0,7.0,1.0,2.0,0.0,3.0,3.0,4.0,4.0,,0.0,,12.0,1.0,4.0,323.0,19.0,63.0,62.0,101.0,23.0,67.0,3.0,18.0,37.0,4.0,16.0,40.0,9.0,28.0,3.0,6.0,4.0,6.0,6.0,13.0,45.0,25.0,1.0,1.0,-0.2869,,1.0,,7.0,,,
14288919,2026-01-02,18:45:00,Gil Vicente,Sporting CP,True,1,1,36.0,1.18,3.0,19.0,3.0,8.0,17.0,251.0,16.0,14.0,4.0,9.0,0.0,3.0,7.0,10.0,9.0,1.0,2.0,0.0,28.0,3.0,1.0,187.0,16.0,43.0,62.0,92.0,18.0,42.0,7.0,23.0,42.0,5.0,31.0,75.0,18.0,41.0,2.0,11.0,10.0,16.0,16.0,9.0,38.0,20.0,0.0,3.0,-0.1373,1.0,2.0,0.0,12.0,,0.0,
14288919,2026-01-02,18:45:00,Sporting CP,Gil Vicente,False,1,1,64.0,1.41,3.0,14.0,8.0,7.0,14.0,464.0,14.0,17.0,4.0,4.0,0.0,6.0,4.0,7.0,7.0,1.0,2.0,1.0,22.0,1.0,0.0,404.0,12.0,41.0,54.0,83.0,14.0,34.0,8.0,22.0,58.0,8.0,44.0,75.0,23.0,41.0,14.0,22.0,9.0,14.0,14.0,9.0,49.0,26.0,2.0,8.0,0.9352,1.0,0.0,2.0,4.0,,1.0,
14288923,2026-01-02,20:45:00,Vitória SC,CD Nacional,True,2,1,56.0,0.86,1.0,9.0,3.0,2.0,20.0,391.0,15.0,18.0,1.0,4.0,0.0,3.0,2.0,7.0,2.0,,1.0,,24.0,2.0,3.0,323.0,25.0,45.0,95.0,128.0,31.0,52.0,0.0,16.0,47.0,12.0,36.0,82.0,14.0,25.0,5.0,13.0,8.0,15.0,15.0,9.0,45.0,17.0,0.0,3.0,-0.4619,0.0,1.0,,10.0,,,
14288923,2026-01-02,20:45:00,CD Nacional,Vitória SC,False,1,2,44.0,1.49,2.0,15.0,2.0,3.0,18.0,308.0,20.0,20.0,3.0,4.0,0.0,7.0,4.0,9.0,6.0,,2.0,,29.0,0.0,2.0,231.0,10.0,64.0,63.0,104.0,25.0,67.0,6.0,10.0,53.0,6.0,46.0,82.0,11.0,25.0,6.0,15.0,15.0,20.0,20.0,9.0,40.0,13.0,1.0,2.0,-1.581,1.0,1.0,,9.0,,,
14288927,2026-01-03,15:30:00,Tondela,FC Arouca,True,3,1,29.0,0.45,1.0,5.0,3.0,2.0,12.0,237.0,14.0,7.0,3.0,3.0,0.0,1.0,1.0,3.0,2.0,1.0,0.0,0.0,11.0,2.0,5.0,164.0,23.0,50.0,35.0,68.0,14.0,52.0,3.0,10.0,49.0,3.0,24.0,51.0,20.0,39.0,3.0,12.0,8.0,14.0,14.0,13.0,43.0,37.0,1.0,3.0,0.1267,1.0,1.0,4.0,16.0,,,
14288927,2026-01-03,15:30:00,FC Arouca,Tondela,False,1,3,71.0,0.77,3.0,11.0,0.0,9.0,7.0,577.0,12.0,12.0,1.0,4.0,0.0,6.0,1.0,5.0,6.0,1.0,2.0,1.0,17.0,1.0,0.0,497.0,20.0,68.0,92.0,131.0,26.0,46.0,4.0,30.0,51.0,5.0,27.0,51.0,19.0,39.0,5.0,14.0,11.0,12.0,12.0,5.0,56.0,9.0,0.0,0.0,-1.5494,0.0,1.0,0.0,1.0,,,
14288921,2026-01-03,18:00:00,Benfica,Estoril Praia,True,3,1,51.0,2.27,3.0,20.0,3.0,7.0,12.0,415.0,20.0,14.0,0.0,3.0,0.0,7.0,10.0,13.0,7.0,3.0,0.0,1.0,29.0,3.0,2.0,338.0,11.0,49.0,81.0,124.0,19.0,42.0,4.0,15.0,51.0,5.0,44.0,83.0,13.0,28.0,11.0,21.0,14.0,20.0,20.0,8.0,49.0,13.0,1.0,3.0,0.6937,,,1.0,6.0,0.0,,
14288921,2026-01-03,18:00:00,Estoril Praia,Benfica,False,1,3,49.0,0.71,2.0,9.0,0.0,3.0,15.0,403.0,15.0,12.0,2.0,4.0,0.0,3.0,2.0,6.0,3.0,0.0,2.0,0.0,18.0,1.0,0.0,336.0,10.0,42.0,53.0,80.0,19.0,40.0,1.0,9.0,49.0,4.0,39.0,83.0,15.0,28.0,12.0,28.0,10.0,15.0,15.0,14.0,42.0,27.0,1.0,0.0,-1.1202,,,0.0,8.0,2.0,,
14288929,2026-01-03,18:00:00,CF Estrela Amadora,Sporting Braga,True,3,3,42.0,1.05,2.0,11.0,3.0,5.0,14.0,366.0,12.0,8.0,2.0,4.0,0.0,4.0,3.0,4.0,7.0,2.0,0.0,0.0,11.0,0.0,1.0,277.0,24.0,33.0,36.0,63.0,21.0,56.0,3.0,13.0,43.0,7.0,27.0,62.0,10.0,24.0,7.0,15.0,9.0,12.0,12.0,14.0,41.0,23.0,,3.0,1.1399,1.0,0.0,2.0,8.0,1.0,,
14288929,2026-01-03,18:00:00,Sporting Braga,CF Estrela Amadora,False,3,3,58.0,3.27,5.0,10.0,1.0,7.0,8.0,501.0,15.0,13.0,1.0,6.0,0.0,4.0,0.0,8.0,2.0,3.0,2.0,1.0,28.0,5.0,0.0,429.0,21.0,47.0,119.0,154.0,6.0,27.0,5.0,20.0,57.0,3.0,35.0,62.0,14.0,24.0,6.0,15.0,8.0,15.0,15.0,5.0,36.0,17.0,,1.0,-1.3185,0.0,1.0,0.0,8.0,0.0,,
14288917,2026-01-03,20:30:00,AVS - Futebol SAD,Moreirense,True,0,2,41.0,0.35,0.0,9.0,3.0,2.0,23.0,353.0,16.0,11.0,5.0,4.0,0.0,3.0,2.0,3.0,6.0,0.0,0.0,,18.0,2.0,2.0,267.0,23.0,47.0,45.0,87.0,13.0,47.0,3.0,12.0,44.0,5.0,28.0,64.0,11.0,24.0,4.0,11.0,12.0,16.0,16.0,5.0,50.0,27.0,0.0,3.0,0.3745,0.0,1.0,,6.0,1.0,,
14288917,2026-01-03,20:30:00,Moreirense,AVS - Futebol SAD,False,2,0,59.0,1.99,3.0,12.0,4.0,4.0,11.0,526.0,12.0,23.0,3.0,5.0,0.0,3.0,4.0,5.0,7.0,1.0,2.0,,17.0,2.0,2.0,441.0,22.0,46.0,55.0,98.0,19.0,55.0,3.0,16.0,56.0,8.0,36.0,64.0,13.0,24.0,4.0,12.0,7.0,12.0,12.0,5.0,49.0,29.0,2.0,4.0,0.5837,1.0,0.0,,8.0,0.0,,
14288925,2026-01-04,15:30:00,Rio Ave,Casa Pia,True,3,1,51.0,2.97,6.0,12.0,3.0,9.0,10.0,343.0,12.0,23.0,0.0,8.0,0.0,2.0,2.0,6.0,6.0,2.0,4.0,2.0,17.0,4.0,3.0,271.0,25.0,42.0,54.0,91.0,20.0,48.0,2.0,18.0,48.0,11.0,41.0,78.0,9.0,27.0,6.0,16.0,9.0,12.0,12.0,11.0,39.0,19.0,1.0,3.0,0.6707,1.0,1.0,1.0,6.0,0.0,,
14288925,2026-01-04,15:30:00,Casa Pia,Rio Ave,False,1,3,49.0,1.89,4.0,15.0,3.0,4.0,23.0,327.0,21.0,10.0,1.0,5.0,1.0,6.0,4.0,12.0,3.0,1.0,3.0,1.0,23.0,1.0,2.0,255.0,15.0,49.0,55.0,85.0,25.0,50.0,4.0,14.0,52.0,8.0,37.0,78.0,18.0,27.0,7.0,11.0,13.0,21.0,21.0,4.0,44.0,29.0,1.0,3.0,-0.2231,2.0,0.0,1.0,8.0,1.0,,
14288920,2026-01-04,18:00:00,Santa Clara,FC Porto,True,0,1,43.0,0.26,0.0,12.0,4.0,2.0,20.0,322.0,18.0,22.0,2.0,0.0,0.0,7.0,5.0,2.0,10.0,0.0,,0.0,5.0,3.0,0.0,243.0,21.0,53.0,47.0,87.0,24.0,62.0,1.0,16.0,50.0,10.0,50.0,94.0,8.0,22.0,11.0,19.0,10.0,18.0,18.0,6.0,47.0,27.0,,4.0,0.4515,1.0,1.0,0.0,7.0,1.0,,
14288920,2026-01-04,18:00:00,FC Porto,Santa Clara,False,1,0,57.0,1.08,1.0,8.0,0.0,7.0,22.0,428.0,18.0,20.0,4.0,5.0,0.0,1.0,2.0,4.0,4.0,1.0,,1.0,18.0,2.0,2.0,360.0,14.0,62.0,84.0,127.0,18.0,35.0,6.0,16.0,50.0,8.0,44.0,94.0,14.0,22.0,7.0,17.0,6.0,18.0,18.0,4.0,46.0,28.0,,0.0,0.0,0.0,1.0,1.0,8.0,0.0,,
14288918,2026-01-04,20:30:00,FC Alverca,Famalicão,True,1,0,44.0,2.1,3.0,10.0,2.0,3.0,14.0,385.0,13.0,20.0,2.0,4.0,0.0,5.0,1.0,6.0,4.0,1.0,2.0,,13.0,6.0,2.0,316.0,15.0,49.0,51.0,81.0,18.0,45.0,5.0,16.0,47.0,7.0,41.0,81.0,8.0,23.0,7.0,18.0,11.0,13.0,13.0,6.0,57.0,40.0,2.0,2.0,0.4787,1.0,2.0,2.0,12.0,,,0.0
14288918,2026-01-04,20:30:00,Famalicão,FC Alverca,False,0,1,56.0,1.1,3.0,14.0,3.0,4.0,22.0,493.0,18.0,14.0,2.0,2.0,0.0,9.0,3.0,6.0,8.0,0.0,3.0,,15.0,4.0,0.0,426.0,22.0,55.0,99.0,142.0,22.0,45.0,6.0,28.0,53.0,8.0,40.0,81.0,15.0,23.0,8.0,13.0,15.0,18.0,18.0,6.0,54.0,23.0,1.0,3.0,1.0539,1.0,0.0,0.0,7.0,,,1.0
14288930,2026-01-16,20:15:00,Sporting CP,Casa Pia,True,3,0,61.0,2.03,4.0,16.0,1.0,4.0,12.0,488.0,15.0,12.0,0.0,4.0,0.0,10.0,2.0,8.0,8.0,2.0,2.0,1.0,23.0,4.0,2.0,430.0,16.0,69.0,125.0,166.0,14.0,24.0,3.0,14.0,51.0,11.0,33.0,67.0,15.0,28.0,7.0,13.0,9.0,15.0,15.0,4.0,48.0,19.0,1.0,1.0,0.0616,1.0,1.0,,3.0,0.0,0.0,
14288930,2026-01-16,20:15:00,Casa Pia,Sporting CP,False,0,3,39.0,0.22,0.0,6.0,1.0,6.0,12.0,309.0,17.0,12.0,2.0,1.0,0.0,3.0,2.0,2.0,4.0,0.0,0.0,0.0,8.0,1.0,3.0,246.0,17.0,48.0,57.0,87.0,21.0,50.0,2.0,15.0,49.0,5.0,34.0,67.0,13.0,28.0,8.0,18.0,8.0,17.0,17.0,13.0,41.0,28.0,1.0,1.0,-1.8108,0.0,0.0,,11.0,1.0,1.0,
14288940,2026-01-17,15:30:00,Gil Vicente,CD Nacional,True,2,1,54.0,1.51,2.0,16.0,3.0,7.0,7.0,362.0,16.0,18.0,1.0,4.0,1.0,7.0,5.0,9.0,7.0,1.0,1.0,1.0,39.0,3.0,2.0,270.0,20.0,47.0,68.0,111.0,18.0,56.0,5.0,13.0,53.0,14.0,43.0,74.0,20.0,46.0,10.0,13.0,9.0,16.0,16.0,2.0,47.0,31.0,,3.0,-0.3986,,,,7.0,,,
14288940,2026-01-17,15:30:00,CD Nacional,Gil Vicente,False,1,2,46.0,1.57,2.0,13.0,2.0,5.0,18.0,300.0,17.0,7.0,2.0,4.0,0.0,8.0,1.0,6.0,7.0,1.0,1.0,2.0,16.0,1.0,2.0,226.0,17.0,46.0,36.0,64.0,26.0,57.0,3.0,16.0,47.0,10.0,31.0,74.0,26.0,46.0,8.0,14.0,8.0,17.0,17.0,10.0,40.0,39.0,,2.0,-0.3275,,,,11.0,,,
14288936,2026-01-17,18:00:00,AVS - Futebol SAD,FC Arouca,True,0,1,37.0,0.5,1.0,12.0,2.0,2.0,11.0,345.0,14.0,12.0,3.0,3.0,0.0,4.0,5.0,6.0,6.0,0.0,1.0,1.0,14.0,2.0,3.0,256.0,14.0,43.0,37.0,70.0,33.0,68.0,4.0,15.0,55.0,5.0,30.0,63.0,23.0,34.0,5.0,14.0,7.0,14.0,14.0,7.0,53.0,40.0,0.0,2.0,-0.3969,0.0,1.0,1.0,14.0,,1.0,
14288936,2026-01-17,18:00:00,FC Arouca,AVS - Futebol SAD,False,1,0,63.0,1.23,2.0,18.0,2.0,3.0,12.0,591.0,14.0,11.0,6.0,3.0,0.0,10.0,5.0,10.0,8.0,1.0,1.0,0.0,24.0,3.0,4.0,521.0,18.0,81.0,185.0,224.0,23.0,46.0,9.0,31.0,45.0,5.0,33.0,63.0,11.0,34.0,8.0,17.0,10.0,14.0,14.0,4.0,63.0,19.0,1.0,2.0,0.1915,1.0,1.0,1.0,5.0,,0.0,
14288938,2026-01-17,18:00:00,FC Alverca,Moreirense,True,2,1,41.0,2.43,5.0,15.0,3.0,4.0,16.0,369.0,16.0,5.0,3.0,3.0,0.0,8.0,4.0,11.0,4.0,2.0,3.0,,28.0,2.0,0.0,310.0,24.0,46.0,80.0,107.0,23.0,52.0,4.0,21.0,45.0,1.0,28.0,59.0,9.0,24.0,6.0,14.0,8.0,16.0,16.0,2.0,42.0,19.0,1.0,3.0,0.2717,1.0,1.0,,8.0,,,
14288938,2026-01-17,18:00:00,Moreirense,FC Alverca,False,1,2,59.0,1.36,4.0,10.0,1.0,0.0,6.0,538.0,9.0,16.0,1.0,4.0,1.0,4.0,2.0,8.0,2.0,1.0,3.0,,18.0,1.0,2.0,482.0,19.0,63.0,125.0,154.0,19.0,37.0,4.0,19.0,55.0,8.0,31.0,59.0,15.0,24.0,6.0,14.0,6.0,9.0,9.0,4.0,35.0,33.0,0.0,1.0,-0.3938,0.0,0.0,,9.0,,,
14288934,2026-01-17,20:30:00,Rio Ave,Benfica,True,0,2,37.0,0.2,0.0,7.0,5.0,3.0,12.0,351.0,16.0,8.0,1.0,1.0,1.0,2.0,4.0,3.0,4.0,0.0,0.0,,7.0,0.0,2.0,289.0,22.0,34.0,35.0,56.0,22.0,46.0,2.0,11.0,43.0,9.0,28.0,69.0,8.0,15.0,5.0,15.0,10.0,16.0,16.0,6.0,43.0,33.0,2.0,5.0,-1.0781,,,,12.0,,,
14288934,2026-01-17,20:30:00,Benfica,Rio Ave,False,2,0,63.0,1.78,4.0,24.0,1.0,11.0,8.0,599.0,19.0,12.0,2.0,8.0,1.0,11.0,5.0,15.0,9.0,1.0,3.0,,48.0,1.0,0.0,540.0,16.0,75.0,183.0,223.0,23.0,39.0,8.0,27.0,57.0,11.0,41.0,69.0,7.0,15.0,11.0,16.0,14.0,19.0,19.0,10.0,55.0,12.0,0.0,1.0,0.504,,,,2.0,,,
14288942,2026-01-18,15:30:00,Santa Clara,Famalicão,True,0,1,51.0,1.23,1.0,15.0,2.0,9.0,17.0,382.0,14.0,18.0,1.0,1.0,1.0,9.0,5.0,6.0,9.0,0.0,1.0,,15.0,2.0,3.0,317.0,21.0,51.0,56.0,91.0,22.0,50.0,4.0,23.0,49.0,9.0,46.0,88.0,7.0,20.0,15.0,25.0,7.0,14.0,14.0,8.0,47.0,28.0,,2.0,-0.0374,1.0,,0.0,8.0,,,
14288942,2026-01-18,15:30:00,Famalicão,Santa Clara,False,1,0,49.0,1.42,3.0,7.0,1.0,2.0,18.0,382.0,19.0,17.0,1.0,3.0,0.0,4.0,0.0,7.0,0.0,1.0,2.0,,22.0,1.0,1.0,303.0,18.0,65.0,81.0,116.0,21.0,47.0,3.0,17.0,51.0,9.0,42.0,88.0,13.0,20.0,8.0,13.0,10.0,19.0,19.0,13.0,43.0,35.0,,1.0,0.0196,0.0,,1.0,10.0,,,
14288932,2026-01-18,18:00:00,Tondela,Sporting Braga,True,0,1,34.0,1.27,2.0,7.0,3.0,1.0,19.0,290.0,18.0,13.0,2.0,2.0,0.0,1.0,4.0,5.0,2.0,0.0,2.0,,13.0,4.0,3.0,217.0,17.0,53.0,62.0,93.0,21.0,57.0,2.0,15.0,48.0,4.0,37.0,73.0,9.0,23.0,6.0,11.0,12.0,18.0,18.0,7.0,47.0,37.0,,3.0,0.3456,1.0,,,6.0,,0.0,0.0
14288932,2026-01-18,18:00:00,Sporting Braga,Tondela,False,1,0,66.0,1.58,1.0,11.0,2.0,5.0,14.0,576.0,9.0,18.0,4.0,4.0,1.0,2.0,5.0,8.0,3.0,1.0,0.0,,26.0,5.0,0.0,490.0,22.0,70.0,140.0,187.0,22.0,48.0,2.0,19.0,52.0,8.0,36.0,73.0,14.0,23.0,9.0,19.0,7.0,9.0,9.0,4.0,50.0,22.0,,2.0,1.4133,0.0,,,2.0,,1.0,1.0
14288944,2026-01-18,20:30:00,Vitória SC,FC Porto,True,0,1,50.0,1.35,2.0,20.0,2.0,6.0,19.0,368.0,13.0,15.0,4.0,3.0,0.0,7.0,10.0,13.0,7.0,0.0,2.0,0.0,37.0,2.0,0.0,279.0,18.0,47.0,74.0,111.0,24.0,59.0,6.0,26.0,50.0,7.0,38.0,78.0,17.0,31.0,11.0,24.0,8.0,13.0,13.0,14.0,41.0,19.0,,2.0,-0.0239,,1.0,0.0,8.0,,1.0,
14288944,2026-01-18,20:30:00,FC Porto,Vitória SC,False,1,0,50.0,2.31,4.0,12.0,3.0,1.0,15.0,382.0,20.0,17.0,2.0,3.0,2.0,7.0,2.0,5.0,7.0,1.0,3.0,2.0,16.0,6.0,2.0,315.0,18.0,50.0,65.0,93.0,14.0,35.0,1.0,12.0,50.0,8.0,40.0,78.0,14.0,31.0,3.0,8.0,9.0,20.0,20.0,11.0,49.0,36.0,,3.0,0.6261,,2.0,1.0,7.0,,0.0,
14288937,2026-01-19,20:15:00,CF Estrela Amadora,Estoril Praia,True,0,5,40.0,0.19,0.0,6.0,1.0,1.0,16.0,350.0,15.0,12.0,2.0,2.0,0.0,3.0,1.0,1.0,5.0,0.0,0.0,,7.0,2.0,1.0,282.0,20.0,44.0,58.0,88.0,16.0,40.0,0.0,12.0,46.0,9.0,36.0,76.0,8.0,19.0,10.0,19.0,8.0,15.0,15.0,10.0,48.0,19.0,1.0,1.0,-1.833,,1.0,,7.0,,1.0,
14288937,2026-01-19,20:15:00,Estoril Praia,CF Estrela Amadora,False,5,0,60.0,2.17,4.0,11.0,2.0,4.0,12.0,543.0,18.0,15.0,2.0,6.0,0.0,2.0,3.0,9.0,2.0,3.0,1.0,,33.0,3.0,1.0,475.0,14.0,49.0,82.0,107.0,26.0,43.0,5.0,15.0,54.0,7.0,40.0,76.0,11.0,19.0,8.0,16.0,10.0,18.0,18.0,10.0,49.0,25.0,0.0,2.0,0.5545,,0.0,,5.0,,0.0,
14288946,2026-01-23,20:15:00,Casa Pia,AVS - Futebol SAD,True,3,3,43.0,1.63,4.0,9.0,4.0,2.0,15.0,212.0,4.0,13.0,3.0,4.0,0.0,2.0,3.0,7.0,2.0,2.0,2.0,,23.0,4.0,2.0,100.0,25.0,47.0,38.0,85.0,16.0,83.0,5.0,18.0,47.0,7.0,21.0,57.0,36.0,64.0,7.0,14.0,3.0,4.0,4.0,8.0,42.0,80.0,,4.0,0.2105,1.0,,1.0,13.0,0.0,,
14288946,2026-01-23,20:15:00,AVS - Futebol SAD,Casa Pia,False,3,3,57.0,3.34,3.0,28.0,1.0,11.0,13.0,277.0,14.0,13.0,5.0,7.0,0.0,6.0,15.0,15.0,13.0,3.0,0.0,,52.0,3.0,0.0,136.0,37.0,78.0,55.0,138.0,23.0,85.0,8.0,36.0,53.0,3.0,36.0,57.0,28.0,64.0,7.0,8.0,8.0,14.0,14.0,4.0,37.0,25.0,,1.0,0.0303,0.0,,0.0,7.0,1.0,,
14288951,2026-01-24,15:30:00,Moreirense,Santa Clara,True,1,0,49.0,0.23,,3.0,,5.0,13.0,372.0,11.0,22.0,2.0,1.0,0.0,2.0,0.0,1.0,2.0,,,,7.0,4.0,1.0,300.0,22.0,46.0,40.0,72.0,23.0,55.0,2.0,14.0,49.0,4.0,37.0,73.0,18.0,40.0,4.0,16.0,5.0,11.0,11.0,2.0,37.0,39.0,1.0,,0.0,,1.0,1.0,6.0,,,
14288951,2026-01-24,15:30:00,Santa Clara,Moreirense,False,0,1,51.0,0.23,,8.0,,5.0,22.0,390.0,16.0,13.0,2.0,0.0,1.0,4.0,4.0,2.0,6.0,,,,14.0,2.0,5.0,299.0,15.0,64.0,63.0,112.0,26.0,75.0,2.0,16.0,51.0,5.0,36.0,73.0,22.0,40.0,9.0,15.0,10.0,16.0,16.0,12.0,39.0,12.0,0.0,,-0.9114,,2.0,0.0,11.0,,,
14288955,2026-01-24,18:00:00,FC Arouca,Sporting CP,True,1,2,35.0,1.05,2.0,11.0,2.0,4.0,11.0,336.0,16.0,12.0,3.0,5.0,0.0,2.0,4.0,6.0,5.0,1.0,1.0,1.0,12.0,0.0,2.0,264.0,16.0,35.0,42.0,66.0,25.0,56.0,2.0,11.0,51.0,3.0,30.0,59.0,11.0,22.0,2.0,6.0,9.0,16.0,16.0,7.0,48.0,29.0,0.0,2.0,-1.5503,1.0,2.0,,12.0,0.0,1.0,
14288955,2026-01-24,18:00:00,Sporting CP,FC Arouca,False,2,1,65.0,1.58,2.0,16.0,4.0,7.0,12.0,614.0,7.0,11.0,3.0,4.0,0.0,8.0,4.0,15.0,1.0,0.0,2.0,4.0,40.0,1.0,1.0,550.0,15.0,76.0,142.0,184.0,24.0,35.0,8.0,23.0,49.0,8.0,29.0,59.0,11.0,22.0,11.0,19.0,3.0,7.0,7.0,9.0,57.0,14.0,1.0,4.0,0.2227,1.0,1.0,,3.0,1.0,1.0,
14288954,2026-01-24,20:30:00,Estoril Praia,Vitória SC,True,4,2,55.0,2.01,3.0,16.0,2.0,4.0,9.0,456.0,10.0,19.0,2.0,6.0,0.0,4.0,6.0,9.0,7.0,2.0,1.0,2.0,20.0,3.0,1.0,393.0,17.0,59.0,79.0,113.0,20.0,44.0,5.0,14.0,60.0,8.0,42.0,71.0,13.0,20.0,14.0,22.0,4.0,10.0,10.0,6.0,40.0,23.0,0.0,2.0,-0.2627,,1.0,,8.0,,,
14288954,2026-01-24,20:30:00,Vitória SC,Estoril Praia,False,2,4,45.0,1.94,4.0,13.0,1.0,2.0,19.0,363.0,16.0,9.0,3.0,4.0,0.0,7.0,2.0,10.0,3.0,0.0,4.0,1.0,28.0,1.0,1.0,298.0,15.0,54.0,68.0,102.0,21.0,47.0,11.0,23.0,40.0,3.0,29.0,71.0,7.0,20.0,4.0,11.0,9.0,16.0,16.0,6.0,40.0,24.0,1.0,1.0,-2.0788,,0.0,,10.0,,,
14288953,2026-01-25,15:30:00,CD Nacional,Rio Ave,True,4,0,46.0,1.48,3.0,14.0,6.0,5.0,18.0,347.0,18.0,6.0,3.0,5.0,0.0,8.0,1.0,10.0,4.0,1.0,2.0,0.0,24.0,2.0,0.0,278.0,15.0,62.0,78.0,127.0,20.0,52.0,8.0,17.0,49.0,7.0,29.0,67.0,12.0,16.0,5.0,9.0,8.0,18.0,18.0,7.0,57.0,26.0,,6.0,1.269,1.0,1.0,1.0,5.0,0.0,,
14288953,2026-01-25,15:30:00,Rio Ave,CD Nacional,False,0,4,54.0,0.48,0.0,11.0,1.0,5.0,6.0,403.0,11.0,18.0,0.0,6.0,0.0,2.0,3.0,9.0,2.0,0.0,0.0,1.0,20.0,3.0,6.0,345.0,16.0,30.0,63.0,87.0,20.0,49.0,4.0,18.0,51.0,6.0,38.0,67.0,4.0,16.0,9.0,21.0,7.0,11.0,11.0,11.0,49.0,18.0,,1.0,-2.1797,0.0,0.0,0.0,9.0,1.0,,
14288958,2026-01-25,18:00:00,Benfica,CF Estrela Amadora,True,4,0,66.0,2.53,3.0,15.0,0.0,6.0,10.0,465.0,18.0,23.0,3.0,8.0,0.0,6.0,1.0,12.0,3.0,2.0,1.0,,33.0,6.0,1.0,407.0,19.0,56.0,125.0,150.0,18.0,34.0,5.0,28.0,55.0,14.0,51.0,92.0,17.0,31.0,11.0,22.0,10.0,18.0,18.0,4.0,43.0,7.0,1.0,0.0,0.0,0.0,,,3.0,0.0,,
14288958,2026-01-25,18:00:00,CF Estrela Amadora,Benfica,False,0,4,34.0,0.13,1.0,3.0,4.0,1.0,24.0,245.0,25.0,10.0,4.0,1.0,0.0,2.0,1.0,1.0,2.0,0.0,1.0,,4.0,2.0,1.0,177.0,11.0,32.0,27.0,48.0,16.0,43.0,0.0,8.0,45.0,9.0,41.0,92.0,14.0,31.0,7.0,16.0,15.0,25.0,25.0,17.0,46.0,28.0,0.0,4.0,-0.8769,1.0,,,8.0,1.0,,
14288957,2026-01-25,18:00:00,Famalicão,Tondela,True,3,0,61.0,0.65,,9.0,0.0,3.0,9.0,498.0,14.0,20.0,0.0,4.0,1.0,3.0,2.0,5.0,4.0,,,0.0,15.0,3.0,1.0,425.0,18.0,69.0,70.0,113.0,44.0,70.0,2.0,10.0,57.0,9.0,38.0,67.0,15.0,26.0,7.0,17.0,12.0,14.0,14.0,8.0,40.0,23.0,,0.0,0.0,,2.0,,6.0,0.0,,
14288957,2026-01-25,18:00:00,Tondela,Famalicão,False,0,3,39.0,0.13,,2.0,1.0,4.0,20.0,299.0,19.0,9.0,1.0,0.0,0.0,1.0,1.0,1.0,1.0,,,1.0,11.0,2.0,0.0,232.0,22.0,42.0,51.0,82.0,15.0,33.0,3.0,21.0,43.0,6.0,29.0,67.0,11.0,26.0,2.0,10.0,10.0,19.0,19.0,9.0,35.0,24.0,,1.0,-1.0306,,2.0,,7.0,1.0,,
14288948,2026-01-25,20:30:00,Sporting Braga,FC Alverca,True,5,0,68.0,3.42,3.0,17.0,0.0,7.0,9.0,746.0,13.0,10.0,2.0,7.0,0.0,2.0,8.0,11.0,6.0,3.0,,4.0,31.0,3.0,,691.0,13.0,56.0,198.0,222.0,16.0,34.0,5.0,16.0,56.0,9.0,40.0,75.0,12.0,18.0,16.0,26.0,11.0,13.0,13.0,11.0,49.0,8.0,,0.0,0.0,0.0,,0.0,2.0,0.0,,
14288948,2026-01-25,20:30:00,FC Alverca,Sporting Braga,False,0,5,32.0,0.28,0.0,4.0,2.0,0.0,11.0,346.0,19.0,9.0,2.0,0.0,0.0,3.0,1.0,3.0,1.0,0.0,,2.0,7.0,1.0,,281.0,16.0,31.0,20.0,40.0,29.0,51.0,1.0,3.0,44.0,6.0,35.0,75.0,6.0,18.0,8.0,15.0,10.0,19.0,19.0,5.0,45.0,16.0,,2.0,-0.4364,1.0,,2.0,2.0,3.0,,
14288950,2026-01-26,20:15:00,FC Porto,Gil Vicente,True,3,0,58.0,2.25,4.0,14.0,5.0,11.0,13.0,442.0,12.0,7.0,2.0,6.0,0.0,5.0,3.0,9.0,5.0,2.0,2.0,1.0,29.0,1.0,3.0,366.0,18.0,45.0,57.0,96.0,14.0,36.0,3.0,13.0,51.0,8.0,25.0,58.0,19.0,29.0,5.0,12.0,6.0,12.0,12.0,10.0,56.0,14.0,,5.0,0.6347,1.0,1.0,0.0,6.0,,0.0,
14288950,2026-01-26,20:15:00,Gil Vicente,FC Porto,False,0,3,42.0,0.59,2.0,11.0,3.0,3.0,8.0,323.0,15.0,13.0,2.0,5.0,1.0,3.0,3.0,4.0,7.0,0.0,2.0,0.0,9.0,2.0,0.0,249.0,25.0,43.0,50.0,77.0,16.0,48.0,2.0,6.0,49.0,3.0,33.0,58.0,10.0,29.0,7.0,16.0,10.0,15.0,15.0,9.0,45.0,23.0,,3.0,-0.8497,1.0,0.0,1.0,11.0,,1.0,
14288973,2026-01-30,20:45:00,Vitória SC,Moreirense,True,1,0,43.0,1.79,1.0,14.0,5.0,5.0,19.0,364.0,16.0,11.0,2.0,2.0,0.0,8.0,4.0,9.0,5.0,1.0,0.0,,24.0,4.0,2.0,284.0,12.0,40.0,57.0,93.0,19.0,47.0,4.0,18.0,58.0,5.0,37.0,69.0,19.0,28.0,9.0,15.0,10.0,16.0,16.0,13.0,53.0,14.0,1.0,5.0,0.6764,1.0,1.0,1.0,7.0,,,
14288973,2026-01-30,20:45:00,Moreirense,Vitória SC,False,0,1,57.0,0.57,2.0,10.0,1.0,5.0,12.0,484.0,11.0,19.0,5.0,5.0,0.0,4.0,1.0,4.0,6.0,0.0,2.0,,14.0,0.0,3.0,395.0,26.0,40.0,63.0,91.0,16.0,57.0,3.0,15.0,42.0,8.0,32.0,69.0,9.0,28.0,6.0,14.0,7.0,11.0,11.0,12.0,39.0,15.0,0.0,1.0,0.4824,1.0,0.0,0.0,14.0,,,
14288972,2026-01-31,15:30:00,Santa Clara,Estoril Praia,True,2,4,54.0,1.58,4.0,14.0,2.0,6.0,16.0,331.0,18.0,11.0,7.0,4.0,0.0,7.0,3.0,10.0,4.0,1.0,3.0,,20.0,1.0,3.0,266.0,16.0,39.0,51.0,78.0,26.0,49.0,8.0,24.0,54.0,1.0,35.0,61.0,14.0,29.0,8.0,15.0,14.0,18.0,18.0,7.0,34.0,13.0,0.0,2.0,-0.6411,0.0,,2.0,7.0,,,
14288972,2026-01-31,15:30:00,Estoril Praia,Santa Clara,False,4,2,46.0,2.31,3.0,11.0,2.0,5.0,11.0,288.0,8.0,14.0,3.0,6.0,0.0,0.0,5.0,7.0,4.0,3.0,0.0,,20.0,6.0,2.0,229.0,28.0,38.0,61.0,86.0,23.0,47.0,2.0,13.0,46.0,5.0,26.0,61.0,15.0,29.0,5.0,18.0,5.0,8.0,8.0,8.0,33.0,24.0,3.0,2.0,-0.2789,1.0,,0.0,14.0,,,
14288963,2026-01-31,18:00:00,Rio Ave,FC Arouca,True,0,3,51.0,0.5,0.0,8.0,4.0,5.0,11.0,436.0,17.0,15.0,2.0,0.0,1.0,2.0,6.0,7.0,1.0,0.0,0.0,0.0,24.0,2.0,2.0,379.0,15.0,36.0,50.0,75.0,11.0,30.0,1.0,10.0,53.0,13.0,39.0,73.0,8.0,16.0,7.0,12.0,13.0,17.0,17.0,5.0,37.0,23.0,,4.0,-0.7343,3.0,1.0,0.0,9.0,,,
14288963,2026-01-31,18:00:00,FC Arouca,Rio Ave,False,3,0,49.0,1.37,3.0,18.0,0.0,5.0,15.0,404.0,18.0,11.0,1.0,7.0,0.0,8.0,3.0,11.0,7.0,2.0,1.0,1.0,19.0,2.0,3.0,356.0,14.0,30.0,51.0,73.0,21.0,41.0,6.0,21.0,47.0,6.0,34.0,73.0,8.0,16.0,5.0,16.0,12.0,18.0,18.0,9.0,46.0,14.0,,0.0,0.0,0.0,2.0,1.0,6.0,,,
14288970,2026-01-31,20:30:00,FC Alverca,CF Estrela Amadora,True,1,1,58.0,1.12,2.0,8.0,1.0,9.0,17.0,400.0,18.0,17.0,1.0,4.0,0.0,1.0,3.0,4.0,4.0,1.0,1.0,,19.0,1.0,0.0,336.0,27.0,62.0,88.0,128.0,34.0,52.0,5.0,29.0,46.0,11.0,40.0,80.0,6.0,19.0,6.0,13.0,10.0,18.0,18.0,3.0,56.0,20.0,,1.0,-0.0486,0.0,1.0,,3.0,,,
14288970,2026-01-31,20:30:00,CF Estrela Amadora,FC Alverca,False,1,1,42.0,0.91,1.0,5.0,3.0,2.0,17.0,301.0,18.0,16.0,2.0,2.0,0.0,1.0,2.0,3.0,2.0,1.0,0.0,,10.0,2.0,1.0,252.0,8.0,42.0,43.0,70.0,18.0,36.0,4.0,13.0,54.0,13.0,40.0,80.0,13.0,19.0,5.0,10.0,11.0,18.0,18.0,7.0,57.0,42.0,,3.0,0.5466,1.0,0.0,,6.0,,,
14288964,2026-02-01,15:30:00,Gil Vicente,Famalicão,True,5,0,56.0,2.69,7.0,17.0,0.0,3.0,19.0,459.0,15.0,9.0,1.0,9.0,0.0,4.0,4.0,10.0,7.0,5.0,2.0,,22.0,2.0,3.0,421.0,15.0,44.0,81.0,104.0,21.0,37.0,7.0,17.0,48.0,8.0,36.0,76.0,6.0,11.0,13.0,23.0,6.0,15.0,15.0,7.0,45.0,8.0,0.0,0.0,0.0,,2.0,,5.0,,0.0,
14288964,2026-02-01,15:30:00,Famalicão,Gil Vicente,False,0,5,44.0,0.11,0.0,4.0,4.0,1.0,10.0,362.0,18.0,19.0,1.0,0.0,1.0,3.0,1.0,1.0,3.0,0.0,0.0,,4.0,4.0,0.0,297.0,13.0,35.0,23.0,48.0,14.0,40.0,0.0,8.0,52.0,9.0,40.0,76.0,5.0,11.0,4.0,10.0,8.0,18.0,18.0,10.0,37.0,11.0,1.0,4.0,-0.8111,,1.0,,7.0,,1.0,
14288960,2026-02-01,18:00:00,Sporting CP,CD Nacional,True,2,1,62.0,1.78,3.0,16.0,2.0,11.0,12.0,541.0,13.0,15.0,0.0,7.0,0.0,6.0,3.0,11.0,5.0,1.0,2.0,1.0,41.0,3.0,3.0,461.0,23.0,55.0,115.0,156.0,21.0,38.0,6.0,33.0,51.0,8.0,41.0,79.0,11.0,22.0,15.0,27.0,9.0,13.0,13.0,4.0,53.0,21.0,1.0,2.0,0.2371,1.0,,1.0,4.0,0.0,,
14288960,2026-02-01,18:00:00,CD Nacional,Sporting CP,False,1,2,38.0,1.31,2.0,5.0,5.0,0.0,15.0,341.0,20.0,12.0,3.0,4.0,0.0,1.0,1.0,4.0,1.0,1.0,1.0,0.0,8.0,3.0,2.0,270.0,13.0,40.0,36.0,58.0,22.0,52.0,1.0,10.0,49.0,6.0,38.0,79.0,11.0,22.0,6.0,13.0,13.0,20.0,20.0,14.0,54.0,36.0,1.0,5.0,0.7456,1.0,,0.0,6.0,1.0,,
14288966,2026-02-01,20:30:00,Tondela,Benfica,True,0,0,23.0,0.48,1.0,6.0,9.0,1.0,19.0,177.0,25.0,5.0,5.0,1.0,1.0,5.0,1.0,2.0,4.0,,1.0,,11.0,1.0,,112.0,18.0,46.0,31.0,61.0,20.0,55.0,4.0,16.0,46.0,8.0,39.0,82.0,12.0,28.0,9.0,15.0,18.0,25.0,25.0,9.0,49.0,61.0,,9.0,2.3062,4.0,,4.0,14.0,,,
14288966,2026-02-01,20:30:00,Benfica,Tondela,False,0,0,77.0,2.1,4.0,24.0,1.0,13.0,5.0,593.0,14.0,19.0,0.0,8.0,0.0,9.0,7.0,15.0,9.0,,4.0,,59.0,5.0,,501.0,35.0,76.0,206.0,265.0,20.0,44.0,8.0,42.0,54.0,9.0,43.0,82.0,16.0,28.0,10.0,26.0,10.0,14.0,14.0,6.0,41.0,14.0,,1.0,0.0152,0.0,,1.0,13.0,,,
14288968,2026-02-02,18:45:00,AVS - Futebol SAD,Sporting Braga,True,0,4,33.0,0.78,3.0,8.0,4.0,1.0,3.0,330.0,18.0,6.0,0.0,3.0,1.0,4.0,1.0,6.0,2.0,0.0,3.0,0.0,13.0,1.0,4.0,256.0,21.0,40.0,46.0,78.0,16.0,50.0,3.0,14.0,47.0,11.0,30.0,61.0,6.0,16.0,7.0,17.0,12.0,18.0,18.0,7.0,54.0,15.0,,4.0,0.5186,1.0,0.0,,4.0,,,
14288968,2026-02-02,18:45:00,Sporting Braga,AVS - Futebol SAD,False,4,0,67.0,2.27,6.0,10.0,3.0,4.0,6.0,683.0,21.0,3.0,1.0,8.0,1.0,2.0,0.0,9.0,1.0,3.0,3.0,3.0,29.0,0.0,5.0,612.0,19.0,65.0,162.0,193.0,28.0,56.0,4.0,12.0,53.0,7.0,31.0,61.0,10.0,16.0,7.0,18.0,12.0,21.0,21.0,3.0,64.0,26.0,,3.0,0.2029,0.0,1.0,,4.0,,,
14288969,2026-02-02,20:45:00,Casa Pia,FC Porto,True,2,1,32.0,0.89,2.0,5.0,5.0,0.0,14.0,273.0,7.0,14.0,3.0,2.0,0.0,2.0,1.0,2.0,3.0,1.0,1.0,0.0,5.0,1.0,1.0,188.0,6.0,47.0,53.0,84.0,17.0,66.0,2.0,7.0,40.0,5.0,25.0,54.0,10.0,33.0,6.0,12.0,3.0,7.0,7.0,14.0,45.0,45.0,,5.0,0.4819,3.0,1.0,3.0,18.0,,0.0,
14288969,2026-02-02,20:45:00,FC Porto,Casa Pia,False,1,2,68.0,1.68,2.0,15.0,1.0,10.0,14.0,574.0,11.0,14.0,2.0,6.0,1.0,4.0,5.0,10.0,5.0,1.0,1.0,1.0,31.0,3.0,3.0,496.0,24.0,93.0,152.0,203.0,11.0,31.0,8.0,39.0,60.0,4.0,29.0,54.0,23.0,33.0,4.0,7.0,9.0,11.0,11.0,8.0,51.0,10.0,,1.0,-0.8131,0.0,0.0,0.0,3.0,,1.0,
14288982,2026-02-07,15:30:00,CF Estrela Amadora,Santa Clara,True,1,0,45.0,0.94,3.0,12.0,4.0,3.0,15.0,361.0,16.0,9.0,4.0,4.0,1.0,5.0,3.0,5.0,7.0,1.0,2.0,,15.0,1.0,2.0,304.0,23.0,45.0,66.0,89.0,19.0,41.0,5.0,15.0,45.0,7.0,39.0,83.0,7.0,20.0,14.0,29.0,7.0,16.0,16.0,16.0,54.0,30.0,3.0,4.0,1.0595,1.0,0.0,,9.0,,,
14288982,2026-02-07,15:30:00,Santa Clara,CF Estrela Amadora,False,0,1,55.0,1.26,2.0,17.0,3.0,6.0,9.0,442.0,22.0,15.0,1.0,5.0,1.0,8.0,4.0,13.0,4.0,0.0,2.0,,35.0,3.0,1.0,363.0,21.0,54.0,87.0,132.0,16.0,39.0,11.0,25.0,55.0,8.0,44.0,83.0,13.0,20.0,7.0,15.0,12.0,22.0,22.0,7.0,54.0,20.0,0.0,3.0,-0.0475,1.0,1.0,,6.0,,,
14288981,2026-02-07,15:30:00,Moreirense,Gil Vicente,True,1,2,42.0,0.12,0.0,3.0,2.0,3.0,18.0,377.0,16.0,15.0,3.0,1.0,0.0,0.0,2.0,2.0,1.0,0.0,0.0,,9.0,2.0,1.0,297.0,15.0,36.0,35.0,66.0,17.0,62.0,1.0,7.0,41.0,5.0,35.0,78.0,7.0,25.0,4.0,18.0,10.0,16.0,16.0,2.0,48.0,36.0,0.0,2.0,-0.1238,,,,10.0,1.0,1.0,
14288981,2026-02-07,15:30:00,Gil Vicente,Moreirense,False,2,1,58.0,2.4,4.0,15.0,0.0,6.0,15.0,500.0,19.0,17.0,1.0,4.0,0.0,5.0,6.0,12.0,3.0,2.0,2.0,,21.0,1.0,4.0,440.0,25.0,74.0,121.0,155.0,31.0,59.0,6.0,34.0,59.0,5.0,43.0,78.0,18.0,25.0,8.0,19.0,13.0,19.0,19.0,4.0,47.0,15.0,1.0,0.0,-0.8436,,,,2.0,0.0,0.0,
14288984,2026-02-07,18:00:00,Estoril Praia,Tondela,True,2,2,68.0,0.74,1.0,15.0,3.0,5.0,8.0,669.0,14.0,8.0,1.0,6.0,1.0,7.0,2.0,8.0,7.0,0.0,1.0,0.0,22.0,1.0,1.0,580.0,28.0,80.0,146.0,207.0,18.0,35.0,2.0,16.0,48.0,8.0,33.0,68.0,9.0,19.0,12.0,26.0,11.0,14.0,14.0,7.0,46.0,17.0,,3.0,-0.385,2.0,,,3.0,,,
14288984,2026-02-07,18:00:00,Tondela,Estoril Praia,False,2,2,32.0,1.36,2.0,6.0,4.0,4.0,8.0,309.0,22.0,8.0,0.0,5.0,1.0,1.0,0.0,5.0,1.0,2.0,0.0,1.0,10.0,0.0,3.0,233.0,20.0,44.0,25.0,52.0,14.0,54.0,2.0,10.0,52.0,5.0,35.0,68.0,10.0,19.0,5.0,14.0,13.0,22.0,22.0,12.0,41.0,23.0,,4.0,-0.4657,0.0,,,15.0,,,
14288986,2026-02-07,20:30:00,FC Arouca,Vitória SC,True,3,2,51.0,1.72,4.0,10.0,4.0,1.0,19.0,380.0,27.0,15.0,1.0,6.0,0.0,3.0,1.0,8.0,2.0,3.0,1.0,1.0,12.0,1.0,1.0,292.0,27.0,50.0,47.0,86.0,22.0,55.0,4.0,13.0,45.0,9.0,43.0,89.0,7.0,21.0,2.0,8.0,13.0,27.0,27.0,11.0,52.0,35.0,,4.0,0.0658,,1.0,2.0,9.0,0.0,,
14288986,2026-02-07,20:30:00,Vitória SC,FC Arouca,False,2,3,49.0,1.75,2.0,14.0,3.0,6.0,15.0,360.0,15.0,19.0,4.0,6.0,1.0,3.0,5.0,10.0,4.0,2.0,0.0,1.0,29.0,1.0,1.0,277.0,27.0,56.0,64.0,107.0,18.0,45.0,5.0,25.0,55.0,11.0,46.0,89.0,14.0,21.0,12.0,28.0,10.0,15.0,15.0,4.0,51.0,21.0,,3.0,-0.6018,,1.0,0.0,5.0,2.0,,
14288977,2026-02-08,15:30:00,CD Nacional,Casa Pia,True,0,0,68.0,1.29,2.0,21.0,3.0,12.0,15.0,491.0,13.0,11.0,2.0,4.0,1.0,12.0,5.0,10.0,11.0,,2.0,,24.0,1.0,0.0,407.0,19.0,62.0,92.0,132.0,18.0,45.0,11.0,35.0,42.0,14.0,27.0,71.0,23.0,47.0,3.0,11.0,5.0,13.0,13.0,6.0,51.0,13.0,1.0,3.0,0.4719,1.0,2.0,,6.0,,,
14288977,2026-02-08,15:30:00,Casa Pia,CD Nacional,False,0,0,32.0,0.52,1.0,9.0,4.0,1.0,11.0,231.0,22.0,15.0,3.0,3.0,0.0,4.0,2.0,5.0,4.0,,1.0,,10.0,1.0,7.0,153.0,21.0,39.0,36.0,62.0,18.0,56.0,2.0,13.0,58.0,8.0,44.0,71.0,24.0,47.0,7.0,12.0,11.0,22.0,22.0,12.0,44.0,41.0,0.0,4.0,0.2901,1.0,0.0,,13.0,,,
14288989,2026-02-08,18:00:00,Sporting Braga,Rio Ave,True,3,0,64.0,2.82,6.0,15.0,2.0,9.0,14.0,690.0,20.0,8.0,1.0,7.0,1.0,3.0,5.0,8.0,7.0,3.0,3.0,2.0,39.0,5.0,1.0,629.0,19.0,71.0,187.0,226.0,18.0,31.0,5.0,28.0,52.0,9.0,33.0,69.0,12.0,18.0,5.0,12.0,13.0,20.0,20.0,9.0,52.0,18.0,1.0,2.0,0.0947,1.0,0.0,1.0,3.0,,,
14288989,2026-02-08,18:00:00,Rio Ave,Sporting Braga,False,0,3,36.0,0.15,0.0,7.0,4.0,1.0,8.0,399.0,16.0,14.0,1.0,2.0,0.0,2.0,3.0,1.0,6.0,0.0,0.0,0.0,4.0,0.0,0.0,345.0,14.0,21.0,23.0,39.0,22.0,47.0,0.0,12.0,48.0,12.0,36.0,69.0,6.0,18.0,7.0,15.0,10.0,16.0,16.0,12.0,41.0,35.0,0.0,4.0,0.4262,2.0,1.0,4.0,6.0,,,
14288979,2026-02-08,20:30:00,Benfica,FC Alverca,True,2,1,63.0,1.97,2.0,29.0,1.0,9.0,11.0,454.0,21.0,18.0,3.0,10.0,1.0,9.0,10.0,17.0,12.0,1.0,1.0,,50.0,6.0,2.0,385.0,20.0,72.0,136.0,186.0,16.0,35.0,7.0,34.0,51.0,8.0,44.0,80.0,17.0,40.0,6.0,16.0,15.0,21.0,21.0,5.0,55.0,13.0,,1.0,-0.511,0.0,1.0,0.0,3.0,,,
14288979,2026-02-08,20:30:00,FC Alverca,Benfica,False,1,2,37.0,1.14,2.0,6.0,8.0,1.0,18.0,280.0,18.0,11.0,2.0,2.0,0.0,2.0,2.0,4.0,2.0,1.0,1.0,,9.0,2.0,0.0,201.0,19.0,38.0,31.0,66.0,29.0,63.0,2.0,6.0,49.0,6.0,36.0,80.0,23.0,40.0,8.0,23.0,5.0,18.0,18.0,12.0,38.0,44.0,,8.0,1.1654,3.0,0.0,2.0,14.0,,,
14288974,2026-02-09,18:45:00,Famalicão,AVS - Futebol SAD,True,3,1,66.0,2.37,3.0,14.0,0.0,7.0,9.0,503.0,14.0,14.0,3.0,6.0,0.0,4.0,4.0,10.0,4.0,2.0,1.0,1.0,28.0,4.0,2.0,431.0,24.0,67.0,125.0,156.0,27.0,45.0,4.0,29.0,53.0,7.0,34.0,60.0,15.0,33.0,6.0,13.0,11.0,14.0,14.0,9.0,48.0,28.0,,0.0,-0.3697,,,,4.0,,,
14288974,2026-02-09,18:45:00,AVS - Futebol SAD,Famalicão,False,1,3,34.0,0.49,1.0,7.0,3.0,2.0,14.0,260.0,14.0,9.0,2.0,1.0,0.0,4.0,2.0,3.0,4.0,1.0,0.0,1.0,9.0,1.0,1.0,189.0,20.0,40.0,27.0,54.0,10.0,48.0,0.0,12.0,47.0,10.0,26.0,60.0,18.0,33.0,3.0,7.0,12.0,14.0,14.0,7.0,43.0,32.0,,3.0,-0.5431,,,,11.0,,,
14288988,2026-02-09,20:45:00,FC Porto,Sporting CP,True,1,1,45.0,0.81,0.0,8.0,2.0,1.0,14.0,387.0,14.0,12.0,3.0,1.0,0.0,2.0,5.0,5.0,3.0,0.0,0.0,,16.0,1.0,1.0,329.0,16.0,45.0,53.0,85.0,13.0,26.0,1.0,9.0,47.0,7.0,26.0,61.0,11.0,17.0,1.0,9.0,8.0,14.0,14.0,11.0,39.0,24.0,,2.0,0.8235,,,0.0,9.0,,,1.0
14288988,2026-02-09,20:45:00,Sporting CP,FC Porto,False,1,1,55.0,1.47,2.0,11.0,0.0,8.0,12.0,462.0,15.0,13.0,5.0,3.0,0.0,3.0,5.0,8.0,3.0,1.0,1.0,,22.0,1.0,0.0,398.0,16.0,38.0,83.0,103.0,32.0,53.0,2.0,22.0,53.0,5.0,35.0,61.0,6.0,17.0,8.0,17.0,10.0,15.0,15.0,11.0,42.0,21.0,,0.0,-0.4937,,,1.0,7.0,,,0.0
14288997,2026-02-13,18:30:00,Santa Clara,Benfica,True,1,2,53.0,0.28,0.0,9.0,2.0,1.0,23.0,440.0,28.0,5.0,6.0,2.0,0.0,1.0,6.0,2.0,7.0,0.0,0.0,0.0,13.0,0.0,0.0,350.0,25.0,62.0,66.0,105.0,32.0,64.0,1.0,12.0,47.0,12.0,42.0,89.0,17.0,36.0,9.0,17.0,15.0,28.0,28.0,11.0,43.0,32.0,,2.0,0.0181,1.0,0.0,1.0,9.0,0.0,1.0,
14288997,2026-02-13,18:30:00,Benfica,Santa Clara,False,2,1,47.0,1.19,3.0,10.0,1.0,7.0,5.0,385.0,20.0,23.0,2.0,3.0,0.0,4.0,3.0,7.0,3.0,1.0,2.0,1.0,31.0,1.0,1.0,298.0,27.0,43.0,80.0,112.0,16.0,44.0,3.0,16.0,53.0,18.0,47.0,89.0,19.0,36.0,6.0,16.0,7.0,20.0,20.0,14.0,49.0,18.0,,1.0,-0.891,0.0,1.0,0.0,2.0,1.0,0.0,
14288991,2026-02-13,20:45:00,Tondela,FC Alverca,True,1,1,60.0,1.67,2.0,18.0,3.0,11.0,14.0,466.0,22.0,10.0,5.0,4.0,0.0,9.0,5.0,15.0,3.0,1.0,1.0,,50.0,1.0,1.0,401.0,21.0,71.0,112.0,148.0,31.0,46.0,16.0,48.0,55.0,9.0,42.0,76.0,17.0,31.0,11.0,21.0,14.0,22.0,22.0,13.0,51.0,18.0,2.0,3.0,0.2422,0.0,1.0,,4.0,,0.0,
14288991,2026-02-13,20:45:00,FC Alverca,Tondela,False,1,1,40.0,0.66,1.0,10.0,3.0,5.0,10.0,330.0,19.0,14.0,5.0,4.0,0.0,1.0,5.0,10.0,0.0,0.0,1.0,,23.0,1.0,0.0,266.0,18.0,53.0,65.0,103.0,15.0,52.0,4.0,16.0,45.0,6.0,34.0,76.0,14.0,31.0,4.0,20.0,13.0,19.0,19.0,10.0,40.0,46.0,0.0,3.0,0.8685,2.0,2.0,,12.0,,1.0,
14288993,2026-02-14,15:30:00,Casa Pia,FC Arouca,True,3,2,31.0,2.22,3.0,11.0,3.0,2.0,21.0,222.0,14.0,7.0,5.0,4.0,0.0,4.0,3.0,7.0,4.0,3.0,0.0,,15.0,1.0,0.0,149.0,14.0,40.0,46.0,83.0,22.0,54.0,4.0,14.0,49.0,6.0,24.0,60.0,23.0,35.0,2.0,9.0,10.0,14.0,14.0,3.0,42.0,37.0,,3.0,-0.3648,1.0,1.0,,8.0,,,
14288993,2026-02-14,15:30:00,FC Arouca,Casa Pia,False,2,3,69.0,1.31,2.0,8.0,1.0,3.0,8.0,506.0,13.0,21.0,2.0,4.0,0.0,1.0,3.0,4.0,4.0,1.0,1.0,,16.0,6.0,1.0,428.0,29.0,63.0,73.0,118.0,25.0,59.0,5.0,24.0,51.0,7.0,36.0,60.0,12.0,35.0,5.0,12.0,9.0,13.0,13.0,12.0,35.0,19.0,,1.0,-1.4163,0.0,0.0,,4.0,,,
14288990,2026-02-14,18:00:00,Vitória SC,CF Estrela Amadora,True,2,1,54.0,1.42,2.0,20.0,3.0,9.0,13.0,431.0,22.0,18.0,3.0,6.0,0.0,6.0,8.0,10.0,10.0,1.0,1.0,0.0,31.0,4.0,0.0,360.0,20.0,64.0,107.0,150.0,13.0,28.0,8.0,29.0,51.0,11.0,42.0,81.0,10.0,20.0,3.0,11.0,11.0,22.0,22.0,13.0,52.0,10.0,1.0,3.0,0.695,0.0,0.0,1.0,3.0,,,
14288990,2026-02-14,18:00:00,CF Estrela Amadora,Vitória SC,False,1,2,46.0,1.22,2.0,6.0,4.0,2.0,18.0,383.0,19.0,13.0,2.0,4.0,1.0,2.0,0.0,5.0,1.0,1.0,1.0,2.0,11.0,0.0,2.0,303.0,22.0,25.0,27.0,43.0,31.0,69.0,2.0,8.0,49.0,13.0,39.0,81.0,10.0,20.0,7.0,16.0,9.0,19.0,19.0,13.0,54.0,29.0,3.0,4.0,0.9633,3.0,1.0,1.0,12.0,,,
14288996,2026-02-14,20:30:00,Gil Vicente,Sporting Braga,True,2,1,50.0,1.21,2.0,15.0,1.0,5.0,7.0,414.0,14.0,18.0,2.0,5.0,1.0,6.0,4.0,7.0,8.0,2.0,0.0,1.0,19.0,3.0,3.0,335.0,24.0,54.0,73.0,102.0,38.0,69.0,3.0,22.0,53.0,5.0,37.0,66.0,12.0,26.0,8.0,22.0,9.0,14.0,14.0,6.0,43.0,33.0,,1.0,-0.2256,,,1.0,8.0,,,
14288996,2026-02-14,20:30:00,Sporting Braga,Gil Vicente,False,1,2,50.0,0.65,1.0,11.0,3.0,6.0,18.0,411.0,19.0,7.0,1.0,2.0,0.0,7.0,2.0,8.0,3.0,0.0,1.0,0.0,24.0,3.0,1.0,330.0,18.0,48.0,75.0,111.0,12.0,47.0,6.0,20.0,47.0,6.0,29.0,66.0,14.0,26.0,3.0,11.0,10.0,19.0,19.0,9.0,45.0,33.0,,3.0,-0.6304,,,0.0,9.0,,,
14288999,2026-02-15,15:30:00,CD Nacional,FC Porto,True,0,1,47.0,0.68,1.0,9.0,4.0,5.0,13.0,294.0,22.0,11.0,4.0,2.0,0.0,4.0,3.0,6.0,3.0,,1.0,,18.0,2.0,0.0,219.0,20.0,54.0,35.0,75.0,26.0,60.0,7.0,22.0,50.0,5.0,35.0,67.0,17.0,37.0,2.0,7.0,16.0,22.0,22.0,8.0,39.0,44.0,,4.0,0.6286,,1.0,2.0,10.0,,,
14288999,2026-02-15,15:30:00,FC Porto,CD Nacional,False,1,0,53.0,0.55,0.0,8.0,2.0,8.0,11.0,326.0,10.0,13.0,0.0,5.0,0.0,1.0,2.0,5.0,3.0,,0.0,,32.0,1.0,5.0,260.0,25.0,51.0,64.0,103.0,14.0,33.0,6.0,24.0,50.0,7.0,32.0,67.0,20.0,37.0,10.0,25.0,5.0,10.0,10.0,7.0,39.0,34.0,,2.0,0.1109,,0.0,0.0,5.0,,,
14288998,2026-02-15,18:00:00,AVS - Futebol SAD,Estoril Praia,True,3,0,29.0,1.08,2.0,15.0,2.0,9.0,9.0,241.0,28.0,10.0,2.0,3.0,1.0,7.0,5.0,7.0,8.0,2.0,0.0,,17.0,1.0,3.0,161.0,10.0,43.0,33.0,73.0,23.0,63.0,2.0,15.0,58.0,7.0,51.0,82.0,13.0,28.0,13.0,20.0,19.0,28.0,28.0,20.0,62.0,45.0,0.0,2.0,0.5606,,4.0,0.0,14.0,0.0,,
14288998,2026-02-15,18:00:00,Estoril Praia,AVS - Futebol SAD,False,0,3,71.0,1.1,2.0,12.0,0.0,9.0,10.0,595.0,14.0,9.0,2.0,2.0,0.0,7.0,3.0,9.0,3.0,0.0,2.0,,26.0,1.0,2.0,504.0,30.0,82.0,136.0,191.0,24.0,49.0,4.0,36.0,42.0,12.0,31.0,82.0,15.0,28.0,8.0,24.0,8.0,14.0,14.0,6.0,52.0,27.0,1.0,0.0,-1.6542,,1.0,2.0,7.0,2.0,,
14288994,2026-02-15,20:30:00,Sporting CP,Famalicão,True,1,0,70.0,2.25,2.0,22.0,1.0,14.0,17.0,591.0,12.0,19.0,3.0,5.0,1.0,9.0,8.0,16.0,6.0,,2.0,1.0,45.0,5.0,4.0,525.0,26.0,75.0,164.0,203.0,24.0,39.0,9.0,30.0,52.0,10.0,37.0,74.0,16.0,28.0,7.0,16.0,8.0,12.0,12.0,11.0,59.0,15.0,1.0,1.0,0.0129,0.0,,0.0,1.0,,,
14288994,2026-02-15,20:30:00,Famalicão,Sporting CP,False,0,1,30.0,0.62,1.0,2.0,4.0,1.0,19.0,259.0,19.0,17.0,2.0,1.0,0.0,1.0,0.0,1.0,1.0,,1.0,1.0,6.0,0.0,1.0,194.0,15.0,28.0,20.0,44.0,17.0,41.0,1.0,7.0,48.0,5.0,37.0,74.0,12.0,28.0,4.0,11.0,10.0,19.0,19.0,10.0,41.0,37.0,0.0,4.0,0.889,3.0,,1.0,14.0,,,
14288995,2026-02-16,20:15:00,Rio Ave,Moreirense,True,1,2,60.0,1.32,2.0,18.0,1.0,7.0,17.0,544.0,17.0,24.0,1.0,6.0,0.0,6.0,6.0,10.0,8.0,,2.0,0.0,23.0,6.0,0.0,455.0,22.0,73.0,87.0,141.0,24.0,56.0,6.0,31.0,54.0,9.0,52.0,90.0,14.0,33.0,13.0,23.0,12.0,17.0,17.0,12.0,64.0,7.0,1.0,1.0,-1.2241,0.0,0.0,0.0,2.0,0.0,,
14288995,2026-02-16,20:15:00,Moreirense,Rio Ave,False,2,1,40.0,0.55,1.0,6.0,5.0,1.0,24.0,375.0,19.0,17.0,3.0,3.0,1.0,1.0,2.0,3.0,3.0,,1.0,1.0,8.0,1.0,2.0,303.0,20.0,34.0,35.0,54.0,22.0,46.0,0.0,4.0,46.0,7.0,38.0,90.0,19.0,33.0,4.0,14.0,11.0,19.0,19.0,11.0,66.0,46.0,2.0,5.0,-0.0306,1.0,2.0,1.0,8.0,1.0,,
14288798,2026-02-20,20:45:00,CF Estrela Amadora,Tondela,True,0,2,66.0,0.94,1.0,14.0,3.0,5.0,12.0,486.0,8.0,17.0,2.0,3.0,1.0,7.0,4.0,5.0,9.0,0.0,1.0,1.0,20.0,5.0,2.0,438.0,23.0,72.0,107.0,135.0,35.0,57.0,10.0,30.0,58.0,9.0,41.0,73.0,14.0,22.0,16.0,25.0,6.0,8.0,8.0,6.0,42.0,13.0,1.0,3.0,-0.7588,1.0,0.0,,5.0,1.0,1.0,
14288798,2026-02-20,20:45:00,Tondela,CF Estrela Amadora,False,2,0,34.0,1.36,2.0,11.0,3.0,3.0,17.0,248.0,18.0,11.0,4.0,5.0,0.0,2.0,4.0,6.0,5.0,1.0,1.0,0.0,16.0,4.0,0.0,189.0,9.0,36.0,46.0,73.0,14.0,39.0,4.0,13.0,42.0,5.0,32.0,73.0,8.0,22.0,3.0,6.0,10.0,18.0,18.0,6.0,42.0,24.0,0.0,3.0,0.5266,1.0,3.0,,9.0,0.0,0.0,
14288799,2026-02-21,15:30:00,FC Alverca,Santa Clara,True,1,1,45.0,1.28,2.0,7.0,2.0,5.0,16.0,349.0,15.0,13.0,2.0,1.0,0.0,2.0,4.0,4.0,3.0,1.0,1.0,,12.0,2.0,0.0,271.0,16.0,46.0,64.0,95.0,23.0,63.0,2.0,13.0,43.0,9.0,32.0,70.0,9.0,26.0,4.0,12.0,10.0,15.0,15.0,4.0,44.0,24.0,,2.0,-0.0198,,1.0,1.0,15.0,,,
14288799,2026-02-21,15:30:00,Santa Clara,FC Alverca,False,1,1,55.0,0.59,1.0,16.0,0.0,2.0,14.0,431.0,17.0,16.0,2.0,3.0,0.0,10.0,3.0,6.0,10.0,0.0,1.0,,21.0,3.0,1.0,374.0,19.0,54.0,85.0,115.0,18.0,33.0,4.0,21.0,57.0,10.0,38.0,70.0,17.0,26.0,5.0,10.0,13.0,17.0,17.0,8.0,49.0,22.0,,0.0,-0.0798,,1.0,0.0,3.0,,,
14288800,2026-02-21,15:30:00,FC Arouca,CD Nacional,True,3,0,61.0,1.92,5.0,10.0,5.0,4.0,13.0,451.0,5.0,13.0,5.0,7.0,0.0,2.0,1.0,8.0,2.0,2.0,3.0,,18.0,1.0,6.0,393.0,16.0,41.0,59.0,83.0,21.0,36.0,2.0,14.0,48.0,6.0,26.0,53.0,14.0,31.0,8.0,9.0,2.0,5.0,5.0,8.0,54.0,22.0,1.0,5.0,0.6074,0.0,0.0,,7.0,0.0,1.0,
14288800,2026-02-21,15:30:00,CD Nacional,FC Arouca,False,0,3,39.0,1.04,2.0,15.0,4.0,1.0,13.0,284.0,7.0,13.0,3.0,5.0,0.0,5.0,5.0,11.0,4.0,0.0,2.0,,21.0,2.0,0.0,215.0,15.0,59.0,54.0,99.0,26.0,60.0,4.0,11.0,52.0,2.0,27.0,53.0,17.0,31.0,8.0,11.0,4.0,7.0,7.0,6.0,45.0,17.0,1.0,4.0,-0.4452,2.0,1.0,,7.0,1.0,1.0,
14289000,2026-02-21,18:00:00,Benfica,AVS - Futebol SAD,True,3,0,65.0,3.69,5.0,22.0,0.0,10.0,7.0,539.0,10.0,14.0,,9.0,1.0,7.0,6.0,14.0,8.0,1.0,4.0,2.0,48.0,3.0,4.0,471.0,18.0,73.0,186.0,227.0,25.0,38.0,9.0,32.0,46.0,10.0,29.0,69.0,18.0,33.0,6.0,21.0,6.0,10.0,10.0,6.0,47.0,19.0,0.0,0.0,0.0,,1.0,0.0,4.0,,,
14289000,2026-02-21,18:00:00,AVS - Futebol SAD,Benfica,False,0,3,35.0,0.11,0.0,3.0,6.0,1.0,14.0,289.0,25.0,7.0,,0.0,0.0,2.0,1.0,2.0,1.0,0.0,0.0,0.0,8.0,0.0,0.0,200.0,22.0,44.0,31.0,66.0,20.0,53.0,2.0,15.0,54.0,5.0,40.0,69.0,15.0,33.0,8.0,13.0,14.0,25.0,25.0,7.0,33.0,42.0,2.0,6.0,0.7284,,1.0,1.0,14.0,,,
14288802,2026-02-21,18:00:00,Moreirense,Sporting CP,True,0,3,38.0,0.3,0.0,6.0,5.0,1.0,12.0,350.0,13.0,14.0,1.0,2.0,1.0,3.0,1.0,4.0,2.0,0.0,0.0,0.0,12.0,1.0,,290.0,11.0,35.0,36.0,62.0,15.0,41.0,5.0,9.0,53.0,7.0,34.0,64.0,9.0,17.0,7.0,12.0,8.0,13.0,13.0,8.0,45.0,28.0,1.0,5.0,-0.2559,,,1.0,5.0,,,
14288802,2026-02-21,18:00:00,Sporting CP,Moreirense,False,3,0,62.0,1.29,3.0,15.0,2.0,8.0,14.0,583.0,12.0,12.0,1.0,8.0,0.0,2.0,5.0,11.0,4.0,1.0,2.0,1.0,32.0,1.0,,513.0,24.0,72.0,104.0,142.0,27.0,49.0,3.0,20.0,47.0,5.0,30.0,64.0,8.0,17.0,8.0,16.0,8.0,12.0,12.0,4.0,44.0,5.0,0.0,2.0,0.0673,,,0.0,5.0,,,
14288803,2026-02-21,20:30:00,Sporting Braga,Vitória SC,True,3,2,46.0,2.68,6.0,7.0,3.0,0.0,17.0,405.0,16.0,9.0,2.0,7.0,0.0,0.0,0.0,7.0,0.0,3.0,3.0,0.0,14.0,2.0,1.0,328.0,17.0,42.0,48.0,78.0,16.0,43.0,2.0,5.0,50.0,11.0,32.0,74.0,18.0,26.0,6.0,9.0,11.0,16.0,16.0,8.0,44.0,15.0,1.0,3.0,0.4659,2.0,1.0,1.0,8.0,,,
14288803,2026-02-21,20:30:00,Vitória SC,Sporting Braga,False,2,3,54.0,1.19,2.0,9.0,4.0,2.0,10.0,481.0,14.0,17.0,3.0,4.0,0.0,3.0,2.0,6.0,3.0,1.0,1.0,1.0,16.0,2.0,2.0,412.0,19.0,41.0,50.0,77.0,16.0,43.0,2.0,9.0,50.0,8.0,42.0,74.0,8.0,26.0,11.0,19.0,10.0,14.0,14.0,11.0,47.0,16.0,0.0,4.0,1.0033,0.0,0.0,0.0,6.0,,,
14288797,2026-02-22,18:00:00,Estoril Praia,Gil Vicente,True,3,1,48.0,2.6,5.0,10.0,3.0,1.0,13.0,343.0,13.0,8.0,,7.0,0.0,2.0,1.0,9.0,1.0,3.0,2.0,1.0,21.0,1.0,1.0,245.0,27.0,62.0,75.0,124.0,20.0,63.0,4.0,13.0,41.0,16.0,28.0,75.0,18.0,36.0,7.0,15.0,10.0,13.0,13.0,14.0,56.0,28.0,0.0,3.0,0.773,0.0,0.0,,10.0,,,
14288797,2026-02-22,18:00:00,Gil Vicente,Estoril Praia,False,1,3,52.0,2.62,5.0,12.0,4.0,4.0,8.0,370.0,24.0,12.0,,4.0,0.0,4.0,4.0,11.0,1.0,1.0,4.0,2.0,34.0,1.0,1.0,282.0,26.0,48.0,70.0,106.0,25.0,52.0,2.0,15.0,59.0,5.0,47.0,75.0,18.0,36.0,11.0,19.0,9.0,24.0,24.0,15.0,60.0,32.0,1.0,4.0,-0.4181,1.0,2.0,,5.0,,,
14288801,2026-02-22,20:30:00,FC Porto,Rio Ave,True,1,0,55.0,2.06,5.0,16.0,1.0,10.0,14.0,471.0,21.0,16.0,2.0,3.0,3.0,8.0,5.0,11.0,5.0,1.0,4.0,,32.0,1.0,2.0,403.0,22.0,60.0,106.0,142.0,18.0,33.0,1.0,28.0,50.0,11.0,41.0,87.0,15.0,26.0,5.0,22.0,17.0,21.0,21.0,4.0,63.0,7.0,0.0,1.0,0.1044,0.0,,,5.0,,,
14288801,2026-02-22,20:30:00,Rio Ave,FC Porto,False,0,1,45.0,0.24,1.0,6.0,2.0,1.0,16.0,398.0,28.0,14.0,3.0,1.0,0.0,3.0,2.0,2.0,4.0,0.0,1.0,,7.0,0.0,0.0,320.0,20.0,26.0,35.0,56.0,17.0,55.0,2.0,5.0,50.0,10.0,46.0,87.0,11.0,26.0,6.0,17.0,18.0,28.0,28.0,20.0,53.0,30.0,1.0,2.0,0.2112,2.0,,,13.0,,,
14289002,2026-02-23,20:15:00,Famalicão,Casa Pia,True,2,0,62.0,1.93,3.0,24.0,2.0,7.0,17.0,453.0,14.0,17.0,3.0,7.0,0.0,6.0,11.0,17.0,7.0,2.0,1.0,1.0,32.0,2.0,1.0,377.0,17.0,67.0,96.0,140.0,26.0,46.0,8.0,23.0,46.0,4.0,33.0,67.0,14.0,36.0,3.0,12.0,9.0,14.0,14.0,9.0,52.0,26.0,1.0,2.0,0.1755,0.0,0.0,1.0,8.0,,,
14289002,2026-02-23,20:15:00,Casa Pia,Famalicão,False,0,2,38.0,0.37,0.0,7.0,5.0,7.0,17.0,267.0,13.0,17.0,2.0,1.0,2.0,5.0,1.0,5.0,2.0,0.0,0.0,0.0,18.0,3.0,2.0,181.0,20.0,41.0,33.0,72.0,24.0,54.0,5.0,23.0,54.0,8.0,34.0,67.0,22.0,36.0,4.0,10.0,3.0,13.0,13.0,13.0,54.0,28.0,2.0,5.0,-0.4202,2.0,1.0,0.0,7.0,,,
14288806,2026-02-27,18:45:00,FC Porto,FC Arouca,True,3,1,57.0,3.34,5.0,20.0,0.0,5.0,11.0,481.0,17.0,13.0,0.0,7.0,1.0,6.0,7.0,12.0,8.0,3.0,2.0,1.0,28.0,2.0,2.0,416.0,29.0,51.0,85.0,123.0,12.0,31.0,3.0,22.0,49.0,7.0,37.0,78.0,14.0,26.0,7.0,26.0,11.0,17.0,17.0,12.0,46.0,9.0,1.0,0.0,-0.9625,,1.0,0.0,3.0,,,
14288806,2026-02-27,18:45:00,FC Arouca,FC Porto,False,1,3,43.0,0.26,0.0,7.0,4.0,1.0,14.0,372.0,26.0,11.0,2.0,1.0,1.0,5.0,1.0,3.0,4.0,0.0,0.0,0.0,4.0,0.0,0.0,305.0,12.0,20.0,23.0,36.0,19.0,49.0,3.0,8.0,51.0,13.0,41.0,78.0,12.0,26.0,5.0,9.0,14.0,26.0,26.0,12.0,51.0,32.0,0.0,4.0,0.1773,,0.0,3.0,9.0,,,
14288804,2026-02-27,20:45:00,Sporting CP,Estoril Praia,True,3,0,53.0,2.45,4.0,14.0,3.0,4.0,9.0,523.0,25.0,16.0,2.0,7.0,0.0,5.0,2.0,12.0,2.0,3.0,1.0,1.0,29.0,2.0,1.0,455.0,14.0,59.0,97.0,128.0,27.0,50.0,3.0,15.0,65.0,8.0,50.0,78.0,10.0,15.0,9.0,17.0,18.0,25.0,25.0,10.0,53.0,17.0,0.0,3.0,0.5937,2.0,,,6.0,,,
14288804,2026-02-27,20:45:00,Estoril Praia,Sporting CP,False,0,3,47.0,0.61,0.0,7.0,4.0,1.0,16.0,464.0,16.0,9.0,3.0,3.0,0.0,4.0,0.0,5.0,2.0,0.0,0.0,0.0,13.0,2.0,3.0,402.0,21.0,40.0,98.0,127.0,19.0,30.0,1.0,10.0,35.0,12.0,28.0,78.0,5.0,15.0,4.0,17.0,9.0,16.0,16.0,6.0,48.0,28.0,1.0,4.0,-1.3781,0.0,,,8.0,,,
14288811,2026-02-28,15:30:00,AVS - Futebol SAD,CF Estrela Amadora,True,0,0,40.0,0.76,1.0,11.0,6.0,7.0,17.0,276.0,17.0,9.0,3.0,3.0,0.0,5.0,3.0,7.0,4.0,,1.0,,21.0,0.0,4.0,187.0,33.0,64.0,65.0,116.0,15.0,59.0,4.0,20.0,41.0,7.0,28.0,72.0,21.0,47.0,4.0,10.0,11.0,17.0,17.0,6.0,46.0,31.0,1.0,6.0,0.4994,0.0,,3.0,10.0,,,
14288811,2026-02-28,15:30:00,CF Estrela Amadora,AVS - Futebol SAD,False,0,0,60.0,0.77,2.0,16.0,3.0,9.0,9.0,425.0,13.0,17.0,1.0,6.0,1.0,4.0,6.0,8.0,8.0,,2.0,,16.0,3.0,3.0,335.0,13.0,59.0,62.0,100.0,31.0,63.0,5.0,30.0,59.0,9.0,44.0,72.0,26.0,47.0,14.0,22.0,8.0,13.0,13.0,11.0,48.0,31.0,0.0,3.0,1.0081,1.0,,3.0,9.0,,,
14288809,2026-02-28,18:00:00,CD Nacional,Sporting Braga,True,1,2,37.0,1.08,2.0,14.0,6.0,3.0,15.0,346.0,13.0,15.0,2.0,5.0,2.0,3.0,6.0,10.0,4.0,1.0,1.0,1.0,24.0,2.0,0.0,253.0,20.0,63.0,41.0,98.0,27.0,72.0,4.0,11.0,44.0,6.0,34.0,70.0,12.0,34.0,7.0,15.0,6.0,13.0,13.0,7.0,46.0,20.0,0.0,6.0,1.2302,1.0,,,9.0,,,
14288809,2026-02-28,18:00:00,Sporting Braga,CD Nacional,False,2,1,63.0,2.46,1.0,20.0,4.0,6.0,15.0,586.0,14.0,14.0,3.0,8.0,2.0,7.0,5.0,15.0,5.0,1.0,0.0,0.0,36.0,4.0,1.0,499.0,19.0,63.0,126.0,162.0,21.0,49.0,6.0,19.0,56.0,7.0,36.0,70.0,22.0,34.0,8.0,14.0,9.0,14.0,14.0,10.0,53.0,22.0,1.0,4.0,0.2827,0.0,,,4.0,,,
14288805,2026-02-28,20:30:00,Vitória SC,FC Alverca,True,1,1,53.0,1.5,3.0,15.0,4.0,0.0,16.0,446.0,17.0,5.0,1.0,6.0,0.0,6.0,3.0,10.0,5.0,1.0,2.0,,21.0,2.0,4.0,386.0,22.0,57.0,91.0,124.0,10.0,34.0,3.0,17.0,40.0,12.0,29.0,76.0,13.0,28.0,8.0,17.0,10.0,17.0,17.0,12.0,49.0,20.0,2.0,4.0,1.3598,2.0,2.0,2.0,4.0,,,
14288805,2026-02-28,20:30:00,FC Alverca,Vitória SC,False,1,1,47.0,1.97,3.0,11.0,5.0,11.0,5.0,390.0,21.0,16.0,2.0,5.0,1.0,2.0,4.0,8.0,3.0,1.0,2.0,,27.0,4.0,1.0,318.0,19.0,48.0,61.0,93.0,30.0,60.0,6.0,27.0,60.0,10.0,47.0,76.0,15.0,28.0,11.0,18.0,9.0,21.0,21.0,10.0,43.0,19.0,0.0,5.0,-0.0428,0.0,1.0,1.0,9.0,,,
14288808,2026-03-01,15:30:00,Tondela,Santa Clara,True,2,2,42.0,1.62,2.0,11.0,1.0,4.0,15.0,266.0,18.0,14.0,3.0,4.0,0.0,5.0,2.0,8.0,3.0,1.0,1.0,,21.0,3.0,0.0,189.0,14.0,45.0,49.0,84.0,20.0,45.0,5.0,10.0,49.0,6.0,33.0,68.0,23.0,46.0,2.0,9.0,10.0,18.0,18.0,4.0,28.0,32.0,0.0,1.0,-0.8248,,2.0,,12.0,,,
14288808,2026-03-01,15:30:00,Santa Clara,Tondela,False,2,2,58.0,1.68,2.0,17.0,2.0,7.0,15.0,353.0,13.0,14.0,2.0,3.0,0.0,9.0,5.0,9.0,8.0,1.0,1.0,,28.0,3.0,1.0,292.0,27.0,45.0,61.0,92.0,13.0,33.0,6.0,28.0,51.0,6.0,35.0,68.0,23.0,46.0,7.0,19.0,6.0,13.0,13.0,5.0,32.0,26.0,1.0,2.0,-0.6781,,0.0,,6.0,,,
14288812,2026-03-01,18:00:00,Casa Pia,Moreirense,True,1,1,37.0,1.17,2.0,7.0,5.0,1.0,22.0,290.0,15.0,11.0,2.0,2.0,0.0,3.0,2.0,5.0,2.0,1.0,1.0,3.0,15.0,2.0,,214.0,10.0,58.0,45.0,89.0,31.0,70.0,5.0,15.0,47.0,8.0,31.0,74.0,23.0,40.0,4.0,11.0,7.0,15.0,15.0,5.0,48.0,28.0,1.0,5.0,0.6139,1.0,2.0,1.0,8.0,,,0.0
14288812,2026-03-01,18:00:00,Moreirense,Casa Pia,False,1,1,63.0,1.57,3.0,12.0,1.0,7.0,12.0,513.0,15.0,21.0,3.0,6.0,0.0,3.0,3.0,10.0,2.0,1.0,2.0,0.0,24.0,7.0,,445.0,15.0,53.0,70.0,99.0,23.0,49.0,6.0,26.0,53.0,8.0,43.0,74.0,17.0,40.0,7.0,14.0,10.0,15.0,15.0,7.0,44.0,22.0,0.0,1.0,0.3902,1.0,1.0,1.0,7.0,,,1.0
14288807,2026-03-01,20:30:00,Rio Ave,Famalicão,True,0,0,46.0,1.03,1.0,16.0,3.0,5.0,19.0,335.0,17.0,15.0,4.0,4.0,0.0,8.0,4.0,7.0,9.0,,1.0,,25.0,3.0,1.0,261.0,21.0,52.0,52.0,86.0,19.0,54.0,6.0,19.0,51.0,13.0,42.0,95.0,24.0,35.0,10.0,22.0,8.0,17.0,17.0,11.0,59.0,30.0,1.0,3.0,0.1529,0.0,1.0,,4.0,,,
14288807,2026-03-01,20:30:00,Famalicão,Rio Ave,False,0,0,54.0,0.85,1.0,10.0,4.0,5.0,15.0,401.0,25.0,19.0,2.0,4.0,1.0,3.0,3.0,6.0,4.0,,1.0,,29.0,2.0,0.0,313.0,26.0,46.0,61.0,100.0,31.0,64.0,2.0,17.0,49.0,8.0,53.0,95.0,11.0,35.0,9.0,18.0,15.0,25.0,25.0,19.0,48.0,25.0,1.0,4.0,0.7724,1.0,0.0,,9.0,,,
14288810,2026-03-02,20:15:00,Gil Vicente,Benfica,True,1,2,49.0,0.88,1.0,13.0,1.0,5.0,16.0,383.0,17.0,12.0,2.0,5.0,1.0,7.0,1.0,5.0,8.0,1.0,0.0,,17.0,0.0,2.0,309.0,18.0,31.0,57.0,88.0,24.0,50.0,5.0,17.0,51.0,3.0,44.0,79.0,16.0,39.0,17.0,25.0,12.0,17.0,17.0,14.0,53.0,31.0,,1.0,-1.1558,0.0,1.0,,9.0,1.0,,
14288810,2026-03-02,20:15:00,Benfica,Gil Vicente,False,2,1,51.0,0.75,1.0,10.0,4.0,3.0,12.0,404.0,11.0,16.0,3.0,3.0,1.0,5.0,2.0,6.0,4.0,1.0,1.0,,32.0,1.0,0.0,308.0,24.0,54.0,91.0,149.0,19.0,50.0,3.0,11.0,49.0,9.0,35.0,79.0,23.0,39.0,9.0,17.0,5.0,11.0,11.0,6.0,48.0,16.0,,4.0,0.2637,3.0,0.0,,10.0,0.0,,
14288815,2026-03-06,20:15:00,Famalicão,FC Arouca,True,1,0,55.0,1.0,2.0,12.0,4.0,5.0,12.0,446.0,18.0,16.0,1.0,6.0,0.0,6.0,1.0,8.0,4.0,,2.0,1.0,31.0,1.0,5.0,377.0,20.0,52.0,86.0,125.0,31.0,50.0,7.0,29.0,54.0,4.0,39.0,62.0,11.0,30.0,5.0,11.0,11.0,18.0,18.0,10.0,44.0,13.0,1.0,4.0,0.7391,0.0,0.0,,6.0,,,
14288815,2026-03-06,20:15:00,FC Arouca,Famalicão,False,0,1,45.0,0.9,1.0,10.0,5.0,1.0,16.0,388.0,10.0,12.0,1.0,4.0,0.0,4.0,2.0,6.0,4.0,,1.0,1.0,17.0,0.0,2.0,327.0,25.0,42.0,47.0,73.0,30.0,51.0,3.0,7.0,46.0,8.0,23.0,62.0,19.0,30.0,2.0,12.0,8.0,10.0,10.0,9.0,38.0,41.0,0.0,5.0,0.0148,3.0,1.0,,11.0,,,
14288813,2026-03-07,15:30:00,FC Alverca,AVS - Futebol SAD,True,0,0,69.0,0.92,1.0,17.0,2.0,8.0,7.0,480.0,11.0,13.0,1.0,2.0,1.0,10.0,5.0,10.0,7.0,,1.0,1.0,34.0,4.0,0.0,404.0,42.0,64.0,99.0,131.0,22.0,47.0,9.0,39.0,45.0,17.0,38.0,76.0,16.0,45.0,14.0,29.0,6.0,11.0,11.0,7.0,45.0,21.0,3.0,2.0,0.0489,1.0,0.0,0.0,10.0,,,
14288813,2026-03-07,15:30:00,AVS - Futebol SAD,FC Alverca,False,0,0,31.0,0.41,1.0,12.0,3.0,0.0,13.0,228.0,32.0,7.0,3.0,2.0,1.0,6.0,4.0,5.0,7.0,,1.0,1.0,8.0,0.0,2.0,149.0,13.0,46.0,29.0,66.0,23.0,52.0,2.0,7.0,55.0,6.0,38.0,76.0,29.0,45.0,2.0,7.0,19.0,32.0,32.0,7.0,52.0,48.0,1.0,3.0,0.1416,1.0,2.0,1.0,16.0,,,
14288819,2026-03-07,15:30:00,Moreirense,CD Nacional,True,1,1,46.0,0.94,1.0,7.0,6.0,4.0,13.0,381.0,9.0,13.0,4.0,2.0,0.0,4.0,1.0,7.0,0.0,1.0,0.0,1.0,21.0,1.0,0.0,308.0,15.0,38.0,43.0,72.0,20.0,54.0,3.0,15.0,45.0,10.0,33.0,72.0,10.0,23.0,11.0,21.0,9.0,9.0,9.0,11.0,51.0,44.0,2.0,6.0,0.7062,,,,8.0,,,
14288819,2026-03-07,15:30:00,CD Nacional,Moreirense,False,1,1,54.0,1.41,3.0,20.0,1.0,7.0,13.0,435.0,20.0,13.0,2.0,7.0,0.0,7.0,6.0,14.0,6.0,0.0,3.0,0.0,26.0,3.0,2.0,348.0,22.0,71.0,84.0,139.0,16.0,50.0,6.0,28.0,55.0,4.0,39.0,72.0,13.0,23.0,6.0,11.0,13.0,20.0,20.0,7.0,53.0,8.0,0.0,1.0,-0.2112,,,,10.0,,,
14288821,2026-03-07,18:00:00,Sporting Braga,Sporting CP,True,2,2,66.0,1.56,2.0,10.0,3.0,6.0,17.0,659.0,14.0,12.0,3.0,3.0,0.0,3.0,4.0,7.0,3.0,2.0,0.0,0.0,26.0,3.0,1.0,598.0,12.0,68.0,153.0,186.0,22.0,39.0,3.0,16.0,49.0,2.0,33.0,63.0,7.0,18.0,7.0,15.0,10.0,14.0,14.0,10.0,37.0,16.0,,3.0,0.426,,,,6.0,,,
14288821,2026-03-07,18:00:00,Sporting CP,Sporting Braga,False,2,2,34.0,1.9,2.0,14.0,1.0,5.0,13.0,343.0,10.0,16.0,3.0,5.0,0.0,6.0,3.0,8.0,6.0,1.0,1.0,1.0,23.0,3.0,1.0,288.0,14.0,32.0,53.0,76.0,21.0,41.0,4.0,8.0,51.0,4.0,30.0,63.0,11.0,18.0,7.0,17.0,6.0,10.0,10.0,10.0,37.0,16.0,,1.0,-0.3573,,,,5.0,,,
14288814,2026-03-07,20:30:00,Estoril Praia,Casa Pia,True,0,0,64.0,0.67,1.0,9.0,2.0,4.0,10.0,545.0,12.0,12.0,2.0,1.0,0.0,6.0,2.0,2.0,7.0,,1.0,,12.0,3.0,1.0,476.0,14.0,49.0,77.0,111.0,14.0,48.0,1.0,12.0,53.0,11.0,37.0,71.0,15.0,28.0,13.0,20.0,7.0,12.0,12.0,10.0,55.0,22.0,0.0,2.0,0.0545,0.0,0.0,,10.0,,,
14288814,2026-03-07,20:30:00,Casa Pia,Estoril Praia,False,0,0,36.0,1.44,2.0,9.0,1.0,5.0,12.0,295.0,18.0,10.0,2.0,2.0,1.0,5.0,2.0,3.0,6.0,,2.0,,14.0,1.0,2.0,230.0,17.0,49.0,42.0,78.0,24.0,55.0,5.0,23.0,47.0,6.0,34.0,71.0,13.0,28.0,6.0,12.0,10.0,18.0,18.0,7.0,46.0,29.0,1.0,1.0,0.5124,1.0,2.0,,11.0,,,
14288818,2026-03-08,15:30:00,CF Estrela Amadora,Gil Vicente,True,2,2,47.0,1.22,4.0,9.0,4.0,0.0,16.0,372.0,20.0,17.0,1.0,5.0,0.0,2.0,2.0,6.0,3.0,2.0,2.0,,10.0,2.0,7.0,306.0,17.0,38.0,27.0,53.0,25.0,63.0,0.0,6.0,57.0,9.0,41.0,76.0,20.0,31.0,6.0,11.0,13.0,20.0,20.0,10.0,44.0,34.0,,4.0,-0.1009,,,2.0,9.0,,,
14288818,2026-03-08,15:30:00,Gil Vicente,CF Estrela Amadora,False,2,2,53.0,1.91,2.0,19.0,3.0,8.0,17.0,396.0,14.0,15.0,2.0,6.0,0.0,6.0,7.0,11.0,8.0,2.0,0.0,,33.0,4.0,0.0,334.0,18.0,53.0,107.0,146.0,15.0,28.0,5.0,24.0,43.0,10.0,35.0,76.0,11.0,31.0,6.0,16.0,7.0,14.0,14.0,7.0,46.0,9.0,,3.0,-0.3807,,,0.0,3.0,,,
14288822,2026-03-08,18:00:00,Benfica,FC Porto,True,2,2,60.0,1.23,2.0,20.0,4.0,8.0,11.0,444.0,20.0,17.0,3.0,6.0,1.0,5.0,9.0,12.0,8.0,2.0,0.0,0.0,37.0,4.0,0.0,364.0,20.0,59.0,121.0,158.0,14.0,36.0,5.0,30.0,53.0,12.0,48.0,93.0,13.0,23.0,12.0,24.0,11.0,20.0,20.0,7.0,49.0,10.0,,4.0,0.2518,2.0,0.0,0.0,6.0,1.0,,
14288822,2026-03-08,18:00:00,FC Porto,Benfica,False,2,2,40.0,2.12,3.0,14.0,5.0,2.0,17.0,313.0,24.0,11.0,7.0,6.0,0.0,4.0,4.0,7.0,7.0,2.0,1.0,1.0,19.0,2.0,1.0,237.0,17.0,32.0,43.0,67.0,14.0,47.0,3.0,7.0,47.0,13.0,45.0,93.0,10.0,23.0,10.0,17.0,12.0,24.0,24.0,17.0,53.0,44.0,,5.0,-0.2142,1.0,1.0,3.0,6.0,0.0,,
14288820,2026-03-08,20:30:00,Santa Clara,Vitória SC,True,2,0,39.0,0.78,2.0,6.0,5.0,2.0,26.0,296.0,21.0,15.0,3.0,4.0,1.0,1.0,1.0,5.0,1.0,1.0,1.0,,16.0,0.0,0.0,194.0,24.0,70.0,61.0,104.0,31.0,82.0,1.0,10.0,46.0,9.0,41.0,95.0,21.0,39.0,5.0,10.0,12.0,21.0,21.0,11.0,52.0,37.0,1.0,5.0,1.0279,2.0,2.0,,9.0,,,
14288820,2026-03-08,20:30:00,Vitória SC,Santa Clara,False,0,2,61.0,0.99,1.0,14.0,2.0,4.0,15.0,459.0,14.0,26.0,2.0,6.0,0.0,5.0,3.0,6.0,8.0,0.0,1.0,,23.0,7.0,4.0,355.0,26.0,73.0,95.0,141.0,16.0,54.0,3.0,18.0,54.0,6.0,54.0,95.0,18.0,39.0,16.0,31.0,11.0,14.0,14.0,5.0,47.0,23.0,1.0,2.0,-0.8035,0.0,0.0,,7.0,,,
14288816,2026-03-09,20:15:00,Tondela,Rio Ave,True,0,1,47.0,0.69,1.0,6.0,1.0,3.0,15.0,408.0,23.0,14.0,0.0,2.0,2.0,3.0,1.0,5.0,1.0,0.0,1.0,0.0,13.0,3.0,0.0,323.0,27.0,44.0,39.0,74.0,24.0,51.0,5.0,16.0,51.0,7.0,45.0,81.0,10.0,26.0,10.0,18.0,15.0,23.0,23.0,9.0,54.0,12.0,,1.0,-0.653,,0.0,0.0,7.0,,,
14288816,2026-03-09,20:15:00,Rio Ave,Tondela,False,1,0,53.0,1.23,2.0,9.0,2.0,2.0,14.0,461.0,15.0,14.0,5.0,2.0,2.0,5.0,2.0,7.0,2.0,1.0,1.0,2.0,14.0,3.0,1.0,389.0,19.0,64.0,95.0,142.0,22.0,47.0,1.0,9.0,49.0,15.0,36.0,81.0,16.0,26.0,10.0,18.0,9.0,15.0,15.0,14.0,52.0,21.0,,2.0,0.5518,,4.0,1.0,4.0,,,
14288826,2026-03-14,15:30:00,Vitória SC,Famalicão,True,1,2,44.0,0.49,0.0,12.0,1.0,3.0,22.0,361.0,16.0,13.0,1.0,6.0,0.0,4.0,2.0,7.0,5.0,0.0,0.0,,16.0,4.0,0.0,301.0,18.0,55.0,60.0,89.0,14.0,28.0,2.0,16.0,49.0,4.0,37.0,80.0,17.0,30.0,9.0,19.0,9.0,16.0,16.0,12.0,39.0,37.0,,1.0,-0.8296,0.0,,,8.0,,,
14288826,2026-03-14,15:30:00,Famalicão,Vitória SC,False,2,1,56.0,1.4,3.0,13.0,5.0,11.0,13.0,458.0,14.0,22.0,1.0,3.0,1.0,6.0,4.0,8.0,5.0,2.0,1.0,,29.0,4.0,2.0,386.0,14.0,43.0,75.0,108.0,31.0,52.0,4.0,23.0,51.0,13.0,43.0,80.0,13.0,30.0,7.0,10.0,10.0,14.0,14.0,8.0,46.0,24.0,,5.0,0.1759,2.0,,,5.0,,,
14288825,2026-03-14,18:00:00,Gil Vicente,FC Alverca,True,2,2,51.0,0.81,1.0,10.0,4.0,3.0,15.0,419.0,18.0,8.0,3.0,6.0,1.0,3.0,1.0,8.0,2.0,0.0,1.0,1.0,15.0,1.0,2.0,355.0,12.0,50.0,78.0,115.0,20.0,44.0,3.0,10.0,44.0,10.0,29.0,65.0,12.0,28.0,3.0,10.0,16.0,18.0,18.0,7.0,46.0,21.0,1.0,4.0,-0.0909,1.0,1.0,1.0,7.0,1.0,,
14288825,2026-03-14,18:00:00,FC Alverca,Gil Vicente,False,2,2,49.0,1.98,3.0,17.0,4.0,7.0,8.0,388.0,17.0,15.0,1.0,6.0,1.0,8.0,3.0,10.0,7.0,1.0,2.0,0.0,22.0,1.0,2.0,318.0,25.0,42.0,49.0,74.0,25.0,55.0,4.0,16.0,56.0,7.0,36.0,65.0,16.0,28.0,4.0,15.0,9.0,17.0,17.0,5.0,41.0,26.0,1.0,4.0,-0.6229,1.0,0.0,0.0,5.0,0.0,,
14288830,2026-03-14,20:30:00,FC Arouca,Benfica,True,1,2,39.0,2.4,4.0,12.0,3.0,2.0,17.0,296.0,13.0,10.0,5.0,6.0,0.0,3.0,3.0,10.0,2.0,1.0,3.0,,14.0,2.0,0.0,226.0,13.0,36.0,29.0,54.0,13.0,42.0,7.0,11.0,41.0,9.0,30.0,75.0,11.0,25.0,7.0,16.0,7.0,13.0,13.0,7.0,39.0,31.0,,3.0,-0.6154,1.0,0.0,0.0,18.0,,1.0,
14288830,2026-03-14,20:30:00,Benfica,FC Arouca,False,2,1,61.0,2.1,4.0,22.0,5.0,15.0,11.0,445.0,18.0,17.0,6.0,5.0,0.0,9.0,8.0,17.0,5.0,2.0,2.0,,49.0,4.0,5.0,373.0,22.0,67.0,99.0,138.0,26.0,49.0,11.0,33.0,59.0,5.0,45.0,75.0,14.0,25.0,11.0,19.0,10.0,18.0,18.0,8.0,46.0,11.0,,5.0,1.9988,2.0,2.0,1.0,4.0,,1.0,
14288829,2026-03-15,15:30:00,AVS - Futebol SAD,Santa Clara,True,0,1,45.0,0.23,0.0,10.0,2.0,4.0,16.0,314.0,15.0,10.0,2.0,2.0,0.0,5.0,3.0,4.0,6.0,,0.0,0.0,9.0,1.0,0.0,229.0,22.0,61.0,50.0,99.0,22.0,58.0,6.0,15.0,47.0,5.0,26.0,58.0,18.0,35.0,3.0,10.0,10.0,15.0,15.0,12.0,51.0,45.0,,2.0,-0.1583,,,1.0,11.0,,1.0,
14288829,2026-03-15,15:30:00,Santa Clara,AVS - Futebol SAD,False,1,0,55.0,1.4,1.0,12.0,2.0,6.0,10.0,367.0,12.0,16.0,1.0,3.0,1.0,5.0,4.0,6.0,6.0,,1.0,1.0,18.0,3.0,3.0,294.0,26.0,43.0,64.0,91.0,23.0,55.0,2.0,24.0,53.0,7.0,32.0,58.0,17.0,35.0,6.0,14.0,10.0,12.0,12.0,8.0,50.0,40.0,,2.0,0.2183,,,2.0,9.0,,0.0,
14288823,2026-03-15,15:30:00,CD Nacional,Estoril Praia,True,0,1,55.0,0.76,1.0,16.0,1.0,5.0,16.0,401.0,20.0,13.0,5.0,4.0,0.0,9.0,3.0,8.0,8.0,0.0,1.0,,26.0,1.0,3.0,297.0,26.0,60.0,80.0,136.0,29.0,66.0,12.0,30.0,51.0,7.0,39.0,80.0,25.0,46.0,8.0,15.0,14.0,20.0,20.0,12.0,61.0,15.0,1.0,1.0,-0.635,0.0,,0.0,7.0,1.0,,
14288823,2026-03-15,15:30:00,Estoril Praia,CD Nacional,False,1,0,45.0,1.13,3.0,11.0,4.0,4.0,13.0,349.0,14.0,16.0,3.0,2.0,0.0,6.0,3.0,8.0,3.0,1.0,2.0,,16.0,0.0,1.0,265.0,20.0,53.0,56.0,93.0,21.0,62.0,2.0,9.0,49.0,9.0,41.0,80.0,21.0,46.0,11.0,22.0,11.0,14.0,14.0,8.0,56.0,46.0,0.0,4.0,0.7665,1.0,,1.0,13.0,0.0,,
14288824,2026-03-15,18:00:00,Rio Ave,CF Estrela Amadora,True,2,1,45.0,2.64,6.0,18.0,2.0,10.0,16.0,360.0,14.0,12.0,4.0,6.0,1.0,3.0,9.0,13.0,5.0,2.0,4.0,1.0,25.0,3.0,0.0,296.0,14.0,58.0,74.0,107.0,14.0,52.0,4.0,25.0,42.0,6.0,31.0,74.0,6.0,15.0,6.0,19.0,9.0,14.0,14.0,15.0,59.0,22.0,0.0,2.0,-0.543,,,,11.0,0.0,,
14288824,2026-03-15,18:00:00,CF Estrela Amadora,Rio Ave,False,1,2,55.0,1.35,1.0,11.0,4.0,4.0,12.0,463.0,19.0,16.0,2.0,3.0,0.0,6.0,2.0,5.0,6.0,1.0,0.0,0.0,16.0,5.0,1.0,391.0,20.0,63.0,73.0,116.0,31.0,57.0,5.0,19.0,58.0,11.0,43.0,74.0,9.0,15.0,8.0,11.0,10.0,19.0,19.0,7.0,55.0,41.0,1.0,4.0,1.18,,,,8.0,1.0,,
14288827,2026-03-15,20:30:00,FC Porto,Moreirense,True,3,0,58.0,2.35,6.0,17.0,2.0,4.0,14.0,552.0,17.0,15.0,1.0,9.0,0.0,5.0,3.0,10.0,7.0,1.0,5.0,,18.0,2.0,2.0,483.0,14.0,51.0,98.0,134.0,15.0,28.0,2.0,11.0,53.0,9.0,39.0,78.0,11.0,17.0,8.0,14.0,14.0,17.0,17.0,7.0,50.0,4.0,0.0,2.0,0.0729,0.0,,,5.0,0.0,,
14288827,2026-03-15,20:30:00,Moreirense,FC Porto,False,0,3,42.0,0.14,0.0,3.0,6.0,1.0,15.0,409.0,15.0,14.0,1.0,2.0,1.0,1.0,0.0,1.0,2.0,0.0,0.0,,4.0,0.0,1.0,341.0,13.0,23.0,43.0,56.0,24.0,55.0,1.0,4.0,47.0,10.0,39.0,78.0,6.0,17.0,10.0,17.0,8.0,15.0,15.0,16.0,47.0,15.0,5.0,6.0,1.6503,1.0,,,12.0,2.0,,
14288828,2026-04-23,18:00:00,Casa Pia,Sporting Braga,True,0,1,31.0,0.49,1.0,7.0,1.0,4.0,9.0,312.0,13.0,9.0,2.0,1.0,0.0,4.0,2.0,2.0,5.0,0.0,1.0,,15.0,0.0,3.0,221.0,22.0,47.0,46.0,88.0,19.0,63.0,0.0,14.0,43.0,6.0,25.0,49.0,13.0,39.0,3.0,8.0,8.0,13.0,13.0,11.0,45.0,15.0,,1.0,-0.4159,0.0,1.0,1.0,8.0,,,
14288828,2026-04-23,18:00:00,Sporting Braga,Casa Pia,False,1,0,69.0,0.48,1.0,8.0,1.0,5.0,9.0,731.0,11.0,9.0,3.0,2.0,0.0,4.0,2.0,2.0,6.0,1.0,0.0,,18.0,2.0,2.0,639.0,18.0,91.0,104.0,150.0,16.0,49.0,2.0,12.0,57.0,7.0,24.0,49.0,26.0,39.0,4.0,10.0,7.0,11.0,11.0,3.0,53.0,25.0,,1.0,0.274,1.0,0.0,3.0,8.0,,,
16033937,2026-04-29,19:15:00,Sporting CP,Tondela,True,2,2,64.0,1.9,1.0,16.0,1.0,5.0,16.0,707.0,16.0,8.0,2.0,5.0,0.0,6.0,5.0,15.0,1.0,,1.0,5.0,37.0,2.0,4.0,636.0,13.0,82.0,238.0,279.0,21.0,35.0,1.0,11.0,43.0,12.0,38.0,88.0,4.0,9.0,14.0,30.0,8.0,16.0,16.0,9.0,57.0,7.0,1.0,1.0,-0.64,1.0,1.0,1.0,8.0,,,1.0
16033937,2026-04-29,19:15:00,Tondela,Sporting CP,False,2,2,36.0,1.27,2.0,9.0,4.0,5.0,8.0,382.0,28.0,15.0,3.0,2.0,0.0,6.0,1.0,6.0,3.0,,2.0,0.0,14.0,5.0,2.0,310.0,7.0,45.0,82.0,107.0,12.0,45.0,6.0,19.0,57.0,9.0,50.0,88.0,5.0,9.0,6.0,13.0,14.0,28.0,28.0,7.0,55.0,24.0,2.0,4.0,-0.5912,2.0,1.0,0.0,9.0,,,0.0
14288833,2026-03-20,20:15:00,CF Estrela Amadora,Casa Pia,True,4,0,53.0,3.69,6.0,23.0,2.0,6.0,18.0,413.0,13.0,19.0,3.0,8.0,0.0,12.0,3.0,15.0,8.0,4.0,2.0,1.0,31.0,4.0,3.0,334.0,12.0,49.0,67.0,100.0,13.0,50.0,5.0,10.0,53.0,10.0,39.0,78.0,19.0,32.0,6.0,12.0,11.0,13.0,13.0,14.0,63.0,16.0,0.0,2.0,0.2843,1.0,,,9.0,0.0,,
14288833,2026-03-20,20:15:00,Casa Pia,CF Estrela Amadora,False,0,4,47.0,0.65,1.0,8.0,4.0,1.0,20.0,359.0,16.0,18.0,2.0,2.0,0.0,6.0,0.0,3.0,5.0,0.0,1.0,1.0,9.0,3.0,1.0,275.0,19.0,42.0,46.0,82.0,17.0,40.0,2.0,12.0,47.0,7.0,39.0,78.0,13.0,32.0,5.0,11.0,9.0,16.0,16.0,11.0,47.0,18.0,3.0,4.0,-1.0931,1.0,,,13.0,2.0,,
14288837,2026-03-21,15:30:00,Famalicão,CD Nacional,True,1,0,54.0,1.73,3.0,14.0,6.0,7.0,13.0,428.0,18.0,18.0,3.0,4.0,0.0,6.0,4.0,9.0,5.0,1.0,2.0,1.0,17.0,4.0,1.0,359.0,22.0,55.0,70.0,108.0,25.0,49.0,6.0,20.0,54.0,11.0,40.0,77.0,14.0,23.0,5.0,15.0,10.0,18.0,18.0,6.0,45.0,23.0,,6.0,1.3208,3.0,0.0,0.0,6.0,,,
14288837,2026-03-21,15:30:00,CD Nacional,Famalicão,False,0,1,46.0,0.51,1.0,9.0,3.0,6.0,18.0,361.0,21.0,13.0,3.0,6.0,0.0,3.0,1.0,3.0,6.0,0.0,1.0,0.0,8.0,2.0,1.0,303.0,18.0,54.0,75.0,105.0,21.0,52.0,1.0,20.0,46.0,9.0,37.0,77.0,9.0,23.0,4.0,13.0,16.0,21.0,21.0,11.0,47.0,34.0,,3.0,1.2103,1.0,1.0,2.0,9.0,,,
14288834,2026-03-21,15:30:00,Moreirense,FC Arouca,True,0,1,49.0,0.58,1.0,7.0,1.0,3.0,11.0,427.0,12.0,12.0,1.0,2.0,1.0,3.0,2.0,3.0,4.0,0.0,1.0,,17.0,2.0,0.0,359.0,22.0,44.0,56.0,86.0,22.0,48.0,4.0,22.0,49.0,5.0,28.0,56.0,14.0,29.0,5.0,10.0,10.0,12.0,12.0,7.0,40.0,23.0,2.0,1.0,0.159,1.0,,,12.0,1.0,,
14288834,2026-03-21,15:30:00,FC Arouca,Moreirense,False,1,0,51.0,1.96,3.0,14.0,2.0,7.0,12.0,441.0,10.0,11.0,2.0,2.0,0.0,8.0,4.0,9.0,5.0,1.0,2.0,,10.0,2.0,3.0,371.0,19.0,40.0,38.0,66.0,27.0,52.0,5.0,24.0,51.0,3.0,28.0,56.0,15.0,29.0,7.0,16.0,8.0,10.0,10.0,5.0,50.0,25.0,0.0,2.0,0.0296,0.0,,,5.0,0.0,,
14288841,2026-03-21,18:00:00,Benfica,Vitória SC,True,3,0,49.0,2.34,6.0,12.0,2.0,4.0,15.0,448.0,18.0,15.0,0.0,4.0,0.0,5.0,3.0,9.0,3.0,2.0,4.0,1.0,25.0,2.0,0.0,383.0,16.0,45.0,72.0,98.0,16.0,37.0,1.0,11.0,48.0,9.0,38.0,74.0,3.0,11.0,5.0,14.0,11.0,18.0,18.0,8.0,39.0,21.0,0.0,2.0,0.1401,2.0,0.0,1.0,9.0,0.0,,
14288841,2026-03-21,18:00:00,Vitória SC,Benfica,False,0,3,51.0,0.75,1.0,16.0,2.0,8.0,15.0,460.0,18.0,15.0,1.0,2.0,0.0,9.0,5.0,7.0,9.0,0.0,1.0,1.0,10.0,1.0,1.0,409.0,15.0,41.0,64.0,83.0,22.0,36.0,6.0,19.0,52.0,8.0,36.0,74.0,8.0,11.0,4.0,14.0,12.0,18.0,18.0,9.0,47.0,18.0,1.0,2.0,-2.1029,1.0,2.0,2.0,5.0,2.0,,
14288838,2026-03-21,18:00:00,Santa Clara,Gil Vicente,True,1,0,54.0,0.45,1.0,8.0,0.0,6.0,15.0,366.0,19.0,17.0,1.0,3.0,0.0,2.0,3.0,1.0,7.0,,1.0,1.0,12.0,4.0,1.0,276.0,33.0,51.0,51.0,90.0,23.0,55.0,2.0,14.0,55.0,3.0,35.0,64.0,18.0,32.0,1.0,8.0,15.0,19.0,19.0,10.0,31.0,36.0,,0.0,0.0,,0.0,0.0,9.0,,,
14288838,2026-03-21,18:00:00,Gil Vicente,Santa Clara,False,0,1,46.0,0.86,1.0,8.0,2.0,6.0,17.0,308.0,10.0,15.0,2.0,0.0,0.0,6.0,2.0,5.0,3.0,,1.0,0.0,11.0,1.0,1.0,217.0,29.0,44.0,41.0,81.0,13.0,48.0,3.0,16.0,45.0,10.0,29.0,64.0,14.0,32.0,6.0,15.0,7.0,10.0,10.0,8.0,41.0,41.0,,2.0,-0.6394,,1.0,1.0,9.0,,,
14288832,2026-03-21,20:30:00,Tondela,AVS - Futebol SAD,True,0,0,60.0,0.87,1.0,14.0,2.0,7.0,12.0,431.0,18.0,15.0,0.0,3.0,2.0,7.0,4.0,11.0,3.0,,1.0,0.0,23.0,4.0,2.0,361.0,13.0,71.0,88.0,132.0,33.0,63.0,7.0,31.0,52.0,7.0,38.0,68.0,22.0,47.0,8.0,17.0,10.0,18.0,18.0,8.0,54.0,39.0,1.0,2.0,0.863,0.0,4.0,1.0,7.0,,,
14288832,2026-03-21,20:30:00,AVS - Futebol SAD,Tondela,False,0,0,40.0,0.89,1.0,10.0,3.0,6.0,15.0,296.0,16.0,12.0,2.0,2.0,0.0,5.0,3.0,6.0,4.0,,1.0,1.0,20.0,2.0,1.0,219.0,21.0,44.0,44.0,80.0,23.0,52.0,8.0,21.0,48.0,11.0,30.0,68.0,25.0,47.0,3.0,10.0,9.0,16.0,16.0,4.0,49.0,40.0,0.0,3.0,0.2244,1.0,0.0,0.0,10.0,,,
14288835,2026-03-22,15:30:00,Estoril Praia,Rio Ave,True,1,2,55.0,1.4,4.0,13.0,5.0,11.0,16.0,448.0,16.0,11.0,3.0,4.0,2.0,6.0,3.0,8.0,5.0,1.0,3.0,,31.0,2.0,1.0,366.0,22.0,56.0,103.0,140.0,34.0,61.0,8.0,29.0,45.0,2.0,33.0,72.0,15.0,34.0,6.0,21.0,12.0,16.0,16.0,8.0,46.0,37.0,,5.0,-0.13,2.0,2.0,0.0,7.0,,,
14288835,2026-03-22,15:30:00,Rio Ave,Estoril Praia,False,2,1,45.0,1.89,4.0,13.0,3.0,7.0,11.0,367.0,17.0,15.0,3.0,8.0,0.0,2.0,3.0,9.0,4.0,2.0,2.0,,19.0,5.0,3.0,287.0,20.0,67.0,68.0,113.0,29.0,62.0,4.0,18.0,55.0,4.0,39.0,72.0,19.0,34.0,9.0,21.0,13.0,17.0,17.0,8.0,43.0,37.0,,3.0,-0.749,1.0,0.0,1.0,10.0,,,
14288836,2026-03-22,18:00:00,FC Alverca,Sporting CP,True,1,4,31.0,0.82,0.0,12.0,4.0,3.0,13.0,312.0,21.0,9.0,1.0,4.0,0.0,6.0,2.0,9.0,3.0,,0.0,0.0,15.0,3.0,0.0,254.0,13.0,36.0,57.0,82.0,13.0,39.0,5.0,12.0,58.0,6.0,39.0,68.0,6.0,10.0,10.0,16.0,17.0,21.0,21.0,9.0,49.0,14.0,0.0,4.0,-2.1872,1.0,1.0,,6.0,1.0,,
14288836,2026-03-22,18:00:00,Sporting CP,FC Alverca,False,4,1,69.0,1.46,4.0,15.0,3.0,1.0,9.0,702.0,12.0,13.0,2.0,9.0,1.0,5.0,1.0,7.0,8.0,,4.0,1.0,30.0,4.0,3.0,637.0,24.0,71.0,164.0,194.0,19.0,37.0,1.0,9.0,42.0,7.0,29.0,68.0,4.0,10.0,6.0,20.0,10.0,12.0,12.0,7.0,44.0,16.0,1.0,3.0,-0.0549,0.0,0.0,,5.0,0.0,,
14288839,2026-03-22,20:30:00,Sporting Braga,FC Porto,True,1,2,62.0,0.99,1.0,6.0,1.0,3.0,12.0,493.0,13.0,14.0,4.0,1.0,0.0,3.0,2.0,4.0,2.0,1.0,0.0,,9.0,5.0,0.0,428.0,16.0,46.0,74.0,107.0,18.0,41.0,1.0,11.0,47.0,11.0,33.0,72.0,11.0,22.0,6.0,14.0,8.0,13.0,13.0,5.0,33.0,18.0,1.0,1.0,-0.6359,1.0,1.0,1.0,8.0,,,
14288839,2026-03-22,20:30:00,FC Porto,Sporting Braga,False,2,1,38.0,1.21,2.0,12.0,0.0,5.0,15.0,297.0,19.0,12.0,5.0,3.0,0.0,7.0,2.0,7.0,5.0,1.0,1.0,,16.0,3.0,2.0,237.0,19.0,41.0,39.0,68.0,11.0,37.0,3.0,13.0,53.0,7.0,39.0,72.0,11.0,22.0,8.0,14.0,12.0,19.0,19.0,7.0,35.0,22.0,0.0,0.0,-0.2405,0.0,1.0,1.0,3.0,,,
14288842,2026-04-03,14:30:00,Gil Vicente,AVS - Futebol SAD,True,3,0,59.0,2.01,4.0,16.0,3.0,3.0,8.0,488.0,14.0,15.0,2.0,6.0,0.0,7.0,3.0,10.0,6.0,2.0,2.0,2.0,29.0,2.0,1.0,423.0,18.0,44.0,82.0,118.0,15.0,47.0,7.0,17.0,49.0,11.0,33.0,65.0,15.0,32.0,5.0,17.0,7.0,14.0,14.0,5.0,43.0,22.0,0.0,3.0,0.1439,,,,3.0,0.0,,
14288842,2026-04-03,14:30:00,AVS - Futebol SAD,Gil Vicente,False,0,3,41.0,0.4,0.0,11.0,3.0,1.0,15.0,334.0,23.0,8.0,1.0,3.0,0.0,1.0,7.0,3.0,8.0,0.0,0.0,1.0,13.0,2.0,1.0,271.0,16.0,48.0,44.0,77.0,17.0,51.0,1.0,10.0,51.0,4.0,32.0,65.0,17.0,32.0,1.0,11.0,11.0,23.0,23.0,6.0,37.0,26.0,2.0,3.0,-1.4989,,,,11.0,1.0,,
14288850,2026-04-03,17:00:00,Vitória SC,Tondela,True,5,0,52.0,2.52,3.0,12.0,1.0,3.0,14.0,390.0,21.0,15.0,1.0,5.0,1.0,5.0,2.0,9.0,3.0,2.0,1.0,,22.0,3.0,1.0,327.0,18.0,34.0,64.0,84.0,18.0,44.0,4.0,15.0,51.0,5.0,42.0,75.0,11.0,29.0,5.0,12.0,11.0,21.0,21.0,7.0,45.0,17.0,,1.0,0.0663,,0.0,0.0,4.0,0.0,,
14288850,2026-04-03,17:00:00,Tondela,Vitória SC,False,0,5,48.0,0.06,0.0,3.0,1.0,1.0,17.0,375.0,12.0,14.0,1.0,1.0,0.0,2.0,0.0,1.0,3.0,0.0,0.0,,4.0,1.0,3.0,306.0,18.0,33.0,31.0,54.0,18.0,36.0,1.0,8.0,49.0,15.0,33.0,75.0,18.0,29.0,7.0,13.0,9.0,12.0,12.0,9.0,39.0,17.0,,1.0,-1.9521,,1.0,2.0,5.0,1.0,,
14288846,2026-04-03,19:30:00,Sporting CP,Santa Clara,True,4,2,71.0,2.69,5.0,22.0,2.0,9.0,12.0,546.0,20.0,21.0,4.0,8.0,1.0,5.0,9.0,16.0,6.0,3.0,2.0,3.0,39.0,6.0,0.0,498.0,11.0,51.0,145.0,171.0,16.0,24.0,7.0,25.0,55.0,11.0,47.0,88.0,13.0,21.0,6.0,14.0,13.0,20.0,20.0,6.0,34.0,18.0,1.0,2.0,-0.2901,0.0,1.0,2.0,5.0,1.0,,
14288846,2026-04-03,19:30:00,Santa Clara,Sporting CP,False,2,4,29.0,0.92,2.0,7.0,4.0,5.0,22.0,222.0,19.0,12.0,4.0,4.0,0.0,3.0,0.0,5.0,2.0,2.0,0.0,0.0,16.0,1.0,1.0,175.0,7.0,37.0,42.0,63.0,25.0,53.0,2.0,13.0,45.0,7.0,41.0,88.0,8.0,21.0,10.0,23.0,12.0,19.0,19.0,5.0,35.0,29.0,2.0,4.0,-1.277,3.0,1.0,2.0,11.0,0.0,,
14288843,2026-04-04,14:30:00,CD Nacional,CF Estrela Amadora,True,2,0,49.0,0.96,1.0,16.0,2.0,5.0,14.0,314.0,17.0,8.0,4.0,4.0,0.0,5.0,7.0,8.0,8.0,,1.0,0.0,18.0,4.0,1.0,246.0,19.0,46.0,69.0,100.0,17.0,50.0,4.0,12.0,39.0,5.0,29.0,70.0,8.0,24.0,5.0,18.0,11.0,17.0,17.0,3.0,45.0,35.0,,2.0,0.1066,,2.0,1.0,13.0,,,
14288843,2026-04-04,14:30:00,CF Estrela Amadora,CD Nacional,False,0,2,51.0,0.53,0.0,11.0,2.0,6.0,8.0,331.0,18.0,14.0,3.0,2.0,1.0,6.0,3.0,6.0,5.0,,0.0,1.0,17.0,1.0,5.0,255.0,24.0,56.0,42.0,82.0,30.0,61.0,3.0,16.0,61.0,10.0,41.0,70.0,16.0,24.0,12.0,19.0,12.0,18.0,18.0,3.0,55.0,16.0,,2.0,-1.5847,,0.0,0.0,5.0,,,
14288847,2026-04-04,17:00:00,Moreirense,Sporting Braga,True,0,1,40.0,0.4,0.0,12.0,6.0,4.0,9.0,410.0,24.0,14.0,0.0,2.0,0.0,4.0,6.0,5.0,7.0,0.0,0.0,0.0,16.0,2.0,0.0,339.0,21.0,31.0,64.0,83.0,17.0,50.0,4.0,18.0,54.0,4.0,45.0,77.0,11.0,26.0,7.0,14.0,15.0,24.0,24.0,7.0,42.0,34.0,,6.0,2.2559,2.0,,0.0,4.0,1.0,,
14288847,2026-04-04,17:00:00,Sporting Braga,Moreirense,False,1,0,60.0,1.24,2.0,10.0,2.0,9.0,14.0,637.0,11.0,9.0,3.0,7.0,2.0,1.0,2.0,7.0,3.0,1.0,1.0,1.0,25.0,2.0,2.0,561.0,22.0,61.0,104.0,141.0,16.0,49.0,6.0,17.0,46.0,14.0,32.0,77.0,15.0,26.0,12.0,22.0,7.0,11.0,11.0,6.0,44.0,16.0,,2.0,0.1293,0.0,,1.0,4.0,0.0,,
14288844,2026-04-04,17:00:00,Rio Ave,FC Alverca,True,1,2,52.0,1.47,3.0,18.0,4.0,8.0,7.0,436.0,16.0,6.0,2.0,5.0,0.0,7.0,6.0,8.0,10.0,1.0,2.0,,29.0,0.0,0.0,353.0,27.0,60.0,98.0,151.0,14.0,38.0,4.0,24.0,40.0,13.0,26.0,69.0,12.0,25.0,4.0,17.0,5.0,16.0,16.0,6.0,63.0,23.0,0.0,4.0,-0.9527,2.0,1.0,,5.0,2.0,,
14288844,2026-04-04,17:00:00,FC Alverca,Rio Ave,False,2,1,48.0,1.45,3.0,14.0,4.0,4.0,6.0,406.0,26.0,7.0,1.0,6.0,0.0,5.0,3.0,7.0,7.0,1.0,2.0,,29.0,1.0,3.0,335.0,20.0,43.0,81.0,110.0,24.0,52.0,6.0,16.0,60.0,8.0,43.0,69.0,13.0,25.0,10.0,18.0,15.0,26.0,26.0,10.0,59.0,41.0,2.0,4.0,0.252,1.0,1.0,,13.0,0.0,,
14288845,2026-04-04,19:30:00,FC Porto,Famalicão,True,2,2,51.0,0.4,0.0,8.0,4.0,4.0,20.0,419.0,6.0,14.0,5.0,3.0,0.0,2.0,3.0,5.0,3.0,0.0,0.0,0.0,29.0,1.0,2.0,352.0,23.0,53.0,82.0,119.0,14.0,29.0,1.0,17.0,46.0,14.0,33.0,87.0,20.0,29.0,13.0,21.0,3.0,6.0,6.0,9.0,45.0,20.0,,4.0,-0.2472,,,1.0,4.0,,,
14288845,2026-04-04,19:30:00,Famalicão,FC Porto,False,2,2,49.0,1.8,3.0,11.0,1.0,3.0,14.0,409.0,22.0,20.0,4.0,6.0,0.0,4.0,1.0,10.0,1.0,2.0,1.0,1.0,22.0,1.0,0.0,333.0,12.0,35.0,54.0,76.0,18.0,40.0,3.0,14.0,54.0,4.0,54.0,87.0,9.0,29.0,13.0,15.0,16.0,22.0,22.0,5.0,45.0,22.0,,1.0,-0.749,,,0.0,8.0,,,
14288849,2026-04-06,17:45:00,FC Arouca,Estoril Praia,True,3,2,46.0,1.87,6.0,12.0,1.0,3.0,13.0,417.0,14.0,18.0,3.0,4.0,0.0,7.0,1.0,9.0,3.0,2.0,4.0,1.0,18.0,0.0,2.0,341.0,14.0,66.0,57.0,97.0,25.0,63.0,5.0,14.0,51.0,2.0,32.0,61.0,12.0,26.0,3.0,11.0,2.0,14.0,14.0,13.0,41.0,23.0,0.0,1.0,-1.3829,1.0,,0.0,15.0,0.0,,
14288849,2026-04-06,17:45:00,Estoril Praia,FC Arouca,False,2,3,54.0,1.09,1.0,12.0,1.0,3.0,18.0,489.0,10.0,13.0,2.0,3.0,0.0,7.0,2.0,8.0,4.0,0.0,1.0,2.0,23.0,1.0,0.0,405.0,14.0,43.0,64.0,98.0,16.0,44.0,3.0,14.0,49.0,5.0,29.0,61.0,14.0,26.0,7.0,16.0,5.0,10.0,10.0,4.0,51.0,19.0,1.0,1.0,-0.5867,0.0,,1.0,7.0,1.0,,
14288848,2026-04-06,19:45:00,Casa Pia,Benfica,True,1,1,21.0,0.29,2.0,8.0,2.0,3.0,19.0,159.0,13.0,10.0,1.0,2.0,0.0,3.0,3.0,7.0,1.0,1.0,1.0,,10.0,0.0,0.0,72.0,18.0,37.0,20.0,56.0,18.0,53.0,0.0,11.0,43.0,7.0,24.0,65.0,22.0,41.0,3.0,11.0,6.0,13.0,13.0,10.0,34.0,46.0,1.0,2.0,0.368,1.0,1.0,4.0,12.0,,,
14288848,2026-04-06,19:45:00,Benfica,Casa Pia,False,1,1,79.0,1.93,4.0,18.0,1.0,12.0,10.0,605.0,15.0,19.0,0.0,3.0,1.0,9.0,6.0,12.0,6.0,1.0,3.0,,44.0,4.0,2.0,522.0,27.0,74.0,151.0,201.0,17.0,35.0,5.0,28.0,57.0,8.0,41.0,65.0,19.0,41.0,7.0,12.0,7.0,15.0,15.0,4.0,40.0,25.0,0.0,1.0,-0.3772,0.0,2.0,0.0,2.0,,,
14288857,2026-04-10,19:45:00,Famalicão,Moreirense,True,1,1,63.0,1.7,3.0,18.0,0.0,13.0,15.0,508.0,8.0,15.0,5.0,7.0,1.0,5.0,6.0,13.0,5.0,1.0,2.0,0.0,49.0,5.0,1.0,426.0,22.0,80.0,122.0,182.0,27.0,43.0,10.0,43.0,54.0,9.0,35.0,72.0,17.0,25.0,12.0,23.0,6.0,8.0,8.0,2.0,52.0,7.0,0.0,0.0,-0.0064,0.0,0.0,1.0,2.0,,,
14288857,2026-04-10,19:45:00,Moreirense,Famalicão,False,1,1,37.0,0.77,1.0,2.0,5.0,0.0,15.0,312.0,20.0,15.0,6.0,1.0,0.0,0.0,1.0,1.0,1.0,1.0,0.0,1.0,5.0,1.0,2.0,235.0,9.0,28.0,24.0,49.0,14.0,47.0,1.0,4.0,46.0,3.0,37.0,72.0,8.0,25.0,4.0,9.0,16.0,20.0,20.0,8.0,45.0,45.0,1.0,5.0,0.6434,2.0,2.0,1.0,13.0,,,
14288853,2026-04-11,14:30:00,AVS - Futebol SAD,Vitória SC,True,1,1,40.0,0.9,2.0,17.0,5.0,5.0,16.0,276.0,15.0,9.0,5.0,4.0,0.0,6.0,7.0,6.0,11.0,0.0,2.0,1.0,14.0,1.0,3.0,202.0,21.0,52.0,59.0,93.0,29.0,66.0,3.0,14.0,45.0,5.0,26.0,63.0,15.0,29.0,3.0,15.0,12.0,15.0,15.0,7.0,46.0,27.0,2.0,5.0,0.5013,0.0,1.0,,9.0,1.0,,
14288853,2026-04-11,14:30:00,Vitória SC,AVS - Futebol SAD,False,1,1,60.0,2.37,4.0,14.0,3.0,4.0,9.0,422.0,17.0,16.0,1.0,6.0,2.0,7.0,1.0,8.0,6.0,1.0,3.0,0.0,35.0,3.0,2.0,344.0,25.0,73.0,102.0,146.0,18.0,41.0,6.0,22.0,55.0,2.0,37.0,63.0,14.0,29.0,5.0,18.0,10.0,17.0,17.0,6.0,45.0,31.0,3.0,3.0,0.1198,2.0,2.0,,8.0,1.0,,
14288858,2026-04-11,17:00:00,Santa Clara,Rio Ave,True,0,2,54.0,0.51,1.0,13.0,2.0,3.0,18.0,404.0,21.0,12.0,2.0,4.0,0.0,6.0,3.0,5.0,8.0,,1.0,1.0,18.0,3.0,2.0,308.0,32.0,51.0,84.0,129.0,27.0,58.0,3.0,14.0,43.0,16.0,43.0,92.0,8.0,28.0,10.0,15.0,16.0,21.0,21.0,11.0,60.0,20.0,,2.0,-1.3846,2.0,3.0,,6.0,,,
14288858,2026-04-11,17:00:00,Rio Ave,Santa Clara,False,2,0,46.0,0.29,2.0,4.0,4.0,3.0,12.0,342.0,21.0,18.0,3.0,3.0,0.0,1.0,1.0,4.0,1.0,,2.0,0.0,14.0,4.0,0.0,260.0,19.0,57.0,52.0,89.0,33.0,70.0,3.0,14.0,57.0,9.0,49.0,92.0,20.0,28.0,10.0,22.0,13.0,21.0,21.0,14.0,55.0,39.0,,4.0,0.0898,0.0,0.0,,8.0,,,
14288855,2026-04-11,19:30:00,CF Estrela Amadora,Sporting CP,True,0,1,33.0,0.38,,9.0,1.0,4.0,14.0,289.0,15.0,16.0,3.0,3.0,1.0,4.0,2.0,5.0,4.0,,,,11.0,,1.0,225.0,12.0,54.0,67.0,105.0,18.0,45.0,1.0,11.0,55.0,3.0,39.0,66.0,3.0,10.0,9.0,15.0,11.0,15.0,15.0,19.0,54.0,29.0,1.0,1.0,-0.4153,0.0,1.0,0.0,4.0,,,
14288855,2026-04-11,19:30:00,Sporting CP,CF Estrela Amadora,False,1,0,67.0,0.62,,10.0,3.0,13.0,16.0,584.0,9.0,14.0,1.0,2.0,1.0,4.0,4.0,5.0,5.0,,,,34.0,,0.0,506.0,16.0,72.0,143.0,185.0,19.0,40.0,1.0,18.0,45.0,4.0,27.0,66.0,7.0,10.0,5.0,16.0,4.0,9.0,9.0,4.0,49.0,10.0,0.0,3.0,0.7594,1.0,1.0,1.0,8.0,,,
14288856,2026-04-12,14:30:00,FC Alverca,Casa Pia,True,3,1,61.0,1.83,5.0,11.0,4.0,9.0,10.0,370.0,14.0,15.0,,5.0,2.0,4.0,2.0,6.0,5.0,2.0,3.0,,21.0,3.0,0.0,292.0,28.0,49.0,54.0,89.0,15.0,54.0,6.0,24.0,51.0,9.0,31.0,60.0,21.0,42.0,3.0,12.0,8.0,14.0,14.0,7.0,44.0,41.0,,4.0,-0.02,3.0,1.0,,9.0,0.0,,
14288856,2026-04-12,14:30:00,Casa Pia,FC Alverca,False,1,3,39.0,0.81,0.0,15.0,3.0,11.0,15.0,239.0,18.0,10.0,,5.0,1.0,5.0,5.0,8.0,7.0,0.0,0.0,,26.0,3.0,1.0,143.0,19.0,49.0,48.0,98.0,17.0,65.0,7.0,20.0,49.0,10.0,29.0,60.0,21.0,42.0,2.0,6.0,15.0,18.0,18.0,3.0,36.0,36.0,,3.0,-0.3364,2.0,2.0,,13.0,1.0,,
14288859,2026-04-12,17:00:00,Benfica,CD Nacional,True,2,0,58.0,3.43,5.0,24.0,4.0,15.0,13.0,466.0,13.0,17.0,1.0,8.0,1.0,8.0,8.0,20.0,4.0,2.0,3.0,1.0,57.0,5.0,3.0,403.0,19.0,53.0,121.0,165.0,27.0,43.0,9.0,27.0,48.0,10.0,44.0,90.0,14.0,30.0,12.0,27.0,9.0,13.0,13.0,7.0,45.0,9.0,0.0,4.0,0.6352,0.0,,,6.0,0.0,,0.0
14288859,2026-04-12,17:00:00,CD Nacional,Benfica,False,0,2,42.0,0.25,0.0,7.0,6.0,1.0,18.0,355.0,25.0,13.0,5.0,4.0,0.0,2.0,1.0,2.0,5.0,0.0,0.0,0.0,5.0,0.0,2.0,286.0,7.0,35.0,37.0,57.0,28.0,66.0,2.0,5.0,52.0,5.0,46.0,90.0,16.0,30.0,9.0,18.0,15.0,25.0,25.0,6.0,38.0,39.0,1.0,6.0,0.9067,2.0,,,11.0,1.0,,1.0
14288851,2026-04-12,17:00:00,Sporting Braga,FC Arouca,True,1,0,62.0,0.91,1.0,6.0,1.0,6.0,9.0,649.0,6.0,12.0,2.0,2.0,0.0,1.0,3.0,3.0,3.0,1.0,0.0,,13.0,2.0,5.0,574.0,25.0,41.0,91.0,119.0,13.0,33.0,1.0,6.0,51.0,8.0,22.0,43.0,12.0,24.0,6.0,10.0,4.0,6.0,6.0,6.0,39.0,36.0,,1.0,0.2559,,,2.0,6.0,,1.0,
14288851,2026-04-12,17:00:00,FC Arouca,Sporting Braga,False,0,1,38.0,1.1,2.0,9.0,1.0,5.0,12.0,374.0,12.0,8.0,2.0,1.0,1.0,5.0,3.0,5.0,4.0,0.0,2.0,,10.0,2.0,1.0,311.0,15.0,39.0,49.0,68.0,22.0,44.0,4.0,19.0,49.0,3.0,21.0,43.0,12.0,24.0,1.0,4.0,10.0,12.0,12.0,7.0,41.0,15.0,,1.0,-0.2947,,,1.0,1.0,,0.0,
14288854,2026-04-12,19:30:00,Estoril Praia,FC Porto,True,1,3,55.0,0.46,0.0,9.0,3.0,1.0,13.0,458.0,20.0,15.0,3.0,3.0,0.0,5.0,1.0,6.0,3.0,0.0,0.0,1.0,15.0,1.0,0.0,356.0,20.0,52.0,93.0,127.0,16.0,57.0,1.0,16.0,43.0,8.0,42.0,87.0,6.0,24.0,9.0,20.0,13.0,20.0,20.0,10.0,48.0,25.0,2.0,3.0,-0.3661,,1.0,,18.0,,,
14288854,2026-04-12,19:30:00,FC Porto,Estoril Praia,False,3,1,45.0,2.67,3.0,20.0,2.0,8.0,15.0,367.0,19.0,13.0,1.0,5.0,0.0,12.0,3.0,11.0,9.0,2.0,1.0,0.0,42.0,2.0,2.0,286.0,14.0,45.0,75.0,115.0,21.0,47.0,7.0,21.0,57.0,8.0,45.0,87.0,18.0,24.0,14.0,26.0,9.0,19.0,19.0,15.0,60.0,21.0,0.0,2.0,-0.2237,,2.0,,6.0,,,
14288852,2026-04-13,19:15:00,Tondela,Gil Vicente,True,2,2,52.0,1.82,4.0,10.0,4.0,5.0,15.0,413.0,20.0,10.0,5.0,5.0,0.0,4.0,1.0,7.0,3.0,1.0,3.0,,15.0,2.0,0.0,325.0,22.0,51.0,75.0,114.0,14.0,45.0,2.0,10.0,55.0,4.0,37.0,61.0,18.0,39.0,7.0,11.0,12.0,20.0,20.0,7.0,37.0,24.0,,4.0,-0.0572,3.0,4.0,0.0,11.0,0.0,,0.0
14288852,2026-04-13,19:15:00,Gil Vicente,Tondela,False,2,2,48.0,1.64,2.0,14.0,3.0,5.0,11.0,372.0,8.0,14.0,2.0,6.0,0.0,7.0,1.0,7.0,7.0,2.0,1.0,,26.0,4.0,2.0,305.0,22.0,38.0,83.0,116.0,29.0,54.0,4.0,17.0,45.0,10.0,24.0,61.0,21.0,39.0,4.0,14.0,5.0,8.0,8.0,10.0,44.0,13.0,,3.0,0.1418,1.0,0.0,1.0,5.0,1.0,,1.0
14288860,2026-04-17,19:45:00,Rio Ave,AVS - Futebol SAD,True,2,2,66.0,2.68,5.0,20.0,5.0,4.0,9.0,484.0,15.0,12.0,1.0,8.0,0.0,7.0,5.0,10.0,10.0,1.0,4.0,1.0,22.0,3.0,3.0,414.0,26.0,61.0,95.0,134.0,21.0,35.0,4.0,21.0,50.0,7.0,43.0,78.0,10.0,28.0,17.0,31.0,12.0,15.0,15.0,9.0,55.0,24.0,1.0,5.0,0.2229,1.0,,1.0,4.0,0.0,,
14288860,2026-04-17,19:45:00,AVS - Futebol SAD,Rio Ave,False,2,2,34.0,1.71,2.0,13.0,7.0,9.0,12.0,246.0,21.0,9.0,2.0,7.0,0.0,3.0,3.0,9.0,4.0,2.0,1.0,0.0,19.0,0.0,2.0,171.0,25.0,42.0,38.0,78.0,17.0,45.0,2.0,14.0,50.0,5.0,35.0,78.0,18.0,28.0,6.0,16.0,10.0,21.0,21.0,16.0,52.0,26.0,1.0,7.0,0.1182,0.0,,0.0,11.0,1.0,,
14288862,2026-04-18,14:30:00,CD Nacional,FC Alverca,True,1,0,50.0,1.01,2.0,10.0,3.0,4.0,15.0,402.0,25.0,15.0,2.0,6.0,0.0,4.0,0.0,6.0,4.0,1.0,1.0,,10.0,3.0,0.0,322.0,11.0,54.0,83.0,130.0,27.0,59.0,6.0,14.0,56.0,3.0,42.0,77.0,12.0,19.0,3.0,6.0,16.0,25.0,25.0,6.0,44.0,47.0,,3.0,0.6973,1.0,1.0,2.0,9.0,0.0,,
14288862,2026-04-18,14:30:00,FC Alverca,CD Nacional,False,0,1,50.0,0.36,0.0,7.0,5.0,8.0,15.0,395.0,6.0,15.0,1.0,3.0,0.0,2.0,2.0,4.0,3.0,0.0,0.0,,29.0,1.0,1.0,320.0,24.0,61.0,96.0,137.0,23.0,49.0,3.0,24.0,44.0,15.0,35.0,77.0,7.0,19.0,14.0,24.0,5.0,6.0,6.0,5.0,46.0,15.0,,5.0,0.891,1.0,0.0,1.0,7.0,1.0,,
14288864,2026-04-18,17:00:00,Casa Pia,Santa Clara,True,0,0,33.0,1.3,3.0,10.0,2.0,4.0,20.0,196.0,15.0,12.0,3.0,3.0,1.0,6.0,1.0,7.0,3.0,,3.0,,18.0,1.0,2.0,121.0,19.0,56.0,42.0,80.0,18.0,52.0,4.0,18.0,54.0,2.0,32.0,59.0,19.0,36.0,6.0,11.0,10.0,15.0,15.0,4.0,44.0,32.0,,2.0,0.1553,0.0,4.0,,8.0,,,
14288864,2026-04-18,17:00:00,Santa Clara,Casa Pia,False,0,0,67.0,0.2,1.0,5.0,3.0,6.0,12.0,421.0,7.0,20.0,2.0,2.0,0.0,3.0,0.0,3.0,2.0,,1.0,,11.0,4.0,1.0,352.0,24.0,74.0,70.0,113.0,23.0,56.0,2.0,25.0,46.0,12.0,27.0,59.0,17.0,36.0,3.0,6.0,5.0,7.0,7.0,1.0,40.0,39.0,,3.0,0.5954,1.0,2.0,,10.0,,,
14288866,2026-04-18,19:30:00,Gil Vicente,Vitória SC,True,0,1,52.0,1.38,2.0,12.0,2.0,10.0,11.0,378.0,10.0,16.0,2.0,6.0,0.0,3.0,3.0,10.0,2.0,,2.0,,17.0,1.0,1.0,289.0,21.0,43.0,45.0,84.0,29.0,63.0,6.0,19.0,50.0,11.0,32.0,71.0,29.0,52.0,6.0,17.0,5.0,10.0,10.0,12.0,46.0,22.0,,2.0,0.084,0.0,0.0,0.0,7.0,1.0,,
14288866,2026-04-18,19:30:00,Vitória SC,Gil Vicente,False,1,0,48.0,0.82,1.0,11.0,6.0,3.0,16.0,352.0,22.0,11.0,2.0,3.0,1.0,5.0,3.0,6.0,5.0,,1.0,,17.0,3.0,2.0,266.0,26.0,49.0,48.0,92.0,20.0,52.0,1.0,11.0,50.0,4.0,39.0,71.0,23.0,52.0,7.0,13.0,15.0,22.0,22.0,12.0,48.0,23.0,,6.0,1.056,1.0,1.0,1.0,5.0,0.0,,
14288867,2026-04-19,14:30:00,FC Arouca,CF Estrela Amadora,True,1,0,50.0,1.77,3.0,11.0,3.0,4.0,15.0,377.0,10.0,11.0,5.0,4.0,0.0,5.0,2.0,5.0,6.0,1.0,2.0,1.0,9.0,1.0,1.0,321.0,15.0,45.0,66.0,92.0,13.0,36.0,2.0,12.0,36.0,6.0,21.0,64.0,12.0,27.0,1.0,7.0,4.0,10.0,10.0,9.0,36.0,34.0,0.0,3.0,0.6444,,,,12.0,0.0,,
14288867,2026-04-19,14:30:00,CF Estrela Amadora,FC Arouca,False,0,1,50.0,1.35,4.0,15.0,2.0,3.0,11.0,379.0,12.0,15.0,1.0,3.0,1.0,8.0,4.0,10.0,5.0,0.0,4.0,2.0,23.0,4.0,2.0,312.0,17.0,54.0,55.0,93.0,27.0,54.0,3.0,19.0,64.0,6.0,43.0,64.0,15.0,27.0,17.0,21.0,8.0,12.0,12.0,5.0,37.0,11.0,1.0,2.0,0.3359,,,,8.0,1.0,,
14288865,2026-04-19,17:15:00,Sporting CP,Benfica,True,1,2,61.0,1.63,2.0,19.0,3.0,3.0,13.0,491.0,20.0,7.0,2.0,6.0,2.0,9.0,4.0,12.0,7.0,1.0,1.0,1.0,30.0,1.0,1.0,419.0,22.0,57.0,130.0,161.0,22.0,44.0,4.0,12.0,56.0,8.0,43.0,80.0,17.0,27.0,15.0,27.0,10.0,20.0,20.0,3.0,54.0,14.0,0.0,3.0,0.362,2.0,1.0,0.0,8.0,,,0.0
14288865,2026-04-19,17:15:00,Benfica,Sporting CP,False,2,1,39.0,2.27,4.0,14.0,5.0,8.0,8.0,303.0,20.0,12.0,1.0,5.0,0.0,5.0,4.0,9.0,5.0,2.0,2.0,0.0,24.0,2.0,1.0,227.0,14.0,44.0,94.0,132.0,17.0,52.0,6.0,16.0,44.0,8.0,37.0,80.0,10.0,27.0,6.0,18.0,13.0,20.0,20.0,9.0,43.0,17.0,1.0,5.0,0.8207,3.0,0.0,1.0,14.0,,,1.0
14288868,2026-04-19,19:30:00,FC Porto,Tondela,True,2,0,60.0,3.15,4.0,22.0,3.0,8.0,12.0,503.0,16.0,10.0,4.0,8.0,0.0,7.0,7.0,16.0,6.0,1.0,3.0,,54.0,7.0,4.0,444.0,22.0,55.0,116.0,147.0,16.0,30.0,8.0,29.0,48.0,8.0,33.0,72.0,17.0,32.0,7.0,24.0,11.0,16.0,16.0,3.0,49.0,15.0,,3.0,0.1625,1.0,0.0,,3.0,,,0.0
14288868,2026-04-19,19:30:00,Tondela,FC Porto,False,0,2,40.0,0.12,0.0,5.0,6.0,3.0,11.0,341.0,25.0,12.0,6.0,3.0,0.0,2.0,0.0,0.0,5.0,0.0,0.0,,3.0,2.0,0.0,275.0,13.0,43.0,53.0,79.0,15.0,52.0,1.0,7.0,52.0,7.0,39.0,72.0,15.0,32.0,2.0,11.0,14.0,25.0,25.0,2.0,39.0,28.0,,6.0,0.3866,2.0,1.0,,7.0,,,1.0
14288869,2026-04-19,19:30:00,Sporting Braga,Famalicão,True,2,2,69.0,1.78,2.0,10.0,1.0,5.0,10.0,745.0,9.0,10.0,2.0,4.0,0.0,4.0,2.0,8.0,2.0,2.0,,1.0,26.0,2.0,0.0,674.0,23.0,86.0,180.0,227.0,17.0,37.0,6.0,17.0,55.0,9.0,24.0,54.0,21.0,28.0,6.0,13.0,6.0,9.0,9.0,5.0,37.0,21.0,1.0,1.0,-0.3661,0.0,,,5.0,,,
14288869,2026-04-19,19:30:00,Famalicão,Sporting Braga,False,2,2,31.0,0.51,1.0,6.0,2.0,2.0,11.0,337.0,16.0,10.0,5.0,3.0,0.0,3.0,0.0,3.0,3.0,1.0,,0.0,12.0,2.0,1.0,272.0,26.0,30.0,42.0,69.0,13.0,34.0,3.0,8.0,45.0,3.0,30.0,54.0,7.0,28.0,4.0,10.0,10.0,16.0,16.0,8.0,36.0,22.0,0.0,2.0,-0.3158,1.0,,,7.0,,,
14288861,2026-04-20,19:15:00,Moreirense,Estoril Praia,True,1,0,43.0,0.82,2.0,11.0,1.0,5.0,14.0,396.0,15.0,12.0,0.0,4.0,0.0,5.0,2.0,7.0,4.0,,2.0,1.0,19.0,0.0,1.0,304.0,21.0,49.0,69.0,105.0,24.0,71.0,3.0,7.0,48.0,8.0,36.0,75.0,12.0,26.0,9.0,24.0,8.0,15.0,15.0,15.0,54.0,19.0,1.0,1.0,0.5306,0.0,,0.0,5.0,,,
14288861,2026-04-20,19:15:00,Estoril Praia,Moreirense,False,0,1,57.0,0.35,2.0,4.0,3.0,1.0,12.0,534.0,23.0,14.0,2.0,1.0,2.0,2.0,1.0,4.0,0.0,,2.0,1.0,11.0,1.0,3.0,428.0,22.0,68.0,51.0,103.0,26.0,58.0,2.0,10.0,52.0,9.0,39.0,75.0,14.0,26.0,4.0,10.0,14.0,23.0,23.0,11.0,61.0,21.0,1.0,3.0,1.2727,3.0,,1.0,8.0,,,
14288876,2026-04-24,19:15:00,FC Alverca,FC Arouca,True,2,1,35.0,0.85,2.0,7.0,1.0,6.0,8.0,320.0,8.0,12.0,0.0,3.0,0.0,2.0,2.0,5.0,2.0,2.0,0.0,,14.0,1.0,4.0,240.0,13.0,47.0,52.0,87.0,18.0,46.0,4.0,16.0,58.0,4.0,29.0,50.0,15.0,26.0,11.0,19.0,4.0,8.0,8.0,6.0,50.0,33.0,,1.0,-0.9097,1.0,,1.0,9.0,,,
14288876,2026-04-24,19:15:00,FC Arouca,FC Alverca,False,1,2,65.0,0.86,1.0,14.0,1.0,3.0,12.0,592.0,12.0,8.0,6.0,3.0,0.0,6.0,5.0,6.0,8.0,0.0,1.0,,13.0,3.0,2.0,504.0,26.0,79.0,109.0,162.0,22.0,49.0,2.0,18.0,42.0,7.0,21.0,50.0,11.0,26.0,2.0,3.0,9.0,12.0,12.0,10.0,45.0,27.0,,1.0,-0.0505,0.0,,0.0,5.0,,,
14288871,2026-04-25,14:30:00,Tondela,CD Nacional,True,0,2,62.0,1.56,1.0,22.0,5.0,8.0,16.0,450.0,15.0,15.0,2.0,5.0,1.0,9.0,8.0,13.0,9.0,,1.0,,36.0,5.0,1.0,370.0,31.0,59.0,114.0,149.0,24.0,46.0,5.0,25.0,51.0,6.0,42.0,83.0,18.0,34.0,12.0,25.0,6.0,15.0,15.0,12.0,45.0,16.0,3.0,5.0,-0.5204,,1.0,0.0,9.0,,,
14288871,2026-04-25,14:30:00,CD Nacional,Tondela,False,2,0,38.0,1.32,3.0,17.0,5.0,7.0,15.0,277.0,19.0,16.0,1.0,6.0,0.0,4.0,7.0,8.0,9.0,,3.0,,16.0,4.0,1.0,184.0,15.0,55.0,48.0,99.0,27.0,72.0,4.0,19.0,49.0,10.0,41.0,83.0,16.0,34.0,6.0,11.0,13.0,19.0,19.0,13.0,41.0,48.0,0.0,5.0,0.611,,0.0,1.0,17.0,,,
14288877,2026-04-25,17:00:00,Benfica,Moreirense,True,4,1,58.0,1.99,4.0,17.0,3.0,9.0,13.0,485.0,13.0,14.0,2.0,8.0,2.0,5.0,4.0,14.0,3.0,2.0,2.0,1.0,36.0,1.0,2.0,409.0,20.0,51.0,71.0,115.0,30.0,50.0,6.0,14.0,55.0,6.0,38.0,68.0,13.0,24.0,11.0,17.0,5.0,13.0,13.0,9.0,46.0,13.0,0.0,3.0,0.3494,1.0,,,6.0,1.0,,
14288877,2026-04-25,17:00:00,Moreirense,Benfica,False,1,4,42.0,0.89,2.0,8.0,4.0,2.0,14.0,359.0,12.0,13.0,2.0,4.0,0.0,3.0,1.0,6.0,2.0,1.0,1.0,0.0,10.0,0.0,0.0,283.0,20.0,47.0,47.0,77.0,19.0,58.0,3.0,6.0,45.0,5.0,30.0,68.0,11.0,24.0,6.0,14.0,6.0,12.0,12.0,12.0,40.0,26.0,2.0,4.0,-0.1351,1.0,,,6.0,1.0,,
14288878,2026-04-25,19:30:00,Vitória SC,Rio Ave,True,2,0,56.0,1.17,2.0,11.0,4.0,3.0,7.0,491.0,26.0,13.0,4.0,3.0,0.0,5.0,3.0,6.0,5.0,1.0,1.0,,24.0,0.0,1.0,395.0,21.0,59.0,68.0,107.0,15.0,53.0,3.0,20.0,53.0,12.0,44.0,76.0,15.0,36.0,6.0,12.0,17.0,26.0,26.0,9.0,54.0,27.0,,4.0,0.3242,1.0,,0.0,4.0,,,
14288878,2026-04-25,19:30:00,Rio Ave,Vitória SC,False,0,2,44.0,0.44,1.0,5.0,1.0,5.0,13.0,378.0,18.0,7.0,4.0,4.0,0.0,0.0,1.0,4.0,1.0,0.0,1.0,,15.0,1.0,2.0,286.0,22.0,56.0,65.0,97.0,28.0,65.0,4.0,15.0,47.0,15.0,32.0,76.0,21.0,36.0,8.0,19.0,14.0,18.0,18.0,11.0,47.0,33.0,,1.0,-0.7844,1.0,,3.0,11.0,,,
14288874,2026-04-26,14:30:00,Estoril Praia,Famalicão,True,0,1,54.0,0.44,1.0,9.0,4.0,9.0,19.0,438.0,15.0,11.0,0.0,2.0,0.0,3.0,4.0,3.0,6.0,0.0,1.0,0.0,19.0,1.0,2.0,371.0,14.0,62.0,68.0,107.0,22.0,41.0,1.0,18.0,49.0,5.0,33.0,70.0,15.0,27.0,8.0,17.0,6.0,15.0,15.0,7.0,43.0,23.0,0.0,4.0,0.906,1.0,0.0,1.0,4.0,,,
14288874,2026-04-26,14:30:00,Famalicão,Estoril Praia,False,1,0,46.0,1.15,3.0,6.0,2.0,4.0,11.0,367.0,14.0,18.0,2.0,6.0,0.0,0.0,0.0,6.0,0.0,1.0,2.0,1.0,13.0,4.0,0.0,290.0,10.0,51.0,60.0,94.0,27.0,56.0,4.0,19.0,51.0,6.0,37.0,70.0,12.0,27.0,4.0,13.0,12.0,14.0,14.0,5.0,40.0,29.0,1.0,2.0,0.0362,0.0,1.0,0.0,9.0,,,
14288875,2026-04-26,17:00:00,CF Estrela Amadora,FC Porto,True,1,2,47.0,1.76,3.0,11.0,2.0,0.0,15.0,354.0,17.0,15.0,3.0,3.0,3.0,6.0,2.0,7.0,4.0,0.0,3.0,1.0,11.0,1.0,0.0,273.0,9.0,32.0,38.0,66.0,20.0,63.0,4.0,12.0,50.0,12.0,40.0,82.0,12.0,21.0,9.0,13.0,10.0,17.0,17.0,7.0,51.0,20.0,0.0,2.0,-0.0133,,,1.0,7.0,,,
14288875,2026-04-26,17:00:00,FC Porto,CF Estrela Amadora,False,2,1,53.0,1.81,2.0,11.0,2.0,6.0,15.0,396.0,16.0,14.0,3.0,4.0,1.0,4.0,3.0,6.0,5.0,2.0,1.0,0.0,33.0,3.0,3.0,326.0,16.0,71.0,72.0,120.0,26.0,51.0,6.0,20.0,50.0,10.0,42.0,82.0,9.0,21.0,12.0,19.0,13.0,16.0,16.0,9.0,48.0,22.0,1.0,2.0,-0.3073,,,0.0,7.0,,,
14288872,2026-04-26,17:00:00,Santa Clara,Sporting Braga,True,2,1,37.0,2.84,5.0,14.0,1.0,4.0,15.0,283.0,16.0,11.0,4.0,3.0,0.0,9.0,2.0,8.0,6.0,1.0,4.0,,20.0,3.0,2.0,213.0,24.0,47.0,64.0,107.0,22.0,50.0,6.0,24.0,47.0,7.0,33.0,65.0,12.0,30.0,6.0,14.0,6.0,16.0,16.0,10.0,43.0,23.0,0.0,1.0,-0.8183,,1.0,,6.0,1.0,,
14288872,2026-04-26,17:00:00,Sporting Braga,Santa Clara,False,1,2,63.0,0.17,0.0,3.0,1.0,1.0,11.0,521.0,15.0,15.0,4.0,2.0,0.0,0.0,1.0,1.0,2.0,0.0,0.0,,3.0,2.0,0.0,447.0,25.0,43.0,55.0,85.0,33.0,59.0,0.0,4.0,53.0,5.0,32.0,65.0,18.0,30.0,2.0,13.0,5.0,15.0,15.0,5.0,33.0,39.0,1.0,1.0,-1.2078,,2.0,,14.0,1.0,,
14288873,2026-04-26,19:30:00,AVS - Futebol SAD,Sporting CP,True,1,1,25.0,1.53,2.0,11.0,7.0,0.0,15.0,201.0,14.0,7.0,3.0,4.0,1.0,4.0,3.0,4.0,7.0,1.0,1.0,0.0,10.0,3.0,0.0,140.0,9.0,34.0,23.0,60.0,15.0,47.0,1.0,6.0,46.0,10.0,27.0,62.0,11.0,21.0,6.0,11.0,10.0,14.0,14.0,12.0,47.0,51.0,,7.0,1.946,1.0,,1.0,11.0,,,
14288873,2026-04-26,19:30:00,Sporting CP,AVS - Futebol SAD,False,1,1,75.0,3.27,3.0,20.0,3.0,9.0,8.0,598.0,15.0,15.0,1.0,8.0,2.0,9.0,3.0,12.0,8.0,1.0,2.0,1.0,52.0,5.0,2.0,523.0,24.0,91.0,222.0,275.0,30.0,42.0,3.0,29.0,54.0,5.0,35.0,62.0,10.0,21.0,5.0,14.0,5.0,15.0,15.0,5.0,44.0,17.0,,3.0,0.1289,1.0,,0.0,5.0,,,
14288870,2026-04-27,19:15:00,Gil Vicente,Casa Pia,True,2,1,55.0,1.88,4.0,12.0,1.0,4.0,15.0,390.0,11.0,17.0,5.0,4.0,0.0,3.0,5.0,8.0,4.0,2.0,2.0,1.0,19.0,2.0,1.0,317.0,28.0,53.0,66.0,101.0,37.0,66.0,3.0,24.0,41.0,9.0,28.0,65.0,19.0,50.0,1.0,12.0,7.0,11.0,11.0,11.0,39.0,19.0,1.0,1.0,-0.1434,,,1.0,11.0,,,
14288870,2026-04-27,19:15:00,Casa Pia,Gil Vicente,False,1,2,45.0,1.21,1.0,7.0,2.0,3.0,18.0,327.0,20.0,14.0,3.0,2.0,0.0,4.0,1.0,6.0,1.0,1.0,0.0,0.0,18.0,2.0,3.0,240.0,17.0,53.0,56.0,97.0,28.0,65.0,3.0,10.0,59.0,2.0,37.0,65.0,31.0,50.0,3.0,12.0,15.0,20.0,20.0,9.0,45.0,42.0,0.0,2.0,-0.0255,,,0.0,8.0,,,
14288879,2026-05-02,14:30:00,CD Nacional,AVS - Futebol SAD,True,1,2,68.0,1.83,1.0,25.0,1.0,8.0,8.0,433.0,22.0,14.0,4.0,6.0,0.0,10.0,9.0,16.0,9.0,0.0,1.0,,47.0,1.0,0.0,363.0,24.0,71.0,98.0,134.0,19.0,47.0,14.0,42.0,58.0,9.0,44.0,77.0,17.0,29.0,8.0,18.0,16.0,22.0,22.0,11.0,41.0,20.0,,1.0,-0.3894,1.0,1.0,1.0,6.0,,1.0,
14288879,2026-05-02,14:30:00,AVS - Futebol SAD,CD Nacional,False,2,1,32.0,1.64,1.0,19.0,4.0,6.0,14.0,203.0,19.0,8.0,2.0,3.0,0.0,7.0,9.0,9.0,10.0,1.0,0.0,,23.0,3.0,1.0,142.0,19.0,37.0,40.0,69.0,13.0,44.0,3.0,17.0,42.0,13.0,33.0,77.0,12.0,29.0,6.0,15.0,8.0,19.0,19.0,15.0,49.0,42.0,,4.0,-0.1433,0.0,3.0,1.0,10.0,,0.0,
14288887,2026-05-02,14:30:00,FC Arouca,Santa Clara,True,2,2,51.0,0.96,1.0,9.0,1.0,5.0,15.0,429.0,13.0,8.0,3.0,5.0,0.0,3.0,1.0,3.0,6.0,1.0,,,14.0,1.0,1.0,379.0,13.0,40.0,65.0,93.0,14.0,30.0,6.0,13.0,48.0,3.0,23.0,49.0,11.0,22.0,3.0,8.0,9.0,13.0,13.0,5.0,32.0,25.0,,1.0,-0.2085,0.0,2.0,,8.0,,1.0,
14288887,2026-05-02,14:30:00,Santa Clara,FC Arouca,False,2,2,49.0,1.61,2.0,11.0,3.0,6.0,8.0,404.0,8.0,15.0,3.0,4.0,0.0,4.0,3.0,8.0,3.0,2.0,,,20.0,1.0,3.0,354.0,21.0,49.0,83.0,112.0,35.0,57.0,5.0,25.0,52.0,8.0,26.0,49.0,11.0,22.0,4.0,9.0,5.0,8.0,8.0,4.0,29.0,22.0,,3.0,-0.1574,2.0,0.0,,6.0,,0.0,
14288880,2026-05-02,14:30:00,Moreirense,CF Estrela Amadora,True,3,2,66.0,1.87,3.0,14.0,1.0,1.0,18.0,563.0,14.0,17.0,4.0,5.0,0.0,4.0,5.0,9.0,5.0,2.0,1.0,1.0,19.0,6.0,1.0,495.0,21.0,76.0,98.0,135.0,31.0,54.0,5.0,20.0,48.0,8.0,37.0,76.0,11.0,25.0,8.0,17.0,8.0,14.0,14.0,12.0,45.0,15.0,,1.0,-0.2399,,,,12.0,,,0.0
14288880,2026-05-02,14:30:00,CF Estrela Amadora,Moreirense,False,2,3,34.0,2.83,4.0,10.0,2.0,4.0,18.0,286.0,17.0,16.0,4.0,3.0,0.0,4.0,3.0,8.0,2.0,2.0,2.0,1.0,21.0,3.0,0.0,207.0,15.0,48.0,37.0,72.0,28.0,76.0,3.0,13.0,52.0,7.0,39.0,76.0,14.0,25.0,8.0,15.0,13.0,17.0,17.0,13.0,49.0,16.0,,2.0,0.2218,,,,5.0,,,1.0
14288883,2026-05-02,17:00:00,Famalicão,Benfica,True,2,2,57.0,1.58,3.0,15.0,0.0,6.0,20.0,401.0,16.0,14.0,2.0,5.0,1.0,7.0,3.0,11.0,4.0,1.0,2.0,,22.0,0.0,0.0,348.0,19.0,59.0,99.0,126.0,16.0,33.0,10.0,29.0,44.0,9.0,34.0,81.0,13.0,27.0,4.0,12.0,7.0,16.0,16.0,8.0,35.0,31.0,2.0,0.0,-1.1956,,,0.0,7.0,,0.0,
14288883,2026-05-02,17:00:00,Benfica,Famalicão,False,2,2,43.0,1.29,2.0,8.0,3.0,4.0,14.0,318.0,17.0,19.0,2.0,3.0,0.0,3.0,2.0,7.0,1.0,1.0,1.0,,18.0,2.0,1.0,248.0,20.0,49.0,50.0,91.0,17.0,43.0,1.0,6.0,56.0,8.0,47.0,81.0,14.0,27.0,10.0,18.0,12.0,17.0,17.0,10.0,33.0,23.0,0.0,3.0,-0.7838,,,3.0,9.0,,1.0,
14288881,2026-05-02,19:30:00,FC Porto,FC Alverca,True,1,0,56.0,0.65,0.0,13.0,4.0,5.0,21.0,436.0,15.0,19.0,1.0,4.0,2.0,2.0,7.0,10.0,3.0,,0.0,,20.0,3.0,1.0,383.0,16.0,72.0,88.0,122.0,23.0,39.0,4.0,21.0,51.0,12.0,39.0,82.0,14.0,21.0,6.0,13.0,11.0,15.0,15.0,8.0,52.0,22.0,1.0,4.0,0.2831,1.0,,1.0,6.0,,,
14288881,2026-05-02,19:30:00,FC Alverca,FC Porto,False,0,1,44.0,0.68,1.0,10.0,3.0,4.0,19.0,339.0,19.0,21.0,4.0,5.0,0.0,4.0,1.0,5.0,5.0,,1.0,,15.0,1.0,0.0,271.0,20.0,39.0,47.0,70.0,22.0,47.0,4.0,16.0,49.0,13.0,43.0,82.0,7.0,21.0,4.0,6.0,14.0,19.0,19.0,2.0,51.0,17.0,1.0,3.0,-0.1668,1.0,,0.0,5.0,,,
14288885,2026-05-03,14:30:00,Casa Pia,Tondela,True,0,1,48.0,0.38,1.0,4.0,5.0,7.0,22.0,351.0,12.0,19.0,8.0,3.0,0.0,0.0,1.0,3.0,1.0,0.0,1.0,1.0,20.0,6.0,1.0,261.0,20.0,60.0,65.0,114.0,23.0,58.0,4.0,22.0,51.0,5.0,33.0,69.0,17.0,29.0,4.0,10.0,8.0,12.0,12.0,8.0,43.0,16.0,,5.0,-0.0699,1.0,0.0,,7.0,,2.0,
14288885,2026-05-03,14:30:00,Tondela,Casa Pia,False,1,0,52.0,1.53,3.0,9.0,3.0,2.0,19.0,401.0,11.0,21.0,3.0,5.0,1.0,4.0,0.0,5.0,4.0,1.0,2.0,0.0,14.0,4.0,2.0,330.0,11.0,66.0,79.0,118.0,28.0,56.0,1.0,10.0,49.0,4.0,36.0,69.0,12.0,29.0,5.0,13.0,6.0,11.0,11.0,8.0,48.0,32.0,,3.0,0.3998,0.0,2.0,,7.0,,0.0,
14288888,2026-05-03,17:00:00,Sporting Braga,Estoril Praia,True,1,1,50.0,0.4,0.0,10.0,3.0,5.0,15.0,479.0,14.0,10.0,3.0,3.0,0.0,3.0,4.0,7.0,3.0,0.0,0.0,0.0,21.0,3.0,0.0,400.0,14.0,58.0,66.0,112.0,22.0,59.0,4.0,10.0,44.0,9.0,31.0,73.0,10.0,20.0,7.0,14.0,9.0,14.0,14.0,10.0,52.0,10.0,0.0,3.0,1.0653,2.0,3.0,,3.0,1.0,,
14288888,2026-05-03,17:00:00,Estoril Praia,Sporting Braga,False,1,1,50.0,1.06,3.0,10.0,2.0,4.0,10.0,481.0,16.0,15.0,3.0,4.0,1.0,3.0,3.0,5.0,5.0,1.0,2.0,1.0,15.0,5.0,2.0,404.0,13.0,41.0,60.0,91.0,15.0,43.0,0.0,11.0,56.0,11.0,42.0,73.0,10.0,20.0,11.0,14.0,11.0,16.0,16.0,10.0,50.0,22.0,1.0,2.0,-0.5876,0.0,1.0,,7.0,0.0,,
14288882,2026-05-03,19:30:00,Rio Ave,Gil Vicente,True,0,0,44.0,1.4,3.0,18.0,2.0,9.0,9.0,334.0,20.0,12.0,1.0,2.0,0.0,6.0,10.0,16.0,2.0,,3.0,,34.0,2.0,3.0,259.0,26.0,36.0,54.0,91.0,21.0,52.0,10.0,26.0,57.0,6.0,41.0,72.0,18.0,31.0,10.0,17.0,11.0,20.0,20.0,6.0,39.0,36.0,,2.0,0.459,0.0,3.0,,12.0,,,
14288882,2026-05-03,19:30:00,Gil Vicente,Rio Ave,False,0,0,56.0,0.7,0.0,13.0,2.0,7.0,12.0,428.0,13.0,9.0,2.0,2.0,1.0,8.0,3.0,6.0,7.0,,0.0,,33.0,2.0,1.0,355.0,17.0,38.0,96.0,132.0,21.0,40.0,5.0,32.0,43.0,8.0,31.0,72.0,13.0,31.0,9.0,21.0,9.0,13.0,13.0,9.0,46.0,30.0,,2.0,0.4806,1.0,0.0,,7.0,,,
14288884,2026-05-04,19:15:00,Sporting CP,Vitória SC,True,5,1,52.0,4.57,9.0,14.0,6.0,1.0,7.0,490.0,21.0,13.0,0.0,10.0,0.0,3.0,1.0,10.0,4.0,5.0,4.0,7.0,30.0,3.0,3.0,419.0,16.0,38.0,72.0,99.0,27.0,41.0,1.0,6.0,62.0,6.0,45.0,71.0,8.0,15.0,11.0,19.0,7.0,21.0,21.0,10.0,49.0,22.0,2.0,6.0,-0.0783,2.0,1.0,1.0,8.0,1.0,,
14288884,2026-05-04,19:15:00,Vitória SC,Sporting CP,False,1,5,48.0,0.61,1.0,13.0,5.0,7.0,13.0,457.0,14.0,7.0,2.0,5.0,0.0,5.0,3.0,5.0,8.0,0.0,1.0,0.0,24.0,1.0,2.0,378.0,15.0,44.0,94.0,127.0,20.0,43.0,3.0,15.0,38.0,9.0,26.0,71.0,7.0,15.0,5.0,17.0,8.0,14.0,14.0,13.0,48.0,15.0,0.0,5.0,-0.7358,0.0,0.0,0.0,9.0,0.0,,
14288892,2026-05-10,17:00:00,AVS - Futebol SAD,FC Porto,True,3,1,31.0,0.88,2.0,9.0,4.0,3.0,7.0,247.0,22.0,9.0,2.0,5.0,0.0,2.0,2.0,6.0,3.0,0.0,2.0,0.0,13.0,2.0,1.0,170.0,18.0,43.0,37.0,67.0,16.0,60.0,5.0,11.0,57.0,6.0,37.0,63.0,19.0,36.0,7.0,9.0,11.0,22.0,22.0,11.0,54.0,47.0,,4.0,0.6506,,,,11.0,0.0,0.0,
14288892,2026-05-10,17:00:00,FC Porto,AVS - Futebol SAD,False,1,3,69.0,3.19,5.0,20.0,2.0,7.0,9.0,553.0,8.0,7.0,2.0,4.0,0.0,6.0,10.0,16.0,4.0,1.0,4.0,1.0,62.0,0.0,1.0,471.0,24.0,78.0,154.0,202.0,17.0,34.0,8.0,26.0,43.0,10.0,26.0,63.0,17.0,36.0,13.0,25.0,6.0,8.0,8.0,5.0,55.0,10.0,,2.0,-1.9173,,,,5.0,1.0,1.0,
14288895,2026-05-10,19:30:00,FC Alverca,Estoril Praia,True,1,1,42.0,1.15,2.0,8.0,2.0,4.0,20.0,359.0,14.0,15.0,3.0,1.0,0.0,4.0,3.0,5.0,3.0,1.0,1.0,0.0,13.0,0.0,3.0,290.0,12.0,38.0,48.0,74.0,14.0,47.0,4.0,13.0,46.0,7.0,40.0,80.0,2.0,11.0,11.0,19.0,9.0,14.0,14.0,8.0,52.0,31.0,0.0,2.0,-0.2451,1.0,,,9.0,,,
14288895,2026-05-10,19:30:00,Estoril Praia,FC Alverca,False,1,1,58.0,0.87,2.0,11.0,0.0,4.0,15.0,497.0,15.0,20.0,2.0,3.0,1.0,7.0,1.0,5.0,6.0,1.0,1.0,1.0,20.0,4.0,0.0,431.0,25.0,73.0,93.0,136.0,19.0,32.0,3.0,23.0,54.0,7.0,40.0,80.0,9.0,11.0,7.0,14.0,8.0,15.0,15.0,4.0,41.0,18.0,1.0,0.0,-0.0093,0.0,,,7.0,,,
14288898,2026-05-11,19:15:00,Benfica,Sporting Braga,True,2,2,52.0,2.91,3.0,24.0,0.0,8.0,6.0,473.0,16.0,10.0,1.0,8.0,0.0,8.0,8.0,16.0,8.0,2.0,1.0,,49.0,4.0,2.0,386.0,28.0,61.0,109.0,156.0,23.0,40.0,6.0,16.0,59.0,8.0,42.0,76.0,19.0,27.0,15.0,24.0,13.0,16.0,16.0,9.0,43.0,7.0,0.0,0.0,-1.154,0.0,,,5.0,0.0,,
14288898,2026-05-11,19:15:00,Sporting Braga,Benfica,False,2,2,48.0,0.2,1.0,5.0,6.0,2.0,11.0,442.0,17.0,6.0,4.0,2.0,0.0,1.0,2.0,2.0,3.0,1.0,0.0,,12.0,0.0,1.0,353.0,21.0,54.0,82.0,123.0,17.0,49.0,2.0,3.0,41.0,5.0,34.0,76.0,8.0,27.0,11.0,22.0,10.0,17.0,17.0,8.0,44.0,25.0,1.0,6.0,0.8406,3.0,,,12.0,1.0,,
14288893,2026-05-11,19:15:00,CF Estrela Amadora,Famalicão,True,0,0,39.0,0.26,1.0,4.0,4.0,3.0,16.0,305.0,17.0,9.0,3.0,1.0,0.0,1.0,2.0,3.0,1.0,,1.0,,8.0,2.0,0.0,223.0,15.0,46.0,38.0,74.0,22.0,62.0,3.0,13.0,41.0,7.0,31.0,71.0,9.0,27.0,6.0,17.0,11.0,17.0,17.0,12.0,44.0,31.0,3.0,4.0,0.8145,3.0,,1.0,16.0,,,
14288893,2026-05-11,19:15:00,Famalicão,CF Estrela Amadora,False,0,0,61.0,1.97,3.0,15.0,1.0,10.0,9.0,477.0,18.0,16.0,1.0,4.0,1.0,8.0,3.0,9.0,6.0,,3.0,,24.0,1.0,1.0,408.0,24.0,90.0,110.0,150.0,32.0,55.0,5.0,28.0,59.0,7.0,40.0,71.0,18.0,27.0,7.0,17.0,8.0,18.0,18.0,6.0,47.0,15.0,0.0,1.0,0.0152,0.0,,0.0,3.0,,,
14288890,2026-05-11,19:15:00,Gil Vicente,FC Arouca,True,1,3,45.0,0.77,2.0,15.0,4.0,6.0,13.0,355.0,9.0,17.0,2.0,5.0,1.0,5.0,5.0,10.0,5.0,0.0,2.0,0.0,22.0,4.0,2.0,309.0,14.0,41.0,64.0,89.0,20.0,36.0,8.0,24.0,44.0,8.0,29.0,68.0,12.0,25.0,3.0,15.0,6.0,9.0,9.0,8.0,40.0,26.0,,4.0,-1.4632,,0.0,0.0,3.0,,,
14288890,2026-05-11,19:15:00,FC Arouca,Gil Vicente,False,3,1,55.0,1.32,2.0,13.0,4.0,2.0,17.0,454.0,20.0,13.0,1.0,6.0,0.0,4.0,3.0,7.0,6.0,2.0,0.0,1.0,12.0,1.0,2.0,378.0,22.0,45.0,53.0,78.0,30.0,68.0,4.0,11.0,56.0,5.0,39.0,68.0,13.0,25.0,6.0,10.0,13.0,20.0,20.0,6.0,44.0,20.0,,4.0,-0.0069,,3.0,1.0,6.0,,,
14288896,2026-05-11,19:15:00,Rio Ave,Sporting CP,True,1,4,36.0,0.97,2.0,12.0,2.0,5.0,9.0,302.0,14.0,7.0,5.0,3.0,0.0,6.0,3.0,9.0,3.0,1.0,1.0,0.0,31.0,1.0,,249.0,11.0,44.0,57.0,87.0,23.0,43.0,4.0,11.0,53.0,6.0,29.0,59.0,7.0,9.0,9.0,14.0,6.0,14.0,14.0,5.0,41.0,20.0,0.0,2.0,-2.1528,,,,7.0,0.0,2.0,
14288896,2026-05-11,19:15:00,Sporting CP,Rio Ave,False,4,1,64.0,1.56,2.0,16.0,2.0,6.0,7.0,535.0,11.0,8.0,2.0,5.0,0.0,6.0,5.0,11.0,5.0,1.0,1.0,1.0,40.0,5.0,,485.0,11.0,49.0,161.0,188.0,21.0,34.0,2.0,15.0,47.0,4.0,30.0,59.0,2.0,9.0,11.0,21.0,4.0,11.0,11.0,2.0,41.0,19.0,1.0,2.0,0.1756,,,,5.0,1.0,0.0,
14288897,2026-05-11,19:15:00,Santa Clara,CD Nacional,True,2,0,41.0,1.53,2.0,12.0,1.0,4.0,10.0,301.0,22.0,16.0,1.0,1.0,0.0,8.0,3.0,8.0,4.0,1.0,1.0,0.0,16.0,0.0,1.0,228.0,19.0,49.0,43.0,70.0,19.0,48.0,5.0,17.0,58.0,8.0,53.0,83.0,14.0,32.0,15.0,19.0,12.0,22.0,22.0,8.0,51.0,39.0,0.0,1.0,0.3876,2.0,3.0,1.0,10.0,,,
14288897,2026-05-11,19:15:00,CD Nacional,Santa Clara,False,0,2,59.0,0.92,2.0,12.0,0.0,6.0,16.0,446.0,12.0,10.0,2.0,1.0,0.0,8.0,3.0,7.0,5.0,0.0,2.0,1.0,19.0,2.0,0.0,360.0,28.0,73.0,71.0,114.0,20.0,54.0,5.0,19.0,42.0,13.0,30.0,83.0,18.0,32.0,9.0,18.0,7.0,12.0,12.0,5.0,55.0,21.0,2.0,0.0,-1.0601,0.0,0.0,0.0,13.0,,,
14288891,2026-05-11,19:15:00,Tondela,Moreirense,True,2,0,40.0,1.39,3.0,14.0,2.0,1.0,14.0,363.0,14.0,9.0,1.0,3.0,2.0,6.0,5.0,8.0,6.0,2.0,1.0,,21.0,1.0,1.0,286.0,15.0,53.0,68.0,108.0,15.0,55.0,2.0,8.0,41.0,9.0,28.0,64.0,5.0,17.0,5.0,15.0,10.0,14.0,14.0,7.0,55.0,25.0,0.0,2.0,0.2117,1.0,3.0,,9.0,,0.0,
14288891,2026-05-11,19:15:00,Moreirense,Tondela,False,0,2,60.0,0.29,0.0,10.0,1.0,8.0,9.0,537.0,19.0,14.0,3.0,2.0,0.0,6.0,2.0,4.0,6.0,0.0,0.0,,8.0,5.0,1.0,460.0,23.0,77.0,96.0,136.0,28.0,54.0,2.0,24.0,59.0,9.0,36.0,64.0,12.0,17.0,3.0,8.0,12.0,19.0,19.0,11.0,44.0,13.0,2.0,1.0,-0.1181,1.0,0.0,,8.0,,1.0,
14288889,2026-05-11,19:15:00,Vitória SC,Casa Pia,True,0,1,71.0,0.94,0.0,15.0,4.0,6.0,11.0,502.0,17.0,16.0,2.0,2.0,1.0,8.0,5.0,10.0,5.0,,0.0,0.0,27.0,2.0,3.0,420.0,18.0,53.0,85.0,126.0,33.0,56.0,9.0,31.0,57.0,5.0,38.0,65.0,22.0,40.0,7.0,18.0,13.0,17.0,17.0,8.0,60.0,27.0,2.0,4.0,0.4994,,1.0,3.0,5.0,,,
14288889,2026-05-11,19:15:00,Casa Pia,Vitória SC,False,1,0,29.0,0.88,1.0,11.0,3.0,4.0,16.0,208.0,16.0,11.0,1.0,5.0,0.0,4.0,2.0,8.0,3.0,,1.0,2.0,16.0,2.0,1.0,129.0,20.0,58.0,40.0,83.0,20.0,59.0,3.0,12.0,43.0,7.0,27.0,65.0,18.0,40.0,1.0,11.0,11.0,16.0,16.0,15.0,51.0,32.0,0.0,3.0,0.1184,,2.0,0.0,10.0,,,
14336196,2026-05-16,14:30:00,FC Porto,Santa Clara,True,1,0,53.0,0.91,1.0,14.0,0.0,8.0,11.0,395.0,16.0,9.0,,6.0,0.0,3.0,5.0,7.0,7.0,,1.0,,31.0,5.0,2.0,322.0,14.0,62.0,87.0,132.0,18.0,37.0,7.0,17.0,51.0,6.0,30.0,66.0,15.0,23.0,7.0,22.0,11.0,16.0,16.0,11.0,52.0,17.0,1.0,0.0,0.0,0.0,0.0,,8.0,,,
14336196,2026-05-16,14:30:00,Santa Clara,FC Porto,False,0,1,47.0,0.5,1.0,11.0,6.0,5.0,9.0,352.0,21.0,11.0,,0.0,0.0,8.0,3.0,5.0,6.0,,1.0,,15.0,0.0,1.0,275.0,22.0,29.0,39.0,63.0,9.0,40.0,4.0,15.0,49.0,10.0,36.0,66.0,8.0,23.0,5.0,11.0,14.0,21.0,21.0,10.0,44.0,24.0,0.0,6.0,0.1616,1.0,3.0,,7.0,,,
14288899,2026-05-16,14:30:00,Moreirense,AVS - Futebol SAD,True,0,0,65.0,1.09,3.0,13.0,0.0,5.0,10.0,546.0,14.0,12.0,2.0,4.0,1.0,5.0,4.0,8.0,5.0,,3.0,1.0,27.0,2.0,1.0,484.0,15.0,73.0,105.0,145.0,31.0,51.0,9.0,30.0,52.0,7.0,35.0,67.0,13.0,26.0,9.0,21.0,10.0,14.0,14.0,15.0,47.0,23.0,,0.0,0.1729,,0.0,,7.0,,,
14288899,2026-05-16,14:30:00,AVS - Futebol SAD,Moreirense,False,0,0,35.0,1.98,3.0,8.0,4.0,3.0,12.0,306.0,19.0,10.0,3.0,1.0,0.0,4.0,4.0,5.0,3.0,,3.0,2.0,14.0,1.0,6.0,229.0,21.0,36.0,24.0,55.0,23.0,59.0,1.0,5.0,48.0,9.0,32.0,67.0,13.0,26.0,4.0,9.0,9.0,19.0,19.0,14.0,54.0,20.0,,4.0,1.0892,,1.0,,8.0,,,
14336199,2026-05-16,17:00:00,CD Nacional,Vitória SC,True,2,0,34.0,0.94,1.0,5.0,5.0,2.0,17.0,219.0,8.0,12.0,4.0,3.0,0.0,1.0,1.0,3.0,2.0,1.0,0.0,,8.0,1.0,1.0,147.0,21.0,44.0,32.0,69.0,23.0,54.0,2.0,8.0,49.0,7.0,24.0,57.0,20.0,33.0,4.0,8.0,6.0,8.0,8.0,7.0,30.0,31.0,,5.0,1.807,1.0,1.0,1.0,8.0,,,1.0
14336199,2026-05-16,17:00:00,Vitória SC,CD Nacional,False,0,2,66.0,1.33,1.0,13.0,1.0,6.0,13.0,409.0,11.0,16.0,3.0,4.0,1.0,5.0,4.0,8.0,5.0,0.0,1.0,,21.0,8.0,2.0,338.0,15.0,40.0,72.0,113.0,8.0,32.0,6.0,22.0,51.0,2.0,33.0,57.0,13.0,33.0,6.0,12.0,6.0,11.0,11.0,7.0,33.0,27.0,,1.0,-0.1621,0.0,0.0,0.0,5.0,,,0.0
14336201,2026-05-16,17:00:00,Casa Pia,Rio Ave,True,1,1,41.0,2.45,5.0,20.0,2.0,9.0,17.0,276.0,12.0,14.0,1.0,5.0,0.0,7.0,8.0,13.0,7.0,1.0,4.0,0.0,39.0,2.0,3.0,204.0,27.0,62.0,100.0,145.0,20.0,49.0,7.0,30.0,44.0,8.0,34.0,76.0,14.0,32.0,10.0,16.0,11.0,12.0,12.0,9.0,48.0,34.0,,2.0,0.0308,,1.0,0.0,3.0,1.0,,
14336201,2026-05-16,17:00:00,Rio Ave,Casa Pia,False,1,1,59.0,0.75,2.0,6.0,4.0,0.0,14.0,431.0,14.0,17.0,0.0,3.0,0.0,2.0,1.0,2.0,4.0,1.0,1.0,1.0,11.0,5.0,0.0,350.0,22.0,62.0,88.0,124.0,21.0,60.0,1.0,9.0,56.0,7.0,42.0,76.0,18.0,32.0,13.0,18.0,9.0,14.0,14.0,8.0,43.0,47.0,,4.0,0.423,,1.0,1.0,12.0,0.0,,
14336202,2026-05-16,17:00:00,FC Arouca,Tondela,True,3,1,53.0,1.77,5.0,16.0,1.0,5.0,12.0,467.0,20.0,12.0,3.0,4.0,1.0,8.0,4.0,11.0,5.0,2.0,3.0,0.0,23.0,0.0,3.0,376.0,18.0,44.0,68.0,96.0,34.0,73.0,3.0,14.0,56.0,9.0,40.0,75.0,17.0,27.0,8.0,14.0,16.0,20.0,20.0,5.0,56.0,22.0,1.0,1.0,-0.4102,1.0,2.0,,11.0,,,
14336202,2026-05-16,17:00:00,Tondela,FC Arouca,False,1,3,47.0,0.62,1.0,11.0,1.0,6.0,12.0,402.0,15.0,12.0,1.0,2.0,0.0,3.0,6.0,4.0,7.0,0.0,1.0,1.0,20.0,4.0,1.0,325.0,23.0,59.0,82.0,124.0,27.0,56.0,2.0,21.0,44.0,10.0,35.0,75.0,10.0,27.0,9.0,19.0,9.0,15.0,15.0,8.0,50.0,13.0,2.0,1.0,-1.5042,1.0,1.0,,9.0,,,
14336204,2026-05-16,17:00:00,Sporting Braga,CF Estrela Amadora,True,2,2,74.0,2.38,3.0,14.0,2.0,7.0,13.0,691.0,14.0,8.0,1.0,4.0,0.0,6.0,4.0,7.0,7.0,2.0,1.0,,26.0,4.0,1.0,628.0,26.0,78.0,221.0,264.0,8.0,14.0,1.0,15.0,44.0,10.0,26.0,63.0,12.0,24.0,3.0,11.0,10.0,14.0,14.0,6.0,37.0,9.0,,2.0,-0.2314,1.0,0.0,0.0,4.0,,0.0,
14336204,2026-05-16,17:00:00,CF Estrela Amadora,Sporting Braga,False,2,2,26.0,0.71,1.0,6.0,2.0,1.0,9.0,245.0,18.0,13.0,5.0,4.0,1.0,2.0,0.0,4.0,2.0,1.0,0.0,,9.0,1.0,1.0,182.0,15.0,20.0,10.0,30.0,27.0,61.0,0.0,4.0,56.0,7.0,37.0,63.0,12.0,24.0,8.0,15.0,13.0,18.0,18.0,13.0,39.0,28.0,,2.0,-0.0474,0.0,1.0,1.0,9.0,,1.0,
14336198,2026-05-16,19:30:00,Estoril Praia,Benfica,True,1,3,48.0,1.52,1.0,16.0,4.0,2.0,9.0,430.0,15.0,12.0,3.0,6.0,0.0,8.0,2.0,12.0,4.0,0.0,1.0,,21.0,1.0,1.0,356.0,15.0,42.0,71.0,90.0,15.0,37.0,5.0,11.0,48.0,7.0,35.0,66.0,5.0,17.0,9.0,18.0,7.0,15.0,15.0,10.0,53.0,28.0,4.0,4.0,-0.8406,2.0,,,9.0,,,
14336198,2026-05-16,19:30:00,Benfica,Estoril Praia,False,3,1,52.0,4.15,6.0,19.0,5.0,9.0,12.0,464.0,16.0,9.0,2.0,8.0,0.0,7.0,4.0,15.0,4.0,2.0,4.0,,56.0,2.0,2.0,393.0,17.0,63.0,114.0,153.0,15.0,34.0,6.0,20.0,52.0,7.0,31.0,66.0,12.0,17.0,8.0,16.0,7.0,16.0,16.0,7.0,53.0,9.0,0.0,5.0,-0.1156,0.0,,,9.0,,,
14288900,2026-05-16,19:30:00,Famalicão,FC Alverca,True,1,0,50.0,0.52,3.0,11.0,1.0,6.0,9.0,418.0,14.0,8.0,1.0,2.0,1.0,6.0,3.0,5.0,6.0,1.0,2.0,,20.0,1.0,3.0,358.0,13.0,49.0,84.0,115.0,13.0,35.0,7.0,25.0,45.0,6.0,23.0,53.0,8.0,16.0,2.0,6.0,7.0,14.0,14.0,8.0,44.0,13.0,1.0,1.0,0.069,1.0,0.0,1.0,10.0,,,
14288900,2026-05-16,19:30:00,FC Alverca,Famalicão,False,0,1,50.0,0.45,3.0,7.0,1.0,5.0,8.0,431.0,10.0,9.0,2.0,1.0,1.0,6.0,0.0,5.0,2.0,0.0,3.0,,18.0,2.0,2.0,365.0,18.0,26.0,29.0,57.0,24.0,44.0,2.0,7.0,55.0,10.0,30.0,53.0,8.0,16.0,12.0,16.0,7.0,10.0,10.0,7.0,45.0,23.0,0.0,1.0,-0.32,0.0,3.0,1.0,11.0,,,
14288901,2026-05-16,19:30:00,Sporting CP,Gil Vicente,True,3,0,62.0,1.61,1.0,15.0,1.0,6.0,13.0,579.0,18.0,14.0,0.0,5.0,0.0,5.0,5.0,11.0,4.0,,1.0,,33.0,1.0,1.0,525.0,8.0,46.0,100.0,127.0,20.0,34.0,4.0,15.0,53.0,10.0,41.0,77.0,10.0,19.0,9.0,21.0,12.0,18.0,18.0,7.0,47.0,13.0,,1.0,0.0887,2.0,,,8.0,,,
14288901,2026-05-16,19:30:00,Gil Vicente,Sporting CP,False,0,3,38.0,0.64,1.0,10.0,2.0,1.0,14.0,355.0,22.0,13.0,1.0,1.0,0.0,7.0,2.0,3.0,7.0,,1.0,,16.0,2.0,1.0,292.0,15.0,54.0,71.0,90.0,26.0,44.0,2.0,7.0,47.0,12.0,36.0,77.0,9.0,19.0,3.0,9.0,12.0,22.0,22.0,5.0,44.0,18.0,,2.0,-0.5919,1.0,,,11.0,,,
