match_id,match_date,match_time,team_name,opposition_name,is_home,goals_scored,goals_conceded,Ball possession,Expected goals,Big chances,Total shots,Goalkeeper saves,Corner kicks,Fouls,Passes,Tackles,Free kicks,Yellow cards,Shots on target,Hit woodwork,Shots off target,Blocked shots,Shots inside box,Shots outside box,Big chances scored,Big chances missed,Touches in penalty area,Fouled in final third,Offsides,Accurate passes,Throw-ins,Final third entries,Final third phase,Final third phase - Total,Long balls,Long balls - Total,Crosses,Crosses - Total,Duels,Dispossessed,Ground duels,Ground duels - Total,Aerial duels,Aerial duels - Total,Dribbles,Dribbles - Total,Tackles won,Tackles won - Total,Total tackles,Interceptions,Recoveries,Clearances,Errors lead to a goal,Total saves,Goals prevented,Big saves,High claims,Punches,Goal kicks,Red cards,Through balls,Errors lead to a shot,Penalty saves
14025013,2025-08-15,19:00:00,Liverpool FC,Bournemouth,True,4,2,61.0,2.21,3.0,19.0,1.0,6.0,7.0,489.0,16.0,10.0,1.0,10.0,0.0,7.0,2.0,15.0,4.0,1.0,2.0,36.0,1.0,2.0,401.0,27.0,61.0,97.0,143.0,29.0,51.0,5.0,17.0,55.0,11.0,34.0,68.0,29.0,47.0,8.0,17.0,13.0,16.0,16.0,4.0,52.0,41.0,1.0,1.0,-1.1851,0.0,1.0,2.0,4.0,,,,
14025013,2025-08-15,19:00:00,Bournemouth,Liverpool FC,False,2,4,39.0,1.7,3.0,10.0,6.0,7.0,10.0,299.0,20.0,7.0,2.0,3.0,0.0,4.0,3.0,8.0,2.0,1.0,2.0,28.0,2.0,2.0,209.0,17.0,45.0,48.0,92.0,24.0,70.0,5.0,20.0,45.0,5.0,34.0,68.0,18.0,47.0,8.0,19.0,12.0,20.0,20.0,11.0,54.0,45.0,0.0,6.0,-0.9536,1.0,2.0,1.0,11.0,,,,
14025016,2025-08-16,11:30:00,Aston Villa,Newcastle United,True,0,0,40.0,0.2,1.0,3.0,3.0,3.0,13.0,310.0,11.0,11.0,1.0,3.0,0.0,0.0,0.0,3.0,0.0,,1.0,14.0,0.0,2.0,227.0,18.0,46.0,40.0,73.0,17.0,59.0,3.0,11.0,48.0,4.0,30.0,53.0,10.0,30.0,9.0,15.0,5.0,11.0,11.0,10.0,50.0,20.0,,3.0,0.6442,2.0,3.0,1.0,14.0,1.0,0.0,,
14025016,2025-08-16,11:30:00,Newcastle United,Aston Villa,False,0,0,60.0,1.43,2.0,16.0,3.0,6.0,11.0,451.0,10.0,13.0,1.0,3.0,0.0,6.0,7.0,9.0,7.0,,2.0,33.0,3.0,1.0,376.0,9.0,55.0,122.0,161.0,21.0,43.0,6.0,26.0,52.0,3.0,23.0,53.0,20.0,30.0,2.0,10.0,8.0,10.0,10.0,12.0,63.0,22.0,,3.0,0.2041,0.0,3.0,0.0,3.0,0.0,1.0,,
14025020,2025-08-16,14:00:00,Brighton & Hove Albion,Fulham,True,1,1,50.0,1.48,2.0,10.0,1.0,4.0,16.0,427.0,19.0,14.0,3.0,4.0,0.0,5.0,1.0,6.0,4.0,1.0,1.0,25.0,2.0,3.0,374.0,10.0,47.0,66.0,91.0,28.0,50.0,4.0,11.0,54.0,8.0,37.0,71.0,14.0,24.0,4.0,11.0,9.0,19.0,19.0,9.0,42.0,27.0,,1.0,-0.2685,,1.0,,8.0,,,0.0,
14025020,2025-08-16,14:00:00,Fulham,Brighton & Hove Albion,False,1,1,50.0,0.76,1.0,7.0,3.0,3.0,15.0,423.0,15.0,16.0,3.0,2.0,0.0,4.0,1.0,5.0,2.0,1.0,0.0,19.0,1.0,2.0,349.0,20.0,49.0,64.0,100.0,29.0,53.0,3.0,14.0,46.0,11.0,34.0,71.0,10.0,24.0,5.0,13.0,8.0,15.0,15.0,2.0,38.0,15.0,,3.0,0.0209,,2.0,,10.0,,,1.0,
14025038,2025-08-16,14:00:00,Sunderland,West Ham United,True,3,0,37.0,0.75,2.0,10.0,4.0,5.0,8.0,323.0,14.0,10.0,0.0,5.0,0.0,4.0,1.0,9.0,1.0,,2.0,15.0,1.0,,250.0,17.0,48.0,61.0,94.0,18.0,55.0,5.0,17.0,48.0,6.0,24.0,51.0,18.0,37.0,1.0,7.0,5.0,14.0,14.0,9.0,38.0,32.0,,4.0,0.3685,1.0,1.0,3.0,6.0,,,1.0,
14025038,2025-08-16,14:00:00,West Ham United,Sunderland,False,0,3,63.0,0.56,0.0,12.0,2.0,7.0,10.0,550.0,12.0,8.0,1.0,4.0,0.0,2.0,6.0,7.0,5.0,,0.0,28.0,3.0,,468.0,20.0,78.0,123.0,169.0,26.0,59.0,5.0,26.0,52.0,6.0,27.0,51.0,19.0,37.0,7.0,15.0,7.0,12.0,12.0,4.0,42.0,16.0,,2.0,-1.3589,1.0,1.0,1.0,6.0,,,0.0,
14025047,2025-08-16,14:00:00,Tottenham Hotspur,Burnley,True,3,0,67.0,2.32,2.0,16.0,4.0,6.0,14.0,511.0,12.0,8.0,,6.0,0.0,9.0,1.0,12.0,4.0,1.0,1.0,26.0,1.0,0.0,451.0,17.0,58.0,99.0,125.0,20.0,42.0,8.0,27.0,51.0,3.0,30.0,57.0,17.0,35.0,11.0,14.0,9.0,12.0,12.0,1.0,38.0,26.0,,4.0,1.0692,0.0,0.0,1.0,9.0,,1.0,1.0,
14025047,2025-08-16,14:00:00,Burnley,Tottenham Hotspur,False,0,3,33.0,0.94,0.0,14.0,3.0,5.0,8.0,246.0,6.0,14.0,,4.0,0.0,7.0,3.0,7.0,7.0,0.0,0.0,25.0,3.0,4.0,181.0,15.0,34.0,63.0,96.0,18.0,45.0,3.0,14.0,49.0,9.0,27.0,57.0,18.0,35.0,7.0,10.0,2.0,6.0,6.0,7.0,32.0,25.0,,3.0,-0.3925,1.0,3.0,0.0,13.0,,1.0,0.0,
14025050,2025-08-16,16:30:00,Wolverhampton,Manchester City,True,0,4,42.0,0.56,0.0,9.0,0.0,4.0,13.0,394.0,25.0,7.0,1.0,3.0,0.0,3.0,3.0,6.0,3.0,0.0,0.0,19.0,0.0,4.0,326.0,24.0,46.0,56.0,85.0,24.0,48.0,4.0,20.0,43.0,14.0,37.0,82.0,5.0,15.0,5.0,9.0,17.0,25.0,25.0,6.0,41.0,20.0,1.0,0.0,-1.7321,0.0,1.0,0.0,9.0,,1.0,0.0,
14025050,2025-08-16,16:30:00,Manchester City,Wolverhampton,False,4,0,58.0,2.47,3.0,15.0,3.0,5.0,7.0,563.0,18.0,13.0,2.0,4.0,0.0,7.0,4.0,8.0,7.0,1.0,2.0,28.0,2.0,0.0,510.0,17.0,48.0,112.0,134.0,13.0,30.0,6.0,20.0,57.0,14.0,45.0,82.0,10.0,15.0,14.0,25.0,11.0,18.0,18.0,7.0,40.0,22.0,0.0,3.0,0.7363,1.0,1.0,1.0,3.0,,1.0,2.0,
14025053,2025-08-17,13:00:00,Chelsea,Crystal Palace,True,0,0,72.0,1.6,2.0,19.0,4.0,11.0,10.0,568.0,13.0,12.0,2.0,3.0,0.0,7.0,9.0,11.0,8.0,,2.0,31.0,3.0,,510.0,21.0,62.0,119.0,151.0,21.0,49.0,6.0,29.0,53.0,4.0,35.0,66.0,17.0,33.0,12.0,24.0,6.0,13.0,13.0,11.0,39.0,19.0,,4.0,0.2606,1.0,,1.0,7.0,,1.0,1.0,
14025053,2025-08-17,13:00:00,Crystal Palace,Chelsea,False,0,0,28.0,0.66,1.0,11.0,2.0,2.0,12.0,226.0,16.0,10.0,3.0,4.0,0.0,3.0,4.0,4.0,7.0,,1.0,8.0,2.0,,168.0,18.0,28.0,23.0,44.0,18.0,43.0,0.0,11.0,47.0,11.0,31.0,66.0,16.0,33.0,5.0,7.0,13.0,16.0,16.0,7.0,35.0,41.0,,2.0,0.6538,0.0,,0.0,14.0,,0.0,1.0,
14025028,2025-08-17,13:00:00,Nottingham Forest,Brentford,True,3,1,54.0,1.83,4.0,11.0,2.0,5.0,7.0,417.0,12.0,15.0,1.0,5.0,0.0,4.0,2.0,6.0,5.0,2.0,2.0,25.0,5.0,2.0,343.0,19.0,64.0,126.0,169.0,18.0,54.0,5.0,24.0,52.0,14.0,33.0,65.0,20.0,36.0,9.0,15.0,7.0,12.0,12.0,9.0,48.0,24.0,0.0,2.0,0.4701,1.0,2.0,0.0,6.0,,2.0,2.0,
14025028,2025-08-17,13:00:00,Brentford,Nottingham Forest,False,1,3,46.0,1.49,1.0,10.0,2.0,5.0,15.0,346.0,20.0,6.0,2.0,3.0,0.0,4.0,3.0,7.0,3.0,1.0,0.0,19.0,2.0,0.0,271.0,19.0,47.0,35.0,68.0,14.0,44.0,3.0,16.0,48.0,5.0,32.0,65.0,16.0,36.0,7.0,14.0,6.0,20.0,20.0,5.0,52.0,27.0,1.0,2.0,-0.5683,0.0,0.0,3.0,5.0,,0.0,0.0,
14025056,2025-08-17,15:30:00,Manchester United,Arsenal,True,0,1,61.0,1.52,0.0,22.0,2.0,3.0,10.0,475.0,22.0,19.0,1.0,7.0,1.0,7.0,8.0,15.0,7.0,0.0,,36.0,3.0,1.0,393.0,20.0,54.0,95.0,128.0,41.0,67.0,3.0,15.0,57.0,14.0,47.0,84.0,23.0,39.0,9.0,13.0,11.0,22.0,22.0,4.0,47.0,23.0,1.0,2.0,0.2134,0.0,1.0,0.0,5.0,,2.0,,
14025056,2025-08-17,15:30:00,Arsenal,Manchester United,False,1,0,39.0,1.31,1.0,9.0,7.0,4.0,19.0,294.0,18.0,10.0,4.0,3.0,0.0,3.0,3.0,5.0,4.0,1.0,,20.0,2.0,2.0,219.0,15.0,35.0,51.0,84.0,20.0,49.0,2.0,11.0,43.0,6.0,37.0,84.0,16.0,39.0,9.0,25.0,10.0,18.0,18.0,4.0,50.0,30.0,0.0,7.0,0.7494,2.0,2.0,1.0,9.0,,1.0,,
14025059,2025-08-18,19:00:00,Leeds United,Everton,True,1,0,54.0,2.13,3.0,21.0,1.0,7.0,6.0,481.0,15.0,7.0,0.0,3.0,0.0,7.0,11.0,12.0,9.0,1.0,2.0,28.0,4.0,1.0,401.0,23.0,57.0,107.0,146.0,25.0,56.0,7.0,26.0,49.0,7.0,27.0,55.0,18.0,37.0,6.0,15.0,7.0,15.0,15.0,9.0,41.0,30.0,,1.0,0.1047,1.0,1.0,2.0,4.0,,,0.0,
14025059,2025-08-18,19:00:00,Everton,Leeds United,False,0,1,46.0,0.8,1.0,7.0,2.0,2.0,8.0,411.0,16.0,6.0,2.0,1.0,0.0,3.0,3.0,5.0,2.0,0.0,1.0,14.0,3.0,2.0,324.0,21.0,48.0,61.0,98.0,18.0,56.0,4.0,11.0,51.0,3.0,28.0,55.0,19.0,37.0,6.0,18.0,12.0,16.0,16.0,2.0,37.0,31.0,,2.0,0.0712,1.0,1.0,1.0,13.0,,,2.0,
14025088,2025-08-22,19:00:00,West Ham United,Chelsea,True,1,5,41.0,0.73,1.0,12.0,2.0,7.0,7.0,392.0,11.0,10.0,0.0,4.0,0.0,5.0,3.0,9.0,3.0,0.0,1.0,19.0,2.0,4.0,339.0,25.0,43.0,70.0,91.0,15.0,35.0,7.0,16.0,46.0,9.0,25.0,55.0,14.0,29.0,5.0,15.0,6.0,11.0,11.0,7.0,34.0,29.0,1.0,2.0,0.1386,,1.0,,4.0,,0.0,1.0,
14025088,2025-08-22,19:00:00,Chelsea,West Ham United,False,5,1,59.0,2.74,7.0,12.0,3.0,5.0,10.0,577.0,19.0,7.0,1.0,7.0,0.0,4.0,1.0,10.0,2.0,5.0,2.0,26.0,1.0,2.0,505.0,14.0,63.0,83.0,123.0,17.0,43.0,3.0,15.0,54.0,7.0,30.0,55.0,15.0,29.0,4.0,8.0,13.0,19.0,19.0,4.0,36.0,17.0,0.0,3.0,-0.6733,,1.0,,7.0,,1.0,0.0,
14025083,2025-08-23,11:30:00,Manchester City,Tottenham Hotspur,True,0,2,61.0,1.55,2.0,10.0,3.0,7.0,7.0,525.0,20.0,12.0,1.0,4.0,0.0,3.0,3.0,6.0,4.0,0.0,2.0,34.0,2.0,0.0,456.0,23.0,47.0,114.0,149.0,15.0,39.0,5.0,19.0,52.0,16.0,39.0,78.0,12.0,20.0,7.0,15.0,10.0,20.0,20.0,6.0,47.0,23.0,1.0,3.0,0.0815,1.0,,0.0,10.0,,1.0,1.0,
14025083,2025-08-23,11:30:00,Tottenham Hotspur,Manchester City,False,2,0,39.0,1.11,3.0,12.0,4.0,2.0,12.0,331.0,24.0,7.0,4.0,5.0,0.0,5.0,2.0,10.0,2.0,2.0,1.0,26.0,2.0,1.0,259.0,21.0,50.0,45.0,73.0,20.0,58.0,4.0,11.0,48.0,5.0,39.0,78.0,8.0,20.0,8.0,23.0,16.0,24.0,24.0,7.0,51.0,25.0,0.0,4.0,0.6394,0.0,,1.0,11.0,,0.0,1.0,
14025062,2025-08-23,14:00:00,Bournemouth,Wolverhampton,True,1,0,59.0,1.29,2.0,14.0,1.0,8.0,13.0,447.0,12.0,16.0,2.0,4.0,1.0,5.0,5.0,8.0,6.0,,2.0,30.0,3.0,2.0,387.0,24.0,70.0,114.0,146.0,23.0,51.0,3.0,20.0,41.0,9.0,37.0,76.0,8.0,33.0,10.0,22.0,9.0,12.0,12.0,6.0,34.0,32.0,0.0,1.0,0.2372,1.0,1.0,1.0,7.0,0.0,1.0,,
14025062,2025-08-23,14:00:00,Wolverhampton,Bournemouth,False,0,1,41.0,0.46,0.0,6.0,3.0,3.0,16.0,307.0,21.0,13.0,4.0,1.0,0.0,3.0,2.0,3.0,3.0,,0.0,14.0,1.0,2.0,225.0,18.0,61.0,58.0,99.0,29.0,59.0,5.0,17.0,59.0,9.0,39.0,76.0,25.0,33.0,5.0,8.0,14.0,21.0,21.0,9.0,38.0,30.0,1.0,3.0,-0.0703,1.0,2.0,1.0,6.0,1.0,0.0,,
14025068,2025-08-23,14:00:00,Brentford,Aston Villa,True,1,0,24.0,1.21,2.0,9.0,2.0,2.0,11.0,178.0,28.0,9.0,1.0,2.0,0.0,4.0,3.0,8.0,1.0,1.0,1.0,25.0,2.0,1.0,128.0,13.0,38.0,31.0,59.0,23.0,48.0,5.0,11.0,54.0,7.0,45.0,76.0,17.0,38.0,8.0,15.0,15.0,28.0,28.0,11.0,54.0,45.0,,2.0,0.1324,,1.0,1.0,7.0,,1.0,,
14025068,2025-08-23,14:00:00,Aston Villa,Brentford,False,0,1,76.0,1.19,1.0,17.0,1.0,9.0,9.0,587.0,14.0,11.0,2.0,2.0,0.0,7.0,8.0,12.0,5.0,0.0,1.0,43.0,2.0,0.0,514.0,23.0,69.0,136.0,180.0,25.0,41.0,4.0,27.0,46.0,12.0,31.0,76.0,21.0,38.0,8.0,24.0,12.0,14.0,14.0,6.0,46.0,12.0,,1.0,0.3602,,0.0,0.0,10.0,,1.0,,
14025071,2025-08-23,14:00:00,Burnley,Sunderland,True,2,0,42.0,1.0,2.0,7.0,1.0,4.0,9.0,442.0,22.0,5.0,0.0,2.0,1.0,4.0,1.0,4.0,3.0,1.0,1.0,17.0,1.0,0.0,356.0,11.0,58.0,89.0,129.0,15.0,57.0,4.0,15.0,48.0,10.0,30.0,59.0,15.0,34.0,3.0,11.0,11.0,22.0,22.0,7.0,54.0,29.0,,1.0,0.6952,,1.0,2.0,10.0,,1.0,,
14025071,2025-08-23,14:00:00,Sunderland,Burnley,False,0,2,58.0,0.77,2.0,9.0,0.0,3.0,5.0,616.0,18.0,9.0,1.0,1.0,0.0,3.0,5.0,6.0,3.0,0.0,2.0,17.0,0.0,2.0,530.0,19.0,68.0,138.0,180.0,16.0,44.0,5.0,24.0,52.0,15.0,29.0,59.0,19.0,34.0,2.0,9.0,8.0,18.0,18.0,7.0,43.0,27.0,,0.0,-0.4184,,1.0,0.0,8.0,,1.0,,
14025065,2025-08-23,16:30:00,Arsenal,Leeds United,True,5,0,68.0,2.88,3.0,18.0,1.0,2.0,8.0,599.0,12.0,10.0,0.0,5.0,0.0,9.0,4.0,13.0,5.0,2.0,1.0,34.0,5.0,,549.0,28.0,52.0,97.0,127.0,24.0,35.0,8.0,19.0,58.0,6.0,34.0,64.0,13.0,17.0,12.0,24.0,8.0,12.0,12.0,5.0,38.0,7.0,,1.0,0.1446,,,,2.0,,1.0,0.0,
14025065,2025-08-23,16:30:00,Leeds United,Arsenal,False,0,5,32.0,0.17,0.0,3.0,0.0,2.0,11.0,290.0,18.0,8.0,2.0,1.0,0.0,0.0,2.0,2.0,1.0,0.0,0.0,6.0,0.0,,219.0,14.0,17.0,15.0,26.0,13.0,37.0,1.0,5.0,42.0,5.0,30.0,64.0,4.0,17.0,4.0,11.0,12.0,18.0,18.0,6.0,33.0,20.0,,0.0,-2.2252,,,,12.0,,0.0,1.0,
14025074,2025-08-24,13:00:00,Crystal Palace,Nottingham Forest,True,1,1,42.0,1.1,2.0,8.0,0.0,1.0,11.0,377.0,20.0,11.0,3.0,4.0,1.0,4.0,0.0,7.0,1.0,1.0,1.0,21.0,1.0,2.0,287.0,14.0,51.0,62.0,110.0,8.0,49.0,6.0,18.0,52.0,8.0,33.0,61.0,16.0,33.0,3.0,7.0,11.0,20.0,20.0,7.0,43.0,21.0,0.0,0.0,-0.7416,,1.0,,11.0,,0.0,,
14025074,2025-08-24,13:00:00,Nottingham Forest,Crystal Palace,False,1,1,58.0,0.93,2.0,9.0,3.0,3.0,11.0,514.0,12.0,11.0,3.0,1.0,1.0,7.0,1.0,8.0,1.0,1.0,1.0,20.0,1.0,2.0,442.0,16.0,70.0,77.0,112.0,31.0,56.0,3.0,26.0,48.0,8.0,28.0,61.0,17.0,33.0,6.0,18.0,7.0,12.0,12.0,10.0,52.0,15.0,1.0,3.0,-0.1748,,1.0,,10.0,,2.0,,
14025077,2025-08-24,13:00:00,Everton,Brighton & Hove Albion,True,2,0,42.0,1.6,2.0,11.0,4.0,2.0,7.0,362.0,15.0,15.0,4.0,3.0,0.0,7.0,1.0,6.0,5.0,1.0,1.0,18.0,3.0,0.0,272.0,19.0,73.0,84.0,137.0,31.0,69.0,4.0,12.0,60.0,10.0,39.0,70.0,31.0,47.0,9.0,16.0,8.0,15.0,15.0,8.0,44.0,35.0,,4.0,1.5401,1.0,1.0,1.0,7.0,,,2.0,1.0
14025077,2025-08-24,13:00:00,Brighton & Hove Albion,Everton,False,0,2,58.0,2.43,3.0,13.0,1.0,2.0,15.0,490.0,17.0,6.0,3.0,4.0,2.0,5.0,4.0,7.0,6.0,0.0,3.0,29.0,1.0,6.0,411.0,27.0,58.0,81.0,120.0,12.0,44.0,3.0,11.0,40.0,10.0,31.0,70.0,16.0,47.0,8.0,13.0,8.0,17.0,17.0,5.0,49.0,24.0,,1.0,-0.7903,0.0,0.0,0.0,9.0,,,0.0,0.0
14025080,2025-08-24,15:30:00,Fulham,Manchester United,True,1,1,52.0,1.76,3.0,13.0,3.0,9.0,12.0,419.0,10.0,10.0,1.0,4.0,0.0,4.0,5.0,10.0,3.0,1.0,2.0,38.0,2.0,2.0,353.0,21.0,47.0,113.0,138.0,21.0,43.0,10.0,33.0,44.0,6.0,21.0,51.0,20.0,43.0,2.0,13.0,8.0,10.0,10.0,8.0,36.0,24.0,0.0,3.0,-0.4388,2.0,0.0,2.0,9.0,,2.0,,
14025080,2025-08-24,15:30:00,Manchester United,Fulham,False,1,1,48.0,1.76,2.0,10.0,2.0,6.0,10.0,397.0,17.0,11.0,1.0,3.0,1.0,6.0,1.0,8.0,2.0,0.0,2.0,25.0,2.0,1.0,328.0,17.0,50.0,81.0,110.0,22.0,56.0,4.0,14.0,56.0,5.0,30.0,51.0,23.0,43.0,2.0,7.0,11.0,17.0,17.0,5.0,31.0,27.0,1.0,2.0,0.374,1.0,1.0,0.0,9.0,,0.0,,
14147154,2025-08-25,19:00:00,Newcastle United,Liverpool FC,True,2,3,38.0,0.98,4.0,10.0,1.0,7.0,17.0,247.0,12.0,15.0,2.0,3.0,0.0,4.0,3.0,8.0,2.0,2.0,2.0,27.0,3.0,,170.0,22.0,51.0,53.0,104.0,12.0,51.0,6.0,26.0,50.0,4.0,35.0,68.0,16.0,34.0,8.0,17.0,5.0,12.0,12.0,8.0,41.0,21.0,0.0,1.0,-0.7448,1.0,0.0,0.0,5.0,1.0,,1.0,
14147154,2025-08-25,19:00:00,Liverpool FC,Newcastle United,False,3,2,62.0,0.69,2.0,5.0,1.0,1.0,15.0,445.0,13.0,17.0,3.0,4.0,0.0,0.0,1.0,3.0,2.0,1.0,1.0,17.0,1.0,,370.0,19.0,49.0,73.0,105.0,15.0,49.0,2.0,9.0,50.0,9.0,33.0,68.0,18.0,34.0,5.0,8.0,8.0,13.0,13.0,2.0,39.0,43.0,1.0,1.0,-0.1338,0.0,1.0,3.0,6.0,0.0,,1.0,
14025097,2025-08-30,11:30:00,Chelsea,Fulham,True,2,0,54.0,2.35,3.0,13.0,1.0,6.0,11.0,494.0,19.0,16.0,2.0,6.0,0.0,1.0,6.0,10.0,3.0,2.0,1.0,27.0,3.0,3.0,429.0,18.0,64.0,111.0,142.0,17.0,47.0,4.0,13.0,52.0,18.0,43.0,86.0,17.0,30.0,8.0,19.0,9.0,19.0,19.0,18.0,48.0,20.0,,1.0,0.1025,0.0,0.0,,7.0,,1.0,1.0,
14025097,2025-08-30,11:30:00,Fulham,Chelsea,False,0,2,46.0,1.02,1.0,11.0,4.0,4.0,17.0,415.0,29.0,11.0,2.0,3.0,0.0,6.0,2.0,8.0,3.0,0.0,1.0,20.0,3.0,1.0,337.0,20.0,49.0,64.0,94.0,25.0,62.0,5.0,15.0,48.0,7.0,43.0,86.0,13.0,30.0,3.0,15.0,12.0,29.0,29.0,6.0,46.0,20.0,,4.0,1.1877,1.0,1.0,,8.0,,0.0,1.0,
14025106,2025-08-30,14:00:00,Manchester United,Burnley,True,3,2,62.0,3.63,4.0,26.0,1.0,7.0,9.0,508.0,16.0,8.0,1.0,6.0,2.0,13.0,7.0,19.0,7.0,2.0,2.0,38.0,2.0,1.0,418.0,21.0,59.0,134.0,175.0,32.0,55.0,13.0,26.0,49.0,14.0,29.0,60.0,21.0,43.0,5.0,11.0,9.0,16.0,16.0,3.0,54.0,17.0,,1.0,-0.3418,0.0,1.0,0.0,4.0,,1.0,,
14025106,2025-08-30,14:00:00,Burnley,Manchester United,False,2,3,38.0,1.2,2.0,6.0,5.0,1.0,9.0,318.0,20.0,9.0,5.0,3.0,0.0,1.0,2.0,5.0,1.0,2.0,0.0,18.0,2.0,1.0,225.0,13.0,48.0,40.0,82.0,24.0,67.0,1.0,9.0,51.0,14.0,31.0,60.0,22.0,43.0,3.0,5.0,14.0,20.0,20.0,9.0,40.0,39.0,,5.0,-0.8217,1.0,0.0,1.0,18.0,,1.0,,
14025112,2025-08-30,14:00:00,Sunderland,Brentford,True,2,1,54.0,1.54,2.0,12.0,3.0,3.0,11.0,419.0,28.0,11.0,3.0,3.0,0.0,6.0,3.0,9.0,3.0,2.0,0.0,16.0,2.0,0.0,340.0,22.0,70.0,70.0,114.0,23.0,51.0,3.0,18.0,57.0,6.0,41.0,68.0,24.0,46.0,4.0,7.0,14.0,28.0,28.0,7.0,34.0,34.0,,3.0,0.45,1.0,1.0,,5.0,,,,1.0
14025112,2025-08-30,14:00:00,Brentford,Sunderland,False,1,2,46.0,1.2,2.0,7.0,1.0,4.0,12.0,354.0,9.0,10.0,2.0,4.0,0.0,2.0,1.0,5.0,2.0,1.0,1.0,14.0,1.0,3.0,283.0,16.0,44.0,47.0,79.0,17.0,46.0,6.0,16.0,43.0,14.0,27.0,68.0,22.0,46.0,8.0,22.0,7.0,9.0,9.0,4.0,35.0,34.0,,1.0,-0.9157,0.0,0.0,,13.0,,,,0.0
14025115,2025-08-30,14:00:00,Tottenham Hotspur,Bournemouth,True,0,1,61.0,0.19,0.0,5.0,5.0,0.0,17.0,477.0,16.0,13.0,2.0,1.0,0.0,3.0,1.0,3.0,2.0,,0.0,18.0,0.0,2.0,394.0,25.0,67.0,66.0,117.0,19.0,52.0,5.0,20.0,45.0,11.0,39.0,92.0,17.0,33.0,10.0,27.0,8.0,16.0,16.0,4.0,53.0,33.0,,5.0,0.4839,2.0,1.0,0.0,10.0,,0.0,1.0,
14025115,2025-08-30,14:00:00,Bournemouth,Tottenham Hotspur,False,1,0,39.0,1.59,3.0,20.0,1.0,8.0,13.0,296.0,28.0,17.0,4.0,6.0,1.0,9.0,5.0,15.0,5.0,,3.0,29.0,4.0,3.0,208.0,15.0,61.0,61.0,109.0,19.0,57.0,5.0,18.0,55.0,8.0,53.0,92.0,16.0,33.0,8.0,16.0,13.0,28.0,28.0,9.0,57.0,31.0,,1.0,0.2161,0.0,3.0,1.0,9.0,,1.0,0.0,
14025118,2025-08-30,14:00:00,Wolverhampton,Everton,True,2,3,59.0,1.11,2.0,12.0,1.0,2.0,15.0,524.0,23.0,10.0,0.0,4.0,0.0,3.0,5.0,6.0,6.0,2.0,0.0,22.0,1.0,2.0,421.0,30.0,67.0,66.0,113.0,22.0,61.0,8.0,16.0,43.0,8.0,35.0,74.0,12.0,36.0,3.0,11.0,13.0,23.0,23.0,10.0,54.0,19.0,0.0,1.0,-0.4219,,1.0,1.0,4.0,,0.0,2.0,
14025118,2025-08-30,14:00:00,Everton,Wolverhampton,False,3,2,41.0,1.93,3.0,10.0,2.0,2.0,10.0,371.0,16.0,15.0,1.0,4.0,0.0,2.0,4.0,7.0,3.0,2.0,1.0,23.0,2.0,1.0,275.0,23.0,61.0,80.0,125.0,23.0,64.0,2.0,13.0,57.0,11.0,39.0,74.0,24.0,36.0,8.0,20.0,11.0,16.0,16.0,16.0,50.0,28.0,1.0,2.0,-0.8445,,1.0,0.0,10.0,,4.0,1.0,
14025100,2025-08-30,16:30:00,Leeds United,Newcastle United,True,0,0,43.0,0.69,1.0,10.0,2.0,5.0,10.0,414.0,18.0,15.0,1.0,1.0,0.0,6.0,3.0,4.0,6.0,,1.0,19.0,1.0,1.0,328.0,15.0,49.0,68.0,103.0,16.0,57.0,4.0,17.0,56.0,5.0,39.0,64.0,8.0,20.0,7.0,12.0,14.0,18.0,18.0,13.0,48.0,18.0,,2.0,0.1351,1.0,1.0,,11.0,,,0.0,
14025100,2025-08-30,16:30:00,Newcastle United,Leeds United,False,0,0,57.0,0.46,0.0,8.0,1.0,5.0,15.0,547.0,10.0,10.0,1.0,2.0,0.0,3.0,3.0,4.0,4.0,,0.0,13.0,0.0,0.0,463.0,24.0,65.0,99.0,134.0,30.0,64.0,2.0,21.0,44.0,10.0,25.0,64.0,12.0,20.0,5.0,13.0,4.0,10.0,10.0,8.0,55.0,6.0,,1.0,0.0926,0.0,2.0,,8.0,,,1.0,
14025094,2025-08-31,13:00:00,Brighton & Hove Albion,Manchester City,True,2,1,36.0,2.3,3.0,12.0,2.0,3.0,16.0,315.0,17.0,13.0,2.0,7.0,0.0,2.0,3.0,10.0,2.0,2.0,1.0,22.0,5.0,1.0,235.0,12.0,46.0,41.0,82.0,14.0,49.0,3.0,8.0,45.0,9.0,38.0,82.0,9.0,23.0,8.0,14.0,13.0,17.0,17.0,8.0,51.0,10.0,,2.0,0.0956,0.0,1.0,,11.0,,1.0,1.0,
14025094,2025-08-31,13:00:00,Manchester City,Brighton & Hove Albion,False,1,2,64.0,1.82,3.0,12.0,5.0,2.0,14.0,565.0,15.0,16.0,2.0,3.0,0.0,8.0,1.0,8.0,4.0,1.0,2.0,24.0,1.0,0.0,493.0,16.0,38.0,103.0,127.0,19.0,42.0,1.0,5.0,55.0,8.0,44.0,82.0,14.0,23.0,14.0,23.0,7.0,15.0,15.0,9.0,50.0,15.0,,5.0,1.0718,2.0,1.0,,7.0,,3.0,0.0,
14025109,2025-08-31,13:00:00,Nottingham Forest,West Ham United,True,0,3,58.0,0.73,1.0,11.0,5.0,9.0,14.0,541.0,19.0,6.0,,3.0,0.0,3.0,5.0,9.0,2.0,0.0,1.0,29.0,0.0,,470.0,17.0,80.0,146.0,190.0,11.0,29.0,4.0,35.0,48.0,7.0,31.0,68.0,12.0,22.0,6.0,15.0,14.0,19.0,19.0,6.0,48.0,16.0,,5.0,0.2854,3.0,0.0,1.0,5.0,,,,
14025109,2025-08-31,13:00:00,West Ham United,Nottingham Forest,False,3,0,42.0,2.42,4.0,12.0,3.0,7.0,6.0,385.0,16.0,13.0,,8.0,0.0,4.0,0.0,10.0,2.0,2.0,2.0,18.0,1.0,,316.0,12.0,33.0,53.0,81.0,13.0,43.0,7.0,18.0,52.0,8.0,37.0,68.0,10.0,22.0,8.0,19.0,9.0,16.0,16.0,6.0,49.0,32.0,,3.0,0.2912,0.0,3.0,1.0,12.0,,,,
14025103,2025-08-31,15:30:00,Liverpool FC,Arsenal,True,1,0,53.0,0.52,,9.0,1.0,3.0,7.0,435.0,11.0,10.0,2.0,3.0,0.0,2.0,4.0,4.0,5.0,,,16.0,1.0,1.0,368.0,19.0,50.0,54.0,81.0,27.0,60.0,1.0,7.0,54.0,7.0,28.0,51.0,10.0,19.0,7.0,14.0,9.0,11.0,11.0,7.0,45.0,29.0,,1.0,0.5561,1.0,0.0,,7.0,,,0.0,
14025103,2025-08-31,15:30:00,Arsenal,Liverpool FC,False,0,1,47.0,0.49,,11.0,2.0,8.0,10.0,371.0,14.0,7.0,2.0,1.0,0.0,3.0,7.0,8.0,3.0,,,29.0,0.0,0.0,303.0,16.0,46.0,64.0,103.0,25.0,50.0,3.0,17.0,46.0,6.0,23.0,51.0,9.0,19.0,3.0,8.0,6.0,14.0,14.0,9.0,45.0,19.0,,2.0,-0.7267,0.0,1.0,,5.0,,,1.0,
14025091,2025-08-31,18:00:00,Aston Villa,Crystal Palace,True,0,3,58.0,1.14,2.0,13.0,1.0,10.0,7.0,531.0,11.0,14.0,2.0,4.0,0.0,8.0,1.0,10.0,3.0,0.0,2.0,20.0,2.0,0.0,475.0,20.0,79.0,124.0,162.0,29.0,45.0,6.0,31.0,44.0,18.0,31.0,70.0,6.0,15.0,7.0,15.0,5.0,11.0,11.0,6.0,43.0,17.0,,1.0,-0.5531,0.0,1.0,1.0,3.0,,0.0,0.0,
14025091,2025-08-31,18:00:00,Crystal Palace,Aston Villa,False,3,0,42.0,2.65,4.0,6.0,4.0,1.0,14.0,386.0,26.0,6.0,3.0,4.0,0.0,1.0,1.0,5.0,1.0,2.0,2.0,14.0,2.0,2.0,328.0,9.0,51.0,66.0,96.0,17.0,39.0,2.0,11.0,56.0,9.0,39.0,70.0,9.0,15.0,6.0,8.0,16.0,26.0,26.0,10.0,48.0,37.0,,4.0,1.0148,1.0,4.0,0.0,10.0,,2.0,1.0,
14025124,2025-09-13,11:30:00,Arsenal,Nottingham Forest,True,3,0,54.0,1.84,5.0,16.0,1.0,8.0,8.0,478.0,13.0,11.0,1.0,5.0,1.0,6.0,5.0,12.0,4.0,1.0,4.0,38.0,1.0,2.0,415.0,12.0,48.0,100.0,135.0,15.0,30.0,5.0,20.0,58.0,2.0,35.0,58.0,9.0,18.0,11.0,21.0,11.0,13.0,13.0,7.0,44.0,15.0,,1.0,0.0627,1.0,,,6.0,,,0.0,
14025124,2025-09-13,11:30:00,Nottingham Forest,Arsenal,False,0,3,46.0,0.2,0.0,5.0,2.0,3.0,11.0,409.0,12.0,8.0,1.0,1.0,1.0,1.0,3.0,3.0,2.0,0.0,0.0,14.0,1.0,0.0,350.0,23.0,50.0,77.0,105.0,18.0,43.0,2.0,13.0,42.0,6.0,23.0,58.0,9.0,18.0,5.0,12.0,8.0,12.0,12.0,11.0,36.0,19.0,,2.0,-0.6512,0.0,,,11.0,,,2.0,
14025121,2025-09-13,14:00:00,Bournemouth,Brighton & Hove Albion,True,2,1,51.0,1.45,1.0,13.0,1.0,4.0,16.0,393.0,18.0,9.0,4.0,5.0,0.0,4.0,4.0,7.0,6.0,1.0,0.0,28.0,3.0,1.0,309.0,17.0,65.0,88.0,136.0,25.0,56.0,4.0,19.0,48.0,12.0,34.0,80.0,17.0,26.0,6.0,14.0,14.0,18.0,18.0,3.0,50.0,35.0,1.0,1.0,0.2767,1.0,,0.0,12.0,,,,
14025121,2025-09-13,14:00:00,Brighton & Hove Albion,Bournemouth,False,1,2,49.0,0.62,2.0,6.0,3.0,4.0,10.0,374.0,20.0,16.0,4.0,2.0,0.0,2.0,2.0,5.0,1.0,1.0,1.0,24.0,2.0,0.0,293.0,20.0,56.0,67.0,109.0,24.0,52.0,3.0,17.0,52.0,9.0,46.0,80.0,9.0,26.0,10.0,19.0,16.0,20.0,20.0,6.0,50.0,35.0,0.0,3.0,-0.5064,0.0,,1.0,6.0,,,,
14025133,2025-09-13,14:00:00,Crystal Palace,Sunderland,True,0,0,56.0,1.77,3.0,14.0,0.0,5.0,10.0,491.0,10.0,8.0,1.0,6.0,0.0,4.0,4.0,8.0,6.0,,3.0,21.0,2.0,0.0,410.0,23.0,45.0,75.0,112.0,27.0,58.0,5.0,20.0,38.0,5.0,19.0,51.0,14.0,35.0,2.0,10.0,6.0,10.0,10.0,6.0,41.0,25.0,,0.0,0.0,0.0,0.0,0.0,8.0,,1.0,1.0,
14025133,2025-09-13,14:00:00,Sunderland,Crystal Palace,False,0,0,44.0,0.36,0.0,6.0,6.0,3.0,8.0,386.0,13.0,10.0,1.0,0.0,0.0,4.0,2.0,5.0,1.0,,0.0,17.0,2.0,2.0,310.0,21.0,60.0,49.0,88.0,21.0,51.0,4.0,17.0,62.0,3.0,32.0,51.0,21.0,35.0,11.0,18.0,9.0,13.0,13.0,10.0,46.0,34.0,,6.0,1.3646,2.0,2.0,1.0,7.0,,0.0,0.0,
14025136,2025-09-13,14:00:00,Everton,Aston Villa,True,0,0,48.0,2.08,3.0,20.0,1.0,10.0,17.0,343.0,23.0,15.0,3.0,2.0,1.0,9.0,9.0,14.0,6.0,,3.0,46.0,2.0,2.0,281.0,20.0,53.0,95.0,123.0,25.0,49.0,8.0,22.0,56.0,11.0,46.0,80.0,20.0,37.0,8.0,13.0,16.0,23.0,23.0,5.0,49.0,17.0,,1.0,0.1268,0.0,1.0,0.0,6.0,,,0.0,
14025136,2025-09-13,14:00:00,Aston Villa,Everton,False,0,0,52.0,0.54,0.0,7.0,2.0,3.0,15.0,384.0,16.0,17.0,3.0,1.0,0.0,1.0,5.0,3.0,4.0,,0.0,8.0,2.0,2.0,313.0,14.0,43.0,75.0,105.0,14.0,49.0,3.0,10.0,44.0,10.0,34.0,80.0,17.0,37.0,2.0,15.0,11.0,16.0,16.0,4.0,38.0,19.0,,2.0,0.2926,1.0,1.0,1.0,16.0,,,1.0,
14025139,2025-09-13,14:00:00,Fulham,Leeds United,True,1,0,54.0,0.85,2.0,5.0,3.0,3.0,20.0,451.0,24.0,15.0,1.0,3.0,0.0,2.0,0.0,3.0,2.0,,2.0,10.0,3.0,1.0,382.0,25.0,76.0,90.0,131.0,19.0,39.0,3.0,22.0,50.0,9.0,45.0,85.0,14.0,34.0,6.0,15.0,16.0,24.0,24.0,6.0,42.0,23.0,,3.0,0.516,0.0,0.0,1.0,7.0,,,,
14025139,2025-09-13,14:00:00,Leeds United,Fulham,False,0,1,46.0,0.79,1.0,10.0,3.0,3.0,15.0,388.0,18.0,20.0,2.0,3.0,1.0,3.0,4.0,7.0,3.0,,1.0,21.0,3.0,3.0,313.0,15.0,54.0,67.0,103.0,23.0,52.0,1.0,13.0,50.0,12.0,40.0,85.0,20.0,34.0,4.0,16.0,11.0,18.0,18.0,7.0,49.0,30.0,,3.0,-0.1157,2.0,1.0,1.0,6.0,,,,
14025145,2025-09-13,14:00:00,Newcastle United,Wolverhampton,True,1,0,57.0,1.55,1.0,16.0,3.0,9.0,10.0,449.0,10.0,17.0,1.0,4.0,1.0,7.0,5.0,8.0,8.0,,1.0,28.0,0.0,1.0,361.0,28.0,75.0,112.0,168.0,21.0,52.0,8.0,25.0,54.0,7.0,31.0,64.0,22.0,35.0,5.0,14.0,5.0,10.0,10.0,6.0,43.0,20.0,,3.0,0.366,2.0,1.0,0.0,8.0,,0.0,,
14025145,2025-09-13,14:00:00,Wolverhampton,Newcastle United,False,0,1,43.0,0.5,0.0,8.0,3.0,4.0,17.0,343.0,16.0,10.0,4.0,3.0,0.0,3.0,2.0,7.0,1.0,,0.0,22.0,1.0,0.0,259.0,18.0,45.0,56.0,85.0,22.0,66.0,3.0,15.0,46.0,3.0,33.0,64.0,13.0,35.0,8.0,15.0,8.0,16.0,16.0,14.0,55.0,34.0,,3.0,0.7517,1.0,0.0,1.0,8.0,,2.0,,
14025148,2025-09-13,16:30:00,West Ham United,Tottenham Hotspur,True,0,3,36.0,0.6,1.0,7.0,2.0,2.0,8.0,310.0,13.0,7.0,0.0,4.0,0.0,3.0,0.0,6.0,1.0,0.0,1.0,10.0,1.0,0.0,239.0,19.0,48.0,59.0,92.0,17.0,58.0,3.0,9.0,49.0,7.0,25.0,60.0,22.0,35.0,6.0,15.0,9.0,13.0,13.0,5.0,34.0,41.0,,2.0,-0.773,0.0,,2.0,9.0,1.0,,,
14025148,2025-09-13,16:30:00,Tottenham Hotspur,West Ham United,False,3,0,64.0,1.29,2.0,14.0,4.0,13.0,7.0,534.0,16.0,8.0,1.0,5.0,0.0,4.0,5.0,10.0,4.0,1.0,1.0,37.0,1.0,4.0,465.0,21.0,60.0,99.0,135.0,23.0,42.0,5.0,31.0,51.0,7.0,35.0,60.0,13.0,35.0,11.0,17.0,11.0,16.0,16.0,3.0,40.0,10.0,,4.0,0.2859,1.0,,1.0,6.0,0.0,,,
14025127,2025-09-13,19:00:00,Brentford,Chelsea,True,2,2,34.0,1.43,1.0,7.0,4.0,5.0,13.0,284.0,17.0,9.0,3.0,4.0,0.0,2.0,1.0,7.0,0.0,1.0,0.0,20.0,0.0,0.0,215.0,15.0,35.0,43.0,70.0,28.0,50.0,6.0,18.0,49.0,6.0,37.0,69.0,7.0,21.0,11.0,20.0,10.0,17.0,17.0,6.0,39.0,33.0,,4.0,0.2305,1.0,0.0,1.0,7.0,,0.0,1.0,
14025127,2025-09-13,19:00:00,Chelsea,Brentford,False,2,2,66.0,1.25,2.0,16.0,3.0,6.0,9.0,570.0,15.0,13.0,2.0,6.0,1.0,3.0,7.0,10.0,6.0,1.0,1.0,38.0,4.0,4.0,516.0,20.0,70.0,127.0,158.0,23.0,41.0,3.0,17.0,51.0,11.0,32.0,69.0,14.0,21.0,4.0,10.0,9.0,15.0,15.0,13.0,42.0,33.0,,3.0,0.2957,2.0,3.0,0.0,2.0,,1.0,0.0,
14025130,2025-09-14,13:00:00,Burnley,Liverpool FC,True,0,1,19.0,0.13,0.0,3.0,3.0,1.0,9.0,168.0,16.0,9.0,2.0,0.0,0.0,3.0,0.0,1.0,2.0,0.0,0.0,2.0,1.0,3.0,80.0,11.0,39.0,17.0,46.0,15.0,62.0,0.0,3.0,42.0,4.0,25.0,55.0,16.0,43.0,2.0,8.0,11.0,16.0,16.0,17.0,31.0,48.0,,3.0,0.1847,1.0,1.0,4.0,21.0,1.0,,,
14025130,2025-09-14,13:00:00,Liverpool FC,Burnley,False,1,0,81.0,2.65,3.0,27.0,0.0,13.0,9.0,697.0,10.0,8.0,2.0,4.0,0.0,11.0,12.0,14.0,13.0,1.0,2.0,56.0,2.0,1.0,610.0,21.0,85.0,272.0,315.0,15.0,28.0,10.0,44.0,58.0,8.0,30.0,55.0,27.0,43.0,12.0,20.0,7.0,10.0,10.0,7.0,31.0,12.0,,0.0,0.0,0.0,0.0,0.0,6.0,0.0,,,
14025142,2025-09-14,15:30:00,Manchester City,Manchester United,True,3,0,45.0,2.63,4.0,13.0,2.0,2.0,8.0,430.0,13.0,8.0,,6.0,1.0,7.0,0.0,12.0,1.0,2.0,2.0,26.0,1.0,2.0,352.0,26.0,41.0,67.0,96.0,22.0,55.0,1.0,2.0,48.0,8.0,27.0,64.0,18.0,29.0,7.0,22.0,7.0,13.0,13.0,10.0,50.0,33.0,0.0,2.0,0.1434,2.0,,3.0,8.0,,5.0,0.0,
14025142,2025-09-14,15:30:00,Manchester United,Manchester City,False,0,3,55.0,1.52,2.0,12.0,3.0,4.0,8.0,501.0,23.0,8.0,,2.0,0.0,8.0,2.0,7.0,5.0,0.0,2.0,29.0,3.0,3.0,420.0,21.0,66.0,130.0,169.0,36.0,58.0,6.0,23.0,52.0,5.0,37.0,64.0,11.0,29.0,6.0,14.0,15.0,23.0,23.0,13.0,47.0,10.0,1.0,3.0,-0.7035,0.0,,0.0,5.0,,1.0,2.0,
14025166,2025-09-20,11:30:00,Liverpool FC,Everton,True,2,1,57.0,0.9,1.0,11.0,1.0,5.0,11.0,475.0,18.0,10.0,2.0,3.0,0.0,3.0,5.0,9.0,2.0,1.0,,26.0,2.0,1.0,404.0,23.0,46.0,116.0,142.0,14.0,43.0,2.0,12.0,50.0,11.0,37.0,78.0,20.0,35.0,10.0,17.0,7.0,18.0,18.0,12.0,49.0,37.0,,1.0,-0.4308,,,2.0,6.0,,3.0,1.0,
14025166,2025-09-20,11:30:00,Everton,Liverpool FC,False,1,2,43.0,0.7,0.0,9.0,1.0,4.0,10.0,345.0,18.0,11.0,3.0,2.0,0.0,4.0,3.0,6.0,3.0,0.0,,21.0,1.0,1.0,263.0,23.0,54.0,88.0,133.0,23.0,61.0,5.0,20.0,50.0,11.0,41.0,78.0,15.0,35.0,12.0,19.0,13.0,18.0,18.0,10.0,49.0,23.0,,1.0,-0.8245,,,0.0,9.0,,0.0,0.0,
14025157,2025-09-20,14:00:00,Brighton & Hove Albion,Tottenham Hotspur,True,2,2,36.0,1.32,1.0,12.0,2.0,2.0,10.0,307.0,25.0,13.0,1.0,4.0,0.0,7.0,1.0,5.0,7.0,1.0,,17.0,1.0,0.0,236.0,11.0,51.0,55.0,86.0,22.0,57.0,2.0,8.0,48.0,16.0,44.0,93.0,13.0,25.0,6.0,16.0,17.0,25.0,25.0,5.0,52.0,40.0,0.0,2.0,-0.45,1.0,0.0,1.0,14.0,,,,
14025157,2025-09-20,14:00:00,Tottenham Hotspur,Brighton & Hove Albion,False,2,2,64.0,1.22,1.0,11.0,2.0,10.0,13.0,523.0,26.0,10.0,2.0,3.0,0.0,6.0,2.0,9.0,2.0,1.0,,44.0,0.0,1.0,464.0,17.0,66.0,143.0,178.0,27.0,46.0,3.0,32.0,52.0,9.0,49.0,93.0,12.0,25.0,13.0,29.0,10.0,26.0,26.0,9.0,64.0,17.0,2.0,2.0,-0.7318,0.0,1.0,0.0,9.0,,,,
14025160,2025-09-20,14:00:00,Burnley,Nottingham Forest,True,1,1,37.0,0.85,2.0,12.0,7.0,4.0,12.0,351.0,11.0,11.0,1.0,5.0,1.0,4.0,3.0,9.0,3.0,1.0,1.0,23.0,4.0,1.0,272.0,17.0,53.0,66.0,108.0,16.0,46.0,8.0,26.0,56.0,5.0,31.0,56.0,14.0,25.0,11.0,17.0,9.0,11.0,11.0,10.0,50.0,35.0,,7.0,0.4656,2.0,1.0,1.0,5.0,,,,
14025160,2025-09-20,14:00:00,Nottingham Forest,Burnley,False,1,1,63.0,1.1,2.0,17.0,4.0,5.0,11.0,631.0,11.0,12.0,1.0,8.0,0.0,2.0,7.0,9.0,8.0,0.0,2.0,29.0,3.0,2.0,567.0,20.0,70.0,148.0,182.0,17.0,35.0,5.0,30.0,44.0,5.0,25.0,56.0,11.0,25.0,4.0,10.0,6.0,11.0,11.0,7.0,45.0,29.0,,4.0,-0.02,0.0,1.0,0.0,6.0,,,,
14025175,2025-09-20,14:00:00,West Ham United,Crystal Palace,True,1,2,57.0,0.66,1.0,8.0,1.0,8.0,15.0,450.0,9.0,5.0,4.0,3.0,0.0,4.0,1.0,7.0,1.0,0.0,1.0,20.0,2.0,1.0,375.0,19.0,56.0,59.0,108.0,21.0,47.0,7.0,22.0,40.0,15.0,28.0,69.0,18.0,47.0,14.0,21.0,6.0,9.0,9.0,7.0,43.0,22.0,,1.0,-0.6297,,1.0,1.0,11.0,,2.0,,
14025175,2025-09-20,14:00:00,Crystal Palace,West Ham United,False,2,1,43.0,2.31,4.0,18.0,2.0,8.0,5.0,345.0,22.0,15.0,3.0,3.0,2.0,9.0,6.0,14.0,4.0,2.0,2.0,27.0,3.0,2.0,284.0,12.0,47.0,61.0,94.0,22.0,48.0,8.0,18.0,60.0,8.0,41.0,69.0,29.0,47.0,5.0,6.0,16.0,22.0,22.0,10.0,39.0,35.0,,2.0,0.5549,,0.0,2.0,10.0,,0.0,,
14025178,2025-09-20,14:00:00,Wolverhampton,Leeds United,True,1,3,56.0,1.78,1.0,16.0,1.0,4.0,11.0,507.0,28.0,9.0,1.0,6.0,0.0,6.0,4.0,13.0,3.0,1.0,,39.0,0.0,0.0,425.0,28.0,83.0,93.0,143.0,24.0,46.0,14.0,35.0,57.0,12.0,46.0,85.0,29.0,47.0,9.0,17.0,14.0,28.0,28.0,3.0,53.0,16.0,1.0,1.0,-1.4555,0.0,0.0,0.0,5.0,,1.0,,
14025178,2025-09-20,14:00:00,Leeds United,Wolverhampton,False,3,1,44.0,0.48,1.0,6.0,5.0,0.0,9.0,416.0,20.0,11.0,1.0,4.0,0.0,2.0,0.0,2.0,4.0,1.0,,13.0,2.0,2.0,351.0,15.0,43.0,52.0,81.0,16.0,45.0,0.0,7.0,43.0,15.0,39.0,85.0,18.0,47.0,8.0,21.0,13.0,20.0,20.0,7.0,61.0,49.0,0.0,5.0,0.3063,1.0,1.0,2.0,7.0,,2.0,,
14025169,2025-09-20,16:30:00,Manchester United,Chelsea,True,2,1,41.0,1.84,3.0,11.0,0.0,5.0,13.0,371.0,21.0,14.0,2.0,4.0,0.0,3.0,4.0,6.0,5.0,2.0,1.0,21.0,6.0,3.0,292.0,23.0,49.0,78.0,115.0,13.0,55.0,8.0,26.0,49.0,8.0,39.0,76.0,12.0,28.0,5.0,13.0,16.0,21.0,21.0,10.0,47.0,19.0,0.0,0.0,-0.4062,0.0,,1.0,2.0,1.0,1.0,0.0,
14025169,2025-09-20,16:30:00,Chelsea,Manchester United,False,1,2,59.0,0.43,1.0,5.0,2.0,5.0,14.0,550.0,16.0,13.0,5.0,1.0,0.0,2.0,2.0,4.0,1.0,1.0,0.0,16.0,2.0,2.0,466.0,20.0,54.0,78.0,102.0,21.0,45.0,2.0,15.0,51.0,11.0,37.0,76.0,16.0,28.0,8.0,18.0,13.0,16.0,16.0,8.0,45.0,29.0,1.0,2.0,-0.1292,1.0,,1.0,6.0,1.0,1.0,1.0,
14025163,2025-09-20,19:00:00,Fulham,Brentford,True,3,1,53.0,1.01,3.0,14.0,2.0,2.0,11.0,456.0,19.0,13.0,4.0,3.0,0.0,5.0,6.0,8.0,6.0,2.0,1.0,27.0,1.0,2.0,382.0,16.0,40.0,71.0,99.0,22.0,49.0,5.0,13.0,60.0,9.0,39.0,65.0,15.0,25.0,8.0,12.0,9.0,19.0,19.0,6.0,43.0,39.0,1.0,2.0,-0.1153,,1.0,1.0,5.0,,1.0,1.0,
14025163,2025-09-20,19:00:00,Brentford,Fulham,False,1,3,47.0,0.6,1.0,8.0,2.0,10.0,13.0,398.0,13.0,11.0,1.0,3.0,0.0,2.0,3.0,8.0,0.0,1.0,0.0,17.0,1.0,2.0,324.0,23.0,46.0,51.0,89.0,17.0,46.0,2.0,21.0,40.0,10.0,26.0,65.0,10.0,25.0,4.0,13.0,6.0,13.0,13.0,5.0,38.0,18.0,0.0,2.0,-2.1541,,0.0,1.0,6.0,,0.0,0.0,
14025151,2025-09-21,13:00:00,Bournemouth,Newcastle United,True,0,0,56.0,0.46,,11.0,1.0,5.0,7.0,498.0,15.0,10.0,2.0,2.0,0.0,3.0,6.0,4.0,7.0,,,16.0,4.0,3.0,409.0,21.0,71.0,90.0,136.0,17.0,61.0,0.0,21.0,47.0,8.0,28.0,66.0,19.0,35.0,6.0,17.0,8.0,15.0,15.0,16.0,60.0,28.0,,1.0,0.0971,0.0,1.0,1.0,5.0,,0.0,,
14025151,2025-09-21,13:00:00,Newcastle United,Bournemouth,False,0,0,44.0,0.14,,4.0,2.0,2.0,10.0,390.0,19.0,7.0,1.0,1.0,0.0,2.0,1.0,1.0,3.0,,,17.0,0.0,2.0,298.0,28.0,67.0,85.0,134.0,21.0,56.0,2.0,16.0,53.0,8.0,38.0,66.0,16.0,35.0,12.0,19.0,11.0,19.0,19.0,8.0,54.0,35.0,,2.0,0.259,1.0,3.0,0.0,7.0,,1.0,,
14025172,2025-09-21,13:00:00,Sunderland,Aston Villa,True,1,1,29.0,1.04,1.0,14.0,1.0,6.0,14.0,218.0,20.0,8.0,2.0,4.0,1.0,6.0,4.0,10.0,4.0,1.0,0.0,16.0,0.0,0.0,151.0,15.0,41.0,27.0,62.0,16.0,49.0,2.0,12.0,54.0,11.0,33.0,56.0,14.0,31.0,5.0,5.0,13.0,20.0,20.0,8.0,30.0,34.0,1.0,1.0,-0.8476,,1.0,1.0,13.0,1.0,,1.0,
14025172,2025-09-21,13:00:00,Aston Villa,Sunderland,False,1,1,71.0,0.78,2.0,12.0,3.0,5.0,8.0,547.0,11.0,14.0,1.0,2.0,0.0,4.0,6.0,6.0,6.0,0.0,2.0,34.0,2.0,3.0,488.0,18.0,67.0,197.0,230.0,15.0,32.0,4.0,26.0,46.0,12.0,23.0,56.0,17.0,31.0,0.0,8.0,7.0,11.0,11.0,3.0,38.0,28.0,0.0,3.0,-0.0147,,0.0,1.0,8.0,0.0,,0.0,
14025154,2025-09-21,15:30:00,Arsenal,Manchester City,True,1,1,67.0,0.89,2.0,12.0,2.0,11.0,11.0,582.0,20.0,10.0,1.0,3.0,0.0,6.0,3.0,11.0,1.0,1.0,1.0,39.0,1.0,4.0,517.0,20.0,61.0,148.0,189.0,33.0,53.0,5.0,32.0,50.0,8.0,36.0,70.0,15.0,32.0,6.0,11.0,13.0,20.0,20.0,5.0,50.0,18.0,,2.0,0.1089,,,0.0,1.0,,2.0,0.0,
14025154,2025-09-21,15:30:00,Manchester City,Arsenal,False,1,1,33.0,0.87,2.0,5.0,2.0,1.0,10.0,300.0,13.0,11.0,2.0,3.0,0.0,2.0,0.0,4.0,1.0,1.0,1.0,7.0,0.0,2.0,229.0,24.0,48.0,54.0,89.0,19.0,47.0,0.0,4.0,50.0,12.0,34.0,70.0,17.0,32.0,10.0,18.0,9.0,13.0,13.0,5.0,48.0,60.0,,2.0,0.237,,,4.0,8.0,,1.0,1.0,
14025184,2025-09-27,11:30:00,Brentford,Manchester United,True,3,1,44.0,2.02,6.0,10.0,5.0,4.0,14.0,359.0,14.0,10.0,2.0,8.0,0.0,1.0,1.0,7.0,3.0,2.0,4.0,23.0,5.0,2.0,274.0,22.0,61.0,61.0,99.0,21.0,50.0,7.0,14.0,50.0,8.0,30.0,62.0,22.0,41.0,6.0,14.0,8.0,14.0,14.0,7.0,41.0,24.0,,5.0,1.4251,1.0,2.0,1.0,9.0,,1.0,,1.0
14025184,2025-09-27,11:30:00,Manchester United,Brentford,False,1,3,56.0,2.08,4.0,14.0,5.0,2.0,10.0,458.0,16.0,13.0,2.0,6.0,0.0,4.0,4.0,9.0,5.0,1.0,3.0,17.0,2.0,1.0,370.0,17.0,44.0,56.0,85.0,18.0,41.0,4.0,14.0,50.0,6.0,32.0,62.0,19.0,41.0,2.0,10.0,9.0,16.0,16.0,4.0,43.0,29.0,,5.0,0.0263,1.0,1.0,0.0,3.0,,1.0,,0.0
14025187,2025-09-27,14:00:00,Chelsea,Brighton & Hove Albion,True,1,3,60.0,1.81,2.0,13.0,0.0,5.0,9.0,470.0,21.0,16.0,3.0,3.0,0.0,4.0,6.0,7.0,6.0,1.0,1.0,17.0,5.0,2.0,396.0,21.0,53.0,75.0,110.0,15.0,53.0,3.0,14.0,53.0,9.0,46.0,83.0,8.0,19.0,10.0,22.0,11.0,21.0,21.0,10.0,35.0,8.0,1.0,0.0,-1.2271,0.0,4.0,,11.0,1.0,0.0,1.0,
14025187,2025-09-27,14:00:00,Brighton & Hove Albion,Chelsea,False,3,1,40.0,2.28,4.0,12.0,2.0,7.0,16.0,316.0,21.0,9.0,5.0,3.0,0.0,7.0,2.0,8.0,4.0,3.0,1.0,27.0,5.0,2.0,266.0,19.0,51.0,92.0,121.0,16.0,29.0,5.0,13.0,47.0,10.0,37.0,83.0,11.0,19.0,7.0,18.0,13.0,21.0,21.0,12.0,42.0,26.0,0.0,2.0,1.1236,2.0,0.0,,5.0,0.0,2.0,0.0,
14025190,2025-09-27,14:00:00,Crystal Palace,Liverpool FC,True,2,1,28.0,2.92,7.0,16.0,3.0,2.0,10.0,270.0,24.0,8.0,1.0,7.0,1.0,7.0,2.0,12.0,4.0,2.0,5.0,33.0,1.0,2.0,175.0,20.0,58.0,54.0,105.0,23.0,71.0,2.0,8.0,52.0,6.0,36.0,59.0,12.0,34.0,6.0,7.0,16.0,24.0,24.0,9.0,40.0,32.0,1.0,3.0,0.7945,0.0,1.0,,16.0,,1.0,2.0,
14025190,2025-09-27,14:00:00,Liverpool FC,Crystal Palace,False,1,2,72.0,2.14,6.0,20.0,5.0,6.0,8.0,688.0,7.0,10.0,3.0,4.0,1.0,11.0,5.0,13.0,7.0,1.0,5.0,28.0,1.0,1.0,609.0,18.0,93.0,141.0,185.0,19.0,45.0,8.0,26.0,48.0,11.0,23.0,59.0,22.0,34.0,6.0,19.0,5.0,7.0,7.0,10.0,55.0,36.0,0.0,5.0,0.6497,1.0,1.0,,8.0,,0.0,2.0,
14025196,2025-09-27,14:00:00,Leeds United,Bournemouth,True,2,2,41.0,1.84,3.0,19.0,3.0,7.0,12.0,357.0,27.0,13.0,2.0,8.0,0.0,5.0,6.0,16.0,3.0,0.0,3.0,35.0,2.0,0.0,280.0,14.0,48.0,53.0,88.0,32.0,60.0,9.0,16.0,51.0,14.0,47.0,91.0,18.0,37.0,8.0,17.0,16.0,27.0,27.0,9.0,44.0,25.0,,3.0,-0.6868,0.0,,1.0,11.0,,,,
14025196,2025-09-27,14:00:00,Bournemouth,Leeds United,False,2,2,59.0,0.82,1.0,12.0,6.0,4.0,13.0,509.0,23.0,12.0,2.0,5.0,0.0,4.0,3.0,7.0,5.0,1.0,0.0,21.0,1.0,2.0,436.0,28.0,60.0,134.0,174.0,24.0,46.0,3.0,21.0,49.0,13.0,44.0,91.0,19.0,37.0,11.0,25.0,11.0,23.0,23.0,7.0,52.0,30.0,,6.0,0.044,2.0,,0.0,5.0,,,,
14025199,2025-09-27,14:00:00,Manchester City,Burnley,True,5,1,69.0,2.03,5.0,21.0,1.0,10.0,5.0,638.0,8.0,7.0,1.0,8.0,0.0,7.0,6.0,13.0,8.0,3.0,2.0,64.0,1.0,1.0,566.0,22.0,64.0,208.0,249.0,10.0,26.0,9.0,23.0,49.0,12.0,28.0,53.0,11.0,26.0,14.0,22.0,6.0,8.0,8.0,4.0,36.0,19.0,0.0,1.0,-0.3864,1.0,0.0,0.0,4.0,,1.0,0.0,
14025199,2025-09-27,14:00:00,Burnley,Manchester City,False,1,5,31.0,0.41,0.0,9.0,5.0,2.0,7.0,295.0,20.0,5.0,3.0,2.0,0.0,2.0,5.0,5.0,4.0,0.0,0.0,11.0,0.0,1.0,242.0,14.0,38.0,55.0,78.0,31.0,53.0,1.0,7.0,51.0,4.0,25.0,53.0,15.0,26.0,1.0,5.0,9.0,20.0,20.0,10.0,33.0,31.0,2.0,5.0,-2.248,1.0,1.0,1.0,11.0,,0.0,1.0,
14025205,2025-09-27,16:30:00,Nottingham Forest,Sunderland,True,0,1,65.0,1.68,1.0,22.0,2.0,7.0,11.0,578.0,16.0,6.0,4.0,6.0,0.0,10.0,6.0,15.0,7.0,0.0,1.0,36.0,2.0,0.0,521.0,24.0,79.0,166.0,197.0,23.0,38.0,8.0,42.0,53.0,3.0,31.0,58.0,15.0,28.0,9.0,16.0,9.0,16.0,16.0,1.0,46.0,20.0,,2.0,0.3864,0.0,0.0,1.0,4.0,,1.0,2.0,
14025205,2025-09-27,16:30:00,Sunderland,Nottingham Forest,False,1,0,35.0,1.66,3.0,11.0,6.0,4.0,6.0,318.0,10.0,11.0,2.0,3.0,0.0,5.0,3.0,8.0,3.0,1.0,2.0,21.0,4.0,1.0,258.0,13.0,42.0,46.0,71.0,33.0,62.0,3.0,19.0,47.0,11.0,27.0,58.0,13.0,28.0,7.0,12.0,7.0,10.0,10.0,6.0,49.0,42.0,,6.0,1.6927,2.0,4.0,1.0,12.0,,1.0,1.0,
14025208,2025-09-27,19:00:00,Tottenham Hotspur,Wolverhampton,True,1,1,51.0,0.87,1.0,10.0,2.0,10.0,9.0,398.0,17.0,11.0,3.0,3.0,1.0,5.0,2.0,7.0,3.0,0.0,1.0,24.0,2.0,2.0,325.0,24.0,65.0,111.0,153.0,26.0,48.0,9.0,32.0,47.0,17.0,38.0,86.0,18.0,34.0,11.0,25.0,12.0,17.0,17.0,10.0,46.0,19.0,,2.0,0.4349,,1.0,0.0,6.0,,,,
14025208,2025-09-27,19:00:00,Wolverhampton,Tottenham Hotspur,False,1,1,49.0,1.15,1.0,9.0,2.0,9.0,11.0,394.0,31.0,9.0,2.0,3.0,1.0,5.0,1.0,6.0,3.0,1.0,0.0,16.0,2.0,0.0,321.0,25.0,45.0,58.0,87.0,22.0,60.0,4.0,15.0,53.0,9.0,48.0,86.0,16.0,34.0,8.0,16.0,14.0,31.0,31.0,10.0,40.0,41.0,,2.0,0.5021,,1.0,2.0,6.0,,,,
14025181,2025-09-28,13:00:00,Aston Villa,Fulham,True,3,1,48.0,1.11,3.0,9.0,3.0,2.0,10.0,403.0,10.0,13.0,1.0,4.0,0.0,3.0,2.0,4.0,5.0,2.0,1.0,18.0,2.0,2.0,340.0,11.0,43.0,65.0,99.0,17.0,36.0,1.0,10.0,45.0,9.0,24.0,61.0,14.0,23.0,5.0,12.0,4.0,10.0,10.0,7.0,48.0,26.0,,3.0,-0.2429,1.0,1.0,,9.0,,2.0,1.0,
14025181,2025-09-28,13:00:00,Fulham,Aston Villa,False,1,3,52.0,0.92,1.0,11.0,1.0,8.0,13.0,414.0,16.0,10.0,4.0,4.0,0.0,4.0,3.0,9.0,2.0,0.0,1.0,27.0,3.0,4.0,357.0,18.0,56.0,89.0,114.0,26.0,46.0,7.0,30.0,55.0,4.0,37.0,61.0,9.0,23.0,11.0,17.0,7.0,16.0,16.0,9.0,52.0,23.0,,1.0,-1.296,0.0,2.0,,4.0,,2.0,1.0,
14025202,2025-09-28,15:30:00,Newcastle United,Arsenal,True,1,2,37.0,0.61,1.0,8.0,5.0,7.0,8.0,279.0,12.0,9.0,2.0,3.0,0.0,1.0,4.0,7.0,1.0,1.0,0.0,17.0,0.0,1.0,194.0,21.0,46.0,46.0,90.0,20.0,55.0,3.0,15.0,48.0,10.0,23.0,55.0,26.0,48.0,3.0,6.0,8.0,12.0,12.0,8.0,42.0,41.0,,5.0,0.7305,4.0,2.0,0.0,7.0,,1.0,,
14025202,2025-09-28,15:30:00,Arsenal,Newcastle United,False,2,1,63.0,2.04,4.0,20.0,2.0,12.0,9.0,495.0,13.0,8.0,1.0,7.0,1.0,7.0,6.0,18.0,2.0,1.0,3.0,43.0,1.0,0.0,405.0,19.0,63.0,127.0,176.0,22.0,58.0,9.0,23.0,52.0,6.0,32.0,55.0,22.0,48.0,11.0,17.0,6.0,13.0,13.0,10.0,48.0,29.0,,2.0,-0.0741,0.0,1.0,1.0,3.0,,1.0,,
14311407,2025-09-29,19:00:00,Everton,West Ham United,True,1,1,52.0,0.73,0.0,12.0,2.0,3.0,7.0,447.0,11.0,16.0,3.0,6.0,0.0,3.0,3.0,9.0,3.0,,0.0,30.0,5.0,0.0,380.0,19.0,51.0,110.0,147.0,25.0,45.0,3.0,22.0,51.0,10.0,31.0,58.0,21.0,44.0,4.0,10.0,6.0,11.0,11.0,5.0,45.0,37.0,,2.0,0.1927,0.0,,0.0,7.0,,0.0,2.0,
14311407,2025-09-29,19:00:00,West Ham United,Everton,False,1,1,48.0,1.19,1.0,14.0,5.0,5.0,16.0,416.0,16.0,7.0,4.0,3.0,0.0,5.0,6.0,10.0,4.0,,1.0,29.0,1.0,2.0,332.0,22.0,53.0,92.0,132.0,19.0,55.0,4.0,18.0,49.0,5.0,27.0,58.0,23.0,44.0,4.0,10.0,7.0,16.0,16.0,6.0,49.0,36.0,,5.0,-0.5865,1.0,,1.0,9.0,,1.0,0.0,
14025211,2025-10-03,19:00:00,Bournemouth,Fulham,True,3,1,54.0,1.12,1.0,11.0,3.0,4.0,8.0,536.0,10.0,10.0,0.0,6.0,0.0,2.0,3.0,6.0,5.0,1.0,,30.0,2.0,2.0,460.0,28.0,89.0,137.0,188.0,25.0,51.0,1.0,25.0,55.0,4.0,29.0,56.0,11.0,17.0,10.0,17.0,7.0,10.0,10.0,8.0,60.0,23.0,,3.0,0.0641,1.0,,1.0,6.0,,2.0,1.0,
14025211,2025-10-03,19:00:00,Fulham,Bournemouth,False,1,3,46.0,0.88,1.0,12.0,3.0,3.0,10.0,473.0,11.0,8.0,1.0,4.0,0.0,4.0,4.0,5.0,7.0,1.0,,17.0,1.0,2.0,383.0,19.0,55.0,112.0,149.0,22.0,57.0,3.0,17.0,45.0,7.0,27.0,56.0,6.0,17.0,9.0,12.0,9.0,11.0,11.0,7.0,54.0,38.0,,3.0,-1.192,1.0,,2.0,14.0,,2.0,1.0,
14025225,2025-10-04,11:30:00,Leeds United,Tottenham Hotspur,True,1,2,57.0,1.68,4.0,16.0,1.0,4.0,10.0,478.0,19.0,12.0,2.0,4.0,1.0,10.0,2.0,11.0,5.0,1.0,3.0,22.0,1.0,1.0,401.0,15.0,65.0,87.0,131.0,16.0,40.0,10.0,21.0,52.0,8.0,34.0,68.0,14.0,24.0,3.0,10.0,11.0,19.0,19.0,6.0,53.0,25.0,1.0,1.0,-1.4004,,1.0,,9.0,,1.0,1.0,
14025225,2025-10-04,11:30:00,Tottenham Hotspur,Leeds United,False,2,1,43.0,0.53,1.0,9.0,3.0,1.0,12.0,374.0,15.0,10.0,3.0,3.0,1.0,4.0,2.0,4.0,5.0,0.0,1.0,18.0,2.0,2.0,298.0,14.0,51.0,65.0,104.0,11.0,48.0,1.0,10.0,48.0,12.0,34.0,68.0,10.0,24.0,10.0,17.0,10.0,15.0,15.0,6.0,42.0,34.0,0.0,3.0,0.6614,,0.0,,18.0,,1.0,3.0,
14025214,2025-10-04,14:00:00,Arsenal,West Ham United,True,2,0,68.0,2.77,4.0,21.0,0.0,8.0,14.0,566.0,23.0,13.0,0.0,5.0,1.0,7.0,9.0,16.0,5.0,2.0,2.0,46.0,5.0,1.0,498.0,16.0,44.0,129.0,171.0,10.0,27.0,3.0,23.0,55.0,9.0,42.0,75.0,12.0,24.0,5.0,13.0,14.0,23.0,23.0,7.0,36.0,27.0,,0.0,0.0,,0.0,0.0,4.0,,2.0,0.0,
14025214,2025-10-04,14:00:00,West Ham United,Arsenal,False,0,2,32.0,0.49,2.0,4.0,3.0,3.0,14.0,268.0,17.0,14.0,2.0,0.0,0.0,3.0,1.0,4.0,0.0,0.0,2.0,8.0,1.0,1.0,210.0,18.0,34.0,43.0,70.0,14.0,45.0,2.0,11.0,45.0,12.0,33.0,75.0,12.0,24.0,3.0,14.0,7.0,17.0,17.0,12.0,30.0,50.0,,3.0,0.1969,,1.0,2.0,7.0,,0.0,2.0,
14025227,2025-10-04,14:00:00,Manchester United,Sunderland,True,2,0,50.0,1.84,2.0,15.0,3.0,2.0,10.0,448.0,17.0,12.0,1.0,6.0,1.0,7.0,2.0,11.0,4.0,1.0,1.0,32.0,1.0,1.0,351.0,23.0,55.0,78.0,119.0,19.0,59.0,5.0,7.0,44.0,5.0,34.0,75.0,14.0,34.0,7.0,23.0,10.0,17.0,17.0,10.0,53.0,24.0,,3.0,0.9379,1.0,2.0,,8.0,,,0.0,
14025227,2025-10-04,14:00:00,Sunderland,Manchester United,False,0,2,50.0,0.71,2.0,8.0,4.0,3.0,12.0,428.0,21.0,10.0,4.0,3.0,0.0,4.0,1.0,5.0,3.0,0.0,2.0,14.0,0.0,2.0,341.0,20.0,48.0,71.0,106.0,16.0,52.0,4.0,20.0,56.0,8.0,41.0,75.0,20.0,34.0,11.0,20.0,9.0,21.0,21.0,10.0,47.0,31.0,,4.0,0.0742,2.0,0.0,,7.0,,,1.0,
14025221,2025-10-04,16:30:00,Chelsea,Liverpool FC,True,2,1,53.0,1.0,2.0,12.0,1.0,7.0,9.0,508.0,21.0,8.0,0.0,6.0,2.0,4.0,2.0,6.0,6.0,1.0,1.0,22.0,3.0,2.0,422.0,17.0,56.0,114.0,156.0,29.0,67.0,3.0,20.0,56.0,8.0,34.0,60.0,7.0,13.0,6.0,14.0,12.0,21.0,21.0,13.0,53.0,12.0,,1.0,-0.044,0.0,1.0,0.0,12.0,,0.0,,
14025221,2025-10-04,16:30:00,Liverpool FC,Chelsea,False,1,2,47.0,1.95,4.0,12.0,4.0,2.0,8.0,450.0,16.0,9.0,2.0,2.0,0.0,5.0,5.0,8.0,4.0,1.0,3.0,25.0,0.0,2.0,370.0,24.0,50.0,77.0,115.0,16.0,43.0,3.0,11.0,44.0,5.0,26.0,60.0,6.0,13.0,2.0,18.0,12.0,16.0,16.0,9.0,52.0,26.0,,4.0,-0.3379,2.0,2.0,1.0,10.0,,2.0,,
14025217,2025-10-05,13:00:00,Aston Villa,Burnley,True,2,1,55.0,1.16,2.0,15.0,1.0,6.0,9.0,496.0,15.0,15.0,3.0,7.0,0.0,5.0,3.0,12.0,3.0,1.0,1.0,23.0,1.0,3.0,434.0,9.0,40.0,65.0,92.0,21.0,38.0,8.0,11.0,56.0,13.0,36.0,73.0,20.0,27.0,6.0,20.0,10.0,15.0,15.0,5.0,48.0,23.0,,1.0,-0.7139,1.0,1.0,,4.0,,1.0,,
14025217,2025-10-05,13:00:00,Burnley,Aston Villa,False,1,2,45.0,0.4,1.0,5.0,5.0,4.0,15.0,409.0,27.0,9.0,1.0,2.0,1.0,1.0,2.0,3.0,2.0,1.0,0.0,12.0,0.0,5.0,331.0,17.0,60.0,56.0,99.0,23.0,55.0,3.0,7.0,44.0,8.0,37.0,73.0,7.0,27.0,2.0,9.0,11.0,27.0,27.0,13.0,45.0,5.0,,5.0,0.0474,3.0,0.0,,8.0,,0.0,,
14025223,2025-10-05,13:00:00,Everton,Crystal Palace,True,2,1,50.0,2.03,5.0,14.0,5.0,2.0,13.0,433.0,19.0,15.0,2.0,7.0,0.0,5.0,2.0,10.0,4.0,2.0,3.0,28.0,2.0,0.0,351.0,31.0,66.0,80.0,128.0,24.0,49.0,6.0,19.0,46.0,17.0,38.0,84.0,24.0,51.0,6.0,20.0,10.0,19.0,19.0,11.0,48.0,35.0,,5.0,0.3981,2.0,0.0,,4.0,,2.0,1.0,
14025223,2025-10-05,13:00:00,Crystal Palace,Everton,False,1,2,50.0,1.53,5.0,15.0,5.0,4.0,16.0,432.0,31.0,13.0,3.0,8.0,1.0,4.0,3.0,11.0,4.0,1.0,4.0,23.0,1.0,1.0,349.0,22.0,56.0,66.0,107.0,17.0,52.0,3.0,14.0,54.0,9.0,46.0,84.0,27.0,51.0,2.0,12.0,15.0,31.0,31.0,14.0,49.0,38.0,,5.0,0.6158,0.0,1.0,,5.0,,3.0,0.0,
14025229,2025-10-05,13:00:00,Newcastle United,Nottingham Forest,True,2,0,51.0,3.45,6.0,18.0,4.0,8.0,16.0,464.0,16.0,14.0,0.0,9.0,1.0,4.0,5.0,13.0,5.0,1.0,5.0,33.0,2.0,0.0,387.0,25.0,71.0,122.0,160.0,13.0,42.0,5.0,26.0,47.0,6.0,35.0,76.0,12.0,25.0,5.0,12.0,11.0,16.0,16.0,9.0,52.0,16.0,,4.0,0.2541,,,1.0,4.0,,1.0,0.0,
14025229,2025-10-05,13:00:00,Nottingham Forest,Newcastle United,False,0,2,49.0,0.3,0.0,5.0,7.0,1.0,15.0,452.0,13.0,16.0,4.0,4.0,0.0,1.0,0.0,4.0,1.0,0.0,0.0,18.0,1.0,2.0,372.0,17.0,38.0,67.0,91.0,20.0,51.0,3.0,14.0,53.0,11.0,41.0,76.0,13.0,25.0,13.0,18.0,8.0,13.0,13.0,9.0,56.0,38.0,,7.0,1.8432,,,0.0,8.0,,0.0,1.0,
14025231,2025-10-05,13:00:00,Wolverhampton,Brighton & Hove Albion,True,1,1,42.0,0.56,1.0,6.0,5.0,2.0,13.0,353.0,26.0,9.0,2.0,3.0,2.0,3.0,0.0,4.0,2.0,,1.0,8.0,2.0,1.0,270.0,16.0,48.0,36.0,72.0,31.0,64.0,3.0,15.0,52.0,11.0,41.0,81.0,15.0,27.0,6.0,14.0,14.0,26.0,26.0,9.0,55.0,32.0,0.0,5.0,0.4592,1.0,1.0,,11.0,,,1.0,
14025231,2025-10-05,13:00:00,Brighton & Hove Albion,Wolverhampton,False,1,1,58.0,0.92,2.0,17.0,3.0,8.0,9.0,492.0,19.0,13.0,4.0,6.0,0.0,6.0,5.0,10.0,7.0,,2.0,28.0,3.0,3.0,427.0,23.0,66.0,105.0,132.0,26.0,44.0,13.0,31.0,48.0,6.0,40.0,81.0,12.0,27.0,8.0,28.0,10.0,19.0,19.0,9.0,49.0,16.0,1.0,3.0,-0.332,0.0,1.0,,3.0,,,0.0,
14025219,2025-10-05,15:30:00,Brentford,Manchester City,True,0,1,30.0,0.7,1.0,6.0,3.0,3.0,10.0,311.0,16.0,6.0,3.0,1.0,0.0,3.0,2.0,4.0,2.0,0.0,1.0,8.0,,1.0,249.0,16.0,44.0,42.0,71.0,17.0,45.0,2.0,14.0,38.0,7.0,23.0,57.0,8.0,25.0,2.0,9.0,10.0,16.0,16.0,11.0,42.0,14.0,,3.0,-0.3488,1.0,2.0,0.0,3.0,,0.0,0.0,
14025219,2025-10-05,15:30:00,Manchester City,Brentford,False,1,0,70.0,0.85,2.0,10.0,1.0,2.0,6.0,764.0,14.0,10.0,2.0,4.0,0.0,2.0,4.0,6.0,4.0,1.0,1.0,23.0,,1.0,698.0,17.0,59.0,170.0,198.0,18.0,30.0,2.0,9.0,62.0,7.0,34.0,57.0,17.0,25.0,10.0,19.0,10.0,14.0,14.0,6.0,46.0,21.0,,1.0,0.232,0.0,3.0,1.0,8.0,,1.0,1.0,
14025245,2025-10-18,11:30:00,Nottingham Forest,Chelsea,True,0,3,50.0,2.35,4.0,12.0,3.0,5.0,13.0,445.0,19.0,16.0,2.0,2.0,1.0,8.0,2.0,8.0,4.0,0.0,4.0,23.0,1.0,1.0,367.0,21.0,50.0,83.0,125.0,15.0,46.0,5.0,23.0,47.0,6.0,42.0,82.0,5.0,18.0,8.0,17.0,10.0,19.0,19.0,9.0,42.0,15.0,1.0,3.0,-0.8425,,0.0,1.0,9.0,0.0,0.0,2.0,
14025245,2025-10-18,11:30:00,Chelsea,Nottingham Forest,False,3,0,50.0,1.67,4.0,17.0,2.0,2.0,16.0,463.0,15.0,13.0,4.0,6.0,0.0,6.0,5.0,11.0,6.0,2.0,2.0,20.0,4.0,2.0,397.0,12.0,52.0,75.0,101.0,28.0,57.0,3.0,9.0,53.0,11.0,40.0,82.0,13.0,18.0,12.0,20.0,8.0,15.0,15.0,13.0,52.0,19.0,0.0,2.0,0.5539,,1.0,0.0,14.0,1.0,2.0,3.0,
14025233,2025-10-18,14:00:00,Brighton & Hove Albion,Newcastle United,True,2,1,46.0,0.91,1.0,13.0,2.0,8.0,9.0,421.0,21.0,9.0,0.0,5.0,0.0,3.0,5.0,6.0,7.0,1.0,0.0,30.0,0.0,3.0,341.0,15.0,48.0,66.0,104.0,16.0,45.0,4.0,18.0,54.0,11.0,41.0,77.0,16.0,29.0,11.0,17.0,14.0,21.0,21.0,5.0,50.0,30.0,,2.0,0.0555,0.0,0.0,0.0,12.0,,2.0,0.0,
14025233,2025-10-18,14:00:00,Newcastle United,Brighton & Hove Albion,False,1,2,54.0,1.45,1.0,16.0,3.0,4.0,9.0,491.0,17.0,9.0,1.0,3.0,0.0,8.0,5.0,10.0,6.0,0.0,1.0,25.0,3.0,1.0,419.0,23.0,49.0,104.0,131.0,17.0,36.0,7.0,24.0,46.0,7.0,36.0,77.0,13.0,29.0,10.0,24.0,13.0,17.0,17.0,7.0,50.0,22.0,,3.0,-0.5595,2.0,2.0,1.0,5.0,,1.0,1.0,
14025235,2025-10-18,14:00:00,Burnley,Leeds United,True,2,0,31.0,0.45,1.0,4.0,4.0,1.0,10.0,292.0,14.0,7.0,2.0,3.0,0.0,1.0,0.0,1.0,3.0,1.0,0.0,3.0,1.0,1.0,221.0,20.0,36.0,37.0,70.0,23.0,49.0,1.0,7.0,43.0,6.0,22.0,51.0,18.0,43.0,2.0,9.0,8.0,14.0,14.0,17.0,37.0,50.0,,4.0,0.5051,,1.0,2.0,11.0,,,1.0,
14025235,2025-10-18,14:00:00,Leeds United,Burnley,False,0,2,69.0,2.63,4.0,19.0,1.0,5.0,7.0,615.0,13.0,10.0,1.0,4.0,1.0,12.0,3.0,17.0,2.0,0.0,4.0,44.0,1.0,0.0,526.0,25.0,61.0,117.0,160.0,13.0,39.0,18.0,47.0,57.0,8.0,29.0,51.0,25.0,43.0,6.0,12.0,6.0,13.0,13.0,12.0,37.0,12.0,,1.0,-0.7921,,1.0,0.0,3.0,,,0.0,
14025237,2025-10-18,14:00:00,Crystal Palace,Bournemouth,True,3,3,52.0,4.44,7.0,20.0,2.0,6.0,8.0,404.0,23.0,15.0,1.0,7.0,0.0,6.0,7.0,15.0,5.0,3.0,4.0,41.0,3.0,3.0,308.0,17.0,60.0,73.0,130.0,36.0,69.0,6.0,19.0,58.0,6.0,41.0,72.0,32.0,54.0,4.0,16.0,14.0,23.0,23.0,6.0,50.0,32.0,1.0,2.0,-0.1899,1.0,0.0,,4.0,,2.0,1.0,
14025237,2025-10-18,14:00:00,Bournemouth,Crystal Palace,False,3,3,48.0,2.03,3.0,8.0,4.0,5.0,16.0,364.0,18.0,8.0,4.0,5.0,0.0,3.0,0.0,5.0,3.0,3.0,0.0,19.0,2.0,3.0,280.0,14.0,43.0,68.0,112.0,20.0,52.0,2.0,12.0,42.0,16.0,31.0,72.0,22.0,54.0,6.0,13.0,7.0,18.0,18.0,12.0,45.0,47.0,0.0,4.0,0.9307,1.0,4.0,,11.0,,1.0,0.0,
14025243,2025-10-18,14:00:00,Manchester City,Everton,True,2,0,71.0,2.38,6.0,19.0,1.0,11.0,8.0,749.0,15.0,14.0,0.0,7.0,1.0,5.0,7.0,16.0,3.0,1.0,5.0,46.0,1.0,0.0,685.0,23.0,69.0,167.0,201.0,23.0,38.0,5.0,18.0,55.0,10.0,43.0,74.0,17.0,35.0,15.0,23.0,9.0,15.0,15.0,5.0,39.0,26.0,,1.0,0.0673,0.0,1.0,2.0,3.0,,6.0,1.0,
14025243,2025-10-18,14:00:00,Everton,Manchester City,False,0,2,29.0,0.81,1.0,5.0,5.0,3.0,14.0,300.0,18.0,8.0,2.0,1.0,0.0,2.0,2.0,4.0,1.0,0.0,1.0,15.0,1.0,1.0,237.0,11.0,43.0,56.0,84.0,25.0,56.0,1.0,10.0,45.0,5.0,31.0,74.0,18.0,35.0,5.0,15.0,11.0,18.0,18.0,7.0,41.0,28.0,,5.0,-0.5225,1.0,0.0,0.0,9.0,,0.0,0.0,
14025247,2025-10-18,14:00:00,Sunderland,Wolverhampton,True,2,0,41.0,0.65,2.0,8.0,3.0,2.0,5.0,341.0,14.0,12.0,,2.0,1.0,3.0,3.0,5.0,3.0,1.0,1.0,17.0,1.0,2.0,248.0,17.0,47.0,56.0,101.0,15.0,56.0,3.0,12.0,50.0,6.0,33.0,59.0,27.0,61.0,8.0,17.0,9.0,14.0,14.0,7.0,39.0,36.0,,3.0,0.2698,1.0,1.0,0.0,16.0,,,2.0,
14025247,2025-10-18,14:00:00,Wolverhampton,Sunderland,False,0,2,59.0,0.83,0.0,16.0,1.0,2.0,12.0,466.0,15.0,5.0,,3.0,0.0,8.0,5.0,8.0,8.0,0.0,0.0,38.0,2.0,2.0,393.0,26.0,65.0,97.0,138.0,29.0,60.0,11.0,31.0,50.0,5.0,26.0,59.0,34.0,61.0,7.0,16.0,12.0,15.0,15.0,8.0,40.0,40.0,,1.0,-1.7782,0.0,0.0,1.0,7.0,,,0.0,
14025239,2025-10-18,16:30:00,Fulham,Arsenal,True,0,1,37.0,0.44,0.0,9.0,4.0,6.0,11.0,313.0,20.0,4.0,,0.0,0.0,6.0,3.0,6.0,3.0,0.0,0.0,16.0,1.0,0.0,248.0,17.0,37.0,44.0,66.0,19.0,54.0,2.0,18.0,42.0,5.0,30.0,60.0,8.0,30.0,6.0,10.0,13.0,20.0,20.0,7.0,44.0,35.0,,4.0,0.4233,1.0,2.0,2.0,11.0,,0.0,0.0,
14025239,2025-10-18,16:30:00,Arsenal,Fulham,False,1,0,63.0,1.87,3.0,16.0,0.0,10.0,4.0,546.0,9.0,11.0,,5.0,0.0,7.0,4.0,14.0,2.0,1.0,2.0,46.0,1.0,2.0,475.0,17.0,80.0,143.0,195.0,20.0,48.0,5.0,24.0,58.0,16.0,30.0,60.0,22.0,30.0,10.0,14.0,5.0,9.0,9.0,1.0,48.0,29.0,,0.0,0.0,0.0,0.0,0.0,8.0,,2.0,3.0,
14025249,2025-10-19,13:00:00,Tottenham Hotspur,Aston Villa,True,1,2,53.0,0.75,3.0,10.0,0.0,6.0,11.0,382.0,25.0,7.0,2.0,3.0,0.0,5.0,2.0,7.0,3.0,1.0,2.0,28.0,1.0,6.0,336.0,23.0,47.0,84.0,105.0,25.0,41.0,5.0,22.0,47.0,11.0,37.0,78.0,11.0,25.0,5.0,18.0,15.0,25.0,25.0,6.0,47.0,29.0,,0.0,-1.033,0.0,0.0,,6.0,,,2.0,
14025249,2025-10-19,13:00:00,Aston Villa,Tottenham Hotspur,False,2,1,47.0,0.32,0.0,8.0,2.0,6.0,7.0,348.0,24.0,11.0,0.0,2.0,0.0,4.0,2.0,2.0,6.0,0.0,0.0,7.0,0.0,1.0,292.0,21.0,43.0,61.0,87.0,15.0,42.0,0.0,16.0,53.0,14.0,41.0,78.0,14.0,25.0,7.0,18.0,15.0,24.0,24.0,2.0,41.0,29.0,,2.0,-0.0039,1.0,2.0,,7.0,,,1.0,
14025241,2025-10-19,15:30:00,Liverpool FC,Manchester United,True,1,2,64.0,2.75,5.0,19.0,2.0,9.0,8.0,480.0,13.0,14.0,0.0,6.0,3.0,11.0,2.0,16.0,3.0,1.0,4.0,52.0,4.0,1.0,408.0,31.0,63.0,123.0,152.0,27.0,47.0,9.0,48.0,53.0,8.0,30.0,57.0,21.0,39.0,4.0,11.0,7.0,13.0,13.0,5.0,36.0,28.0,,2.0,-0.9428,,0.0,0.0,7.0,,1.0,2.0,
14025241,2025-10-19,15:30:00,Manchester United,Liverpool FC,False,2,1,36.0,1.34,5.0,12.0,5.0,4.0,14.0,294.0,15.0,8.0,2.0,4.0,1.0,5.0,3.0,10.0,2.0,2.0,3.0,16.0,1.0,1.0,200.0,17.0,63.0,58.0,104.0,18.0,75.0,4.0,12.0,47.0,9.0,27.0,57.0,18.0,39.0,4.0,8.0,9.0,15.0,15.0,6.0,41.0,46.0,,5.0,1.3296,,2.0,1.0,18.0,,1.0,1.0,
14504827,2025-10-20,19:00:00,West Ham United,Brentford,True,0,2,44.0,0.35,0.0,7.0,4.0,6.0,10.0,344.0,16.0,10.0,1.0,1.0,0.0,3.0,3.0,2.0,5.0,0.0,0.0,14.0,2.0,3.0,257.0,26.0,33.0,54.0,85.0,19.0,56.0,2.0,20.0,41.0,4.0,28.0,54.0,15.0,51.0,2.0,9.0,12.0,16.0,16.0,2.0,46.0,39.0,,4.0,-0.2501,2.0,2.0,,9.0,,0.0,,
14504827,2025-10-20,19:00:00,Brentford,West Ham United,False,2,0,56.0,2.37,5.0,22.0,1.0,10.0,10.0,451.0,11.0,10.0,1.0,7.0,2.0,10.0,5.0,20.0,2.0,1.0,4.0,42.0,2.0,2.0,372.0,23.0,52.0,81.0,121.0,23.0,48.0,13.0,24.0,59.0,4.0,26.0,54.0,36.0,51.0,6.0,18.0,8.0,11.0,11.0,7.0,44.0,26.0,,1.0,0.2026,1.0,2.0,,8.0,,1.0,,
14025265,2025-10-24,19:00:00,Leeds United,West Ham United,True,2,1,41.0,1.49,3.0,13.0,2.0,3.0,12.0,373.0,21.0,11.0,3.0,5.0,1.0,5.0,3.0,8.0,5.0,2.0,1.0,10.0,1.0,1.0,302.0,18.0,38.0,39.0,66.0,20.0,56.0,5.0,11.0,48.0,8.0,37.0,68.0,15.0,41.0,5.0,10.0,13.0,21.0,21.0,13.0,45.0,39.0,,2.0,0.0311,,1.0,,8.0,,1.0,,
14025265,2025-10-24,19:00:00,West Ham United,Leeds United,False,1,2,59.0,0.65,0.0,9.0,3.0,4.0,11.0,536.0,13.0,12.0,3.0,3.0,0.0,3.0,3.0,4.0,5.0,0.0,0.0,10.0,2.0,1.0,441.0,31.0,62.0,99.0,149.0,19.0,47.0,3.0,23.0,52.0,10.0,31.0,68.0,26.0,41.0,6.0,17.0,6.0,13.0,13.0,4.0,52.0,12.0,,3.0,-0.5397,,0.0,,5.0,,1.0,,
14025261,2025-10-25,14:00:00,Chelsea,Sunderland,True,1,2,68.0,0.9,2.0,16.0,2.0,9.0,15.0,629.0,8.0,13.0,1.0,7.0,0.0,5.0,4.0,10.0,6.0,1.0,1.0,26.0,3.0,3.0,567.0,15.0,61.0,157.0,187.0,19.0,39.0,4.0,29.0,45.0,8.0,30.0,61.0,10.0,27.0,9.0,15.0,8.0,8.0,8.0,3.0,47.0,18.0,,2.0,-0.4225,,1.0,0.0,4.0,,0.0,,
14025261,2025-10-25,14:00:00,Sunderland,Chelsea,False,2,1,32.0,1.31,2.0,10.0,6.0,1.0,13.0,293.0,14.0,15.0,1.0,4.0,0.0,2.0,4.0,7.0,3.0,1.0,1.0,17.0,2.0,2.0,230.0,13.0,55.0,52.0,90.0,19.0,49.0,1.0,9.0,55.0,5.0,31.0,61.0,17.0,27.0,4.0,7.0,8.0,14.0,14.0,8.0,43.0,33.0,,6.0,-0.0126,,3.0,1.0,8.0,,1.0,,
14025269,2025-10-25,14:00:00,Newcastle United,Fulham,True,2,1,51.0,2.14,4.0,18.0,4.0,4.0,11.0,452.0,14.0,18.0,0.0,7.0,2.0,6.0,5.0,10.0,8.0,1.0,3.0,35.0,4.0,0.0,381.0,19.0,51.0,89.0,123.0,22.0,44.0,6.0,19.0,53.0,10.0,38.0,73.0,14.0,25.0,6.0,15.0,9.0,14.0,14.0,7.0,52.0,20.0,0.0,4.0,1.6891,,1.0,0.0,5.0,,1.0,2.0,
14025269,2025-10-25,14:00:00,Fulham,Newcastle United,False,1,2,49.0,1.53,2.0,12.0,5.0,3.0,18.0,444.0,19.0,11.0,2.0,5.0,1.0,2.0,5.0,8.0,4.0,1.0,1.0,25.0,0.0,1.0,351.0,23.0,48.0,72.0,106.0,22.0,50.0,1.0,13.0,47.0,7.0,35.0,73.0,11.0,25.0,5.0,12.0,11.0,19.0,19.0,9.0,48.0,21.0,2.0,5.0,0.1465,,0.0,1.0,8.0,,0.0,1.0,
14025267,2025-10-25,16:30:00,Manchester United,Brighton & Hove Albion,True,4,2,44.0,1.29,4.0,13.0,3.0,1.0,4.0,442.0,21.0,13.0,2.0,9.0,1.0,3.0,1.0,7.0,6.0,1.0,3.0,21.0,2.0,2.0,361.0,16.0,46.0,108.0,142.0,27.0,56.0,1.0,9.0,52.0,9.0,46.0,85.0,15.0,33.0,13.0,22.0,13.0,21.0,21.0,14.0,63.0,15.0,,3.0,-0.2989,1.0,1.0,,12.0,,3.0,1.0,
14025267,2025-10-25,16:30:00,Brighton & Hove Albion,Manchester United,False,2,4,56.0,1.12,1.0,17.0,5.0,6.0,13.0,568.0,18.0,4.0,2.0,5.0,0.0,8.0,4.0,10.0,7.0,1.0,0.0,20.0,2.0,2.0,485.0,14.0,45.0,72.0,102.0,20.0,44.0,5.0,17.0,48.0,15.0,39.0,85.0,18.0,33.0,17.0,23.0,12.0,18.0,18.0,12.0,66.0,18.0,,5.0,-0.9557,2.0,1.0,,7.0,,1.0,2.0,
14025259,2025-10-25,19:00:00,Brentford,Liverpool FC,True,3,2,34.0,2.75,7.0,17.0,3.0,5.0,7.0,288.0,15.0,9.0,3.0,8.0,0.0,7.0,2.0,12.0,5.0,3.0,4.0,34.0,1.0,2.0,201.0,23.0,50.0,61.0,109.0,22.0,64.0,6.0,19.0,48.0,8.0,32.0,69.0,27.0,53.0,7.0,20.0,9.0,15.0,15.0,14.0,58.0,35.0,1.0,3.0,0.0593,0.0,,0.0,7.0,,1.0,0.0,
14025259,2025-10-25,19:00:00,Liverpool FC,Brentford,False,2,3,66.0,2.3,3.0,18.0,5.0,4.0,10.0,586.0,21.0,7.0,2.0,5.0,0.0,7.0,6.0,12.0,6.0,1.0,2.0,37.0,1.0,0.0,490.0,15.0,74.0,150.0,196.0,24.0,61.0,7.0,21.0,52.0,7.0,37.0,69.0,26.0,53.0,9.0,17.0,12.0,21.0,21.0,4.0,51.0,41.0,0.0,5.0,-0.5083,2.0,,1.0,10.0,,1.0,1.0,
14025255,2025-10-26,14:00:00,Arsenal,Crystal Palace,True,1,0,60.0,0.92,2.0,10.0,1.0,4.0,6.0,540.0,12.0,11.0,,3.0,1.0,4.0,3.0,7.0,3.0,,2.0,25.0,3.0,2.0,449.0,17.0,87.0,88.0,147.0,18.0,53.0,4.0,10.0,53.0,10.0,27.0,53.0,21.0,37.0,5.0,11.0,7.0,12.0,12.0,6.0,45.0,28.0,,1.0,0.4775,,,,9.0,,2.0,1.0,
14025255,2025-10-26,14:00:00,Crystal Palace,Arsenal,False,0,1,40.0,0.45,0.0,7.0,2.0,3.0,11.0,360.0,16.0,6.0,,1.0,0.0,3.0,3.0,5.0,2.0,,0.0,15.0,0.0,1.0,265.0,19.0,46.0,45.0,97.0,19.0,63.0,3.0,10.0,47.0,10.0,26.0,53.0,16.0,37.0,4.0,6.0,9.0,16.0,16.0,12.0,43.0,44.0,,2.0,0.0192,,,,6.0,,0.0,0.0,
14025257,2025-10-26,14:00:00,Aston Villa,Manchester City,True,1,0,47.0,0.81,2.0,9.0,3.0,5.0,8.0,449.0,18.0,16.0,1.0,3.0,0.0,1.0,5.0,8.0,1.0,,2.0,26.0,1.0,1.0,388.0,13.0,48.0,52.0,87.0,25.0,59.0,3.0,12.0,51.0,7.0,39.0,67.0,3.0,16.0,6.0,13.0,11.0,18.0,18.0,7.0,45.0,19.0,,3.0,0.1635,,1.0,,7.0,,0.0,,
14025257,2025-10-26,14:00:00,Manchester City,Aston Villa,False,0,1,53.0,1.18,2.0,18.0,2.0,6.0,16.0,504.0,14.0,8.0,4.0,4.0,0.0,5.0,9.0,14.0,4.0,,2.0,33.0,1.0,3.0,455.0,14.0,52.0,141.0,174.0,10.0,20.0,7.0,21.0,49.0,7.0,28.0,67.0,13.0,16.0,6.0,17.0,8.0,14.0,14.0,11.0,44.0,19.0,,2.0,-0.1939,,0.0,,3.0,,2.0,,
14025253,2025-10-26,14:00:00,Bournemouth,Nottingham Forest,True,2,0,52.0,0.58,,13.0,4.0,6.0,17.0,447.0,9.0,7.0,3.0,5.0,0.0,4.0,4.0,5.0,8.0,,,16.0,0.0,3.0,359.0,21.0,45.0,87.0,120.0,17.0,48.0,2.0,10.0,41.0,10.0,23.0,60.0,17.0,38.0,7.0,16.0,7.0,9.0,9.0,12.0,50.0,16.0,0.0,4.0,0.8149,2.0,0.0,,7.0,,,0.0,
14025253,2025-10-26,14:00:00,Nottingham Forest,Bournemouth,False,0,2,48.0,0.37,,8.0,3.0,4.0,7.0,409.0,19.0,17.0,1.0,4.0,0.0,2.0,2.0,3.0,5.0,,,7.0,1.0,0.0,318.0,19.0,62.0,78.0,120.0,30.0,69.0,3.0,13.0,59.0,3.0,37.0,60.0,21.0,38.0,2.0,8.0,10.0,19.0,19.0,9.0,45.0,18.0,1.0,3.0,-1.4367,2.0,1.0,,7.0,,,1.0,
14025271,2025-10-26,14:00:00,Wolverhampton,Burnley,True,2,3,57.0,2.28,3.0,15.0,4.0,4.0,12.0,493.0,14.0,6.0,1.0,7.0,1.0,6.0,2.0,10.0,5.0,2.0,1.0,35.0,2.0,2.0,414.0,14.0,73.0,109.0,151.0,28.0,53.0,12.0,44.0,49.0,11.0,28.0,62.0,21.0,39.0,7.0,15.0,6.0,14.0,14.0,9.0,52.0,24.0,1.0,4.0,-1.1178,1.0,,,3.0,,0.0,0.0,
14025271,2025-10-26,14:00:00,Burnley,Wolverhampton,False,3,2,43.0,1.43,2.0,11.0,5.0,3.0,7.0,391.0,19.0,12.0,0.0,7.0,0.0,1.0,3.0,6.0,5.0,2.0,0.0,20.0,4.0,2.0,308.0,18.0,56.0,58.0,98.0,27.0,63.0,1.0,10.0,51.0,8.0,34.0,62.0,18.0,39.0,3.0,9.0,8.0,19.0,19.0,5.0,38.0,42.0,0.0,5.0,0.2963,1.0,,,10.0,,1.0,1.0,
14025263,2025-10-26,16:30:00,Everton,Tottenham Hotspur,True,0,3,54.0,1.74,3.0,12.0,1.0,9.0,9.0,442.0,19.0,8.0,2.0,2.0,0.0,5.0,5.0,8.0,4.0,0.0,3.0,31.0,2.0,2.0,374.0,17.0,56.0,123.0,168.0,16.0,37.0,3.0,33.0,53.0,8.0,35.0,72.0,19.0,30.0,8.0,21.0,10.0,19.0,19.0,6.0,46.0,27.0,1.0,1.0,0.2262,1.0,0.0,1.0,3.0,,,1.0,
14025263,2025-10-26,16:30:00,Tottenham Hotspur,Everton,False,3,0,46.0,1.72,4.0,7.0,2.0,8.0,8.0,395.0,20.0,9.0,0.0,4.0,0.0,2.0,1.0,5.0,2.0,3.0,1.0,16.0,2.0,2.0,329.0,15.0,37.0,46.0,75.0,14.0,45.0,4.0,15.0,47.0,11.0,37.0,72.0,11.0,30.0,8.0,16.0,11.0,20.0,20.0,6.0,50.0,54.0,0.0,2.0,1.199,3.0,1.0,2.0,9.0,,,1.0,
14025273,2025-11-01,15:00:00,Brighton & Hove Albion,Leeds United,True,3,0,50.0,3.07,3.0,14.0,2.0,4.0,10.0,491.0,24.0,7.0,0.0,7.0,0.0,5.0,2.0,8.0,6.0,3.0,0.0,26.0,1.0,3.0,431.0,22.0,50.0,65.0,97.0,19.0,39.0,2.0,10.0,53.0,9.0,39.0,72.0,10.0,20.0,9.0,12.0,15.0,24.0,24.0,3.0,41.0,14.0,0.0,2.0,0.8837,,1.0,,6.0,,0.0,0.0,
14025273,2025-11-01,15:00:00,Leeds United,Brighton & Hove Albion,False,0,3,50.0,0.5,1.0,5.0,4.0,7.0,7.0,486.0,12.0,10.0,1.0,2.0,0.0,2.0,1.0,3.0,2.0,0.0,1.0,18.0,3.0,1.0,423.0,18.0,35.0,53.0,75.0,22.0,47.0,4.0,19.0,47.0,11.0,33.0,72.0,10.0,20.0,11.0,24.0,8.0,12.0,12.0,6.0,37.0,19.0,1.0,4.0,1.4765,,0.0,,11.0,,2.0,1.0,
14025275,2025-11-01,15:00:00,Burnley,Arsenal,True,0,2,46.0,0.42,1.0,3.0,5.0,1.0,10.0,427.0,14.0,13.0,2.0,0.0,1.0,3.0,0.0,2.0,1.0,0.0,1.0,12.0,1.0,0.0,348.0,19.0,57.0,73.0,107.0,27.0,57.0,1.0,13.0,51.0,8.0,31.0,62.0,18.0,34.0,6.0,14.0,9.0,14.0,14.0,7.0,34.0,28.0,,5.0,0.5808,1.0,0.0,1.0,9.0,,0.0,2.0,
14025275,2025-11-01,15:00:00,Arsenal,Burnley,False,2,0,54.0,2.42,4.0,12.0,0.0,6.0,13.0,494.0,16.0,10.0,1.0,8.0,0.0,3.0,1.0,9.0,3.0,2.0,2.0,23.0,1.0,1.0,426.0,21.0,50.0,78.0,112.0,13.0,43.0,4.0,14.0,49.0,8.0,31.0,62.0,16.0,34.0,5.0,11.0,7.0,16.0,16.0,6.0,45.0,28.0,,0.0,0.0,0.0,1.0,0.0,2.0,,1.0,0.0,
14025277,2025-11-01,15:00:00,Crystal Palace,Brentford,True,2,0,36.0,0.7,1.0,10.0,2.0,6.0,7.0,268.0,13.0,11.0,0.0,3.0,1.0,3.0,4.0,6.0,4.0,,1.0,24.0,2.0,1.0,178.0,23.0,57.0,42.0,97.0,17.0,56.0,2.0,17.0,44.0,9.0,26.0,54.0,16.0,41.0,2.0,9.0,7.0,13.0,13.0,12.0,48.0,31.0,,2.0,0.7742,1.0,3.0,1.0,8.0,,,0.0,
14025277,2025-11-01,15:00:00,Brentford,Crystal Palace,False,0,2,64.0,0.54,1.0,6.0,2.0,5.0,11.0,493.0,16.0,7.0,3.0,2.0,0.0,2.0,2.0,2.0,4.0,,1.0,16.0,2.0,3.0,392.0,19.0,66.0,64.0,116.0,27.0,68.0,1.0,17.0,56.0,6.0,28.0,54.0,25.0,41.0,6.0,13.0,11.0,16.0,16.0,4.0,60.0,38.0,,2.0,-1.1818,0.0,3.0,0.0,5.0,,,1.0,
14025279,2025-11-01,15:00:00,Fulham,Wolverhampton,True,3,0,63.0,1.39,2.0,19.0,2.0,10.0,13.0,549.0,6.0,14.0,1.0,6.0,1.0,5.0,8.0,11.0,8.0,1.0,1.0,37.0,6.0,3.0,477.0,31.0,58.0,123.0,161.0,19.0,41.0,6.0,21.0,47.0,9.0,26.0,57.0,14.0,29.0,7.0,15.0,2.0,6.0,6.0,4.0,48.0,22.0,,2.0,0.0973,0.0,1.0,1.0,4.0,0.0,1.0,,
14025279,2025-11-01,15:00:00,Wolverhampton,Fulham,False,0,3,37.0,0.24,1.0,5.0,4.0,1.0,14.0,316.0,17.0,13.0,3.0,2.0,0.0,2.0,1.0,3.0,2.0,0.0,1.0,17.0,3.0,0.0,243.0,13.0,64.0,56.0,106.0,31.0,68.0,4.0,16.0,53.0,3.0,31.0,57.0,15.0,29.0,2.0,5.0,12.0,17.0,17.0,10.0,38.0,31.0,,4.0,-1.0762,3.0,0.0,0.0,12.0,1.0,0.0,,
14025285,2025-11-01,15:00:00,Nottingham Forest,Manchester United,True,2,2,41.0,1.93,1.0,17.0,4.0,8.0,17.0,350.0,17.0,7.0,1.0,3.0,0.0,8.0,6.0,11.0,6.0,1.0,,24.0,,2.0,263.0,15.0,57.0,87.0,129.0,23.0,62.0,5.0,25.0,43.0,6.0,28.0,58.0,17.0,46.0,5.0,11.0,10.0,17.0,17.0,11.0,56.0,17.0,,4.0,-0.5804,1.0,1.0,1.0,7.0,,0.0,0.0,
14025285,2025-11-01,15:00:00,Manchester United,Nottingham Forest,False,2,2,59.0,1.12,0.0,18.0,1.0,5.0,0.0,525.0,12.0,10.0,1.0,7.0,1.0,6.0,5.0,8.0,10.0,0.0,,17.0,,1.0,442.0,12.0,63.0,85.0,117.0,31.0,62.0,5.0,13.0,57.0,6.0,30.0,58.0,29.0,46.0,8.0,19.0,10.0,12.0,12.0,10.0,53.0,22.0,,1.0,-0.4435,0.0,0.0,1.0,9.0,,2.0,1.0,
14025289,2025-11-01,17:30:00,Tottenham Hotspur,Chelsea,True,0,1,48.0,0.1,0.0,3.0,8.0,6.0,14.0,387.0,30.0,12.0,4.0,1.0,0.0,1.0,1.0,2.0,1.0,0.0,0.0,15.0,2.0,1.0,294.0,25.0,47.0,62.0,100.0,13.0,46.0,0.0,16.0,52.0,11.0,50.0,92.0,19.0,41.0,9.0,18.0,19.0,30.0,30.0,4.0,55.0,20.0,1.0,8.0,2.1654,1.0,0.0,1.0,9.0,,,2.0,
14025289,2025-11-01,17:30:00,Chelsea,Tottenham Hotspur,False,1,0,52.0,3.68,6.0,15.0,1.0,5.0,12.0,425.0,20.0,14.0,2.0,9.0,0.0,5.0,1.0,12.0,3.0,1.0,5.0,36.0,4.0,1.0,343.0,22.0,53.0,94.0,128.0,26.0,53.0,3.0,13.0,48.0,11.0,42.0,92.0,22.0,41.0,8.0,27.0,12.0,20.0,20.0,17.0,64.0,19.0,0.0,1.0,0.1577,1.0,5.0,1.0,4.0,,,1.0,
14025281,2025-11-01,20:00:00,Liverpool FC,Aston Villa,True,2,0,53.0,1.19,4.0,16.0,3.0,1.0,13.0,467.0,12.0,11.0,2.0,4.0,0.0,7.0,5.0,7.0,9.0,1.0,3.0,21.0,3.0,8.0,408.0,17.0,63.0,104.0,140.0,19.0,42.0,1.0,11.0,54.0,6.0,32.0,62.0,10.0,16.0,9.0,14.0,8.0,12.0,12.0,6.0,37.0,25.0,0.0,3.0,0.3005,2.0,,,11.0,,0.0,1.0,
14025281,2025-11-01,20:00:00,Aston Villa,Liverpool FC,False,0,2,47.0,0.41,0.0,10.0,2.0,4.0,11.0,398.0,11.0,13.0,3.0,3.0,2.0,6.0,1.0,4.0,6.0,0.0,0.0,22.0,2.0,0.0,336.0,12.0,51.0,70.0,104.0,21.0,48.0,1.0,18.0,46.0,8.0,30.0,62.0,6.0,16.0,6.0,10.0,7.0,11.0,11.0,6.0,34.0,26.0,1.0,2.0,-0.9881,1.0,,,10.0,,1.0,2.0,
14025291,2025-11-02,14:00:00,West Ham United,Newcastle United,True,3,1,37.0,1.75,2.0,15.0,3.0,7.0,5.0,320.0,21.0,10.0,1.0,9.0,1.0,3.0,3.0,10.0,5.0,,2.0,21.0,2.0,4.0,245.0,17.0,41.0,69.0,96.0,20.0,62.0,6.0,21.0,57.0,5.0,36.0,56.0,5.0,16.0,7.0,10.0,13.0,21.0,21.0,7.0,45.0,41.0,0.0,3.0,-0.2135,3.0,1.0,2.0,11.0,,,0.0,
14025291,2025-11-02,14:00:00,Newcastle United,West Ham United,False,1,3,63.0,0.52,0.0,12.0,7.0,6.0,10.0,545.0,8.0,5.0,2.0,4.0,0.0,6.0,2.0,6.0,6.0,,0.0,22.0,1.0,0.0,467.0,25.0,89.0,136.0,180.0,22.0,44.0,2.0,27.0,43.0,13.0,20.0,56.0,11.0,16.0,7.0,15.0,5.0,8.0,8.0,9.0,42.0,19.0,1.0,7.0,-1.075,2.0,1.0,3.0,5.0,,,1.0,
14025283,2025-11-02,16:30:00,Manchester City,Bournemouth,True,3,1,48.0,2.22,4.0,15.0,4.0,9.0,8.0,493.0,10.0,11.0,2.0,8.0,0.0,4.0,3.0,13.0,2.0,2.0,2.0,43.0,1.0,0.0,425.0,19.0,53.0,112.0,144.0,16.0,34.0,4.0,16.0,50.0,9.0,34.0,69.0,8.0,15.0,13.0,27.0,7.0,10.0,10.0,9.0,42.0,23.0,1.0,4.0,0.5424,1.0,0.0,2.0,3.0,,1.0,,
14025283,2025-11-02,16:30:00,Bournemouth,Manchester City,False,1,3,52.0,0.72,1.0,8.0,4.0,4.0,11.0,521.0,23.0,8.0,2.0,5.0,0.0,2.0,1.0,4.0,4.0,1.0,0.0,17.0,2.0,3.0,461.0,7.0,55.0,95.0,124.0,26.0,46.0,1.0,20.0,50.0,5.0,35.0,69.0,7.0,15.0,4.0,9.0,10.0,23.0,23.0,5.0,48.0,27.0,0.0,4.0,-1.6073,0.0,1.0,2.0,4.0,,1.0,,
14723615,2025-11-03,20:00:00,Sunderland,Everton,True,1,1,61.0,1.22,1.0,17.0,1.0,4.0,10.0,529.0,14.0,12.0,3.0,3.0,0.0,7.0,7.0,12.0,5.0,,1.0,29.0,1.0,2.0,449.0,17.0,80.0,109.0,156.0,29.0,59.0,6.0,21.0,51.0,3.0,33.0,63.0,19.0,39.0,7.0,18.0,10.0,14.0,14.0,5.0,54.0,21.0,,1.0,-0.264,1.0,3.0,,5.0,,,,
14723615,2025-11-03,20:00:00,Everton,Sunderland,False,1,1,39.0,0.89,1.0,8.0,2.0,1.0,12.0,347.0,14.0,10.0,2.0,2.0,1.0,3.0,3.0,5.0,3.0,,1.0,19.0,1.0,0.0,267.0,21.0,47.0,59.0,93.0,13.0,46.0,2.0,9.0,49.0,6.0,30.0,63.0,20.0,39.0,6.0,14.0,6.0,14.0,14.0,8.0,45.0,45.0,,2.0,0.3733,0.0,0.0,,5.0,,,,
14025057,2025-11-08,12:30:00,Tottenham Hotspur,Manchester United,True,2,2,55.0,0.92,3.0,10.0,0.0,5.0,10.0,464.0,26.0,8.0,5.0,4.0,0.0,3.0,3.0,6.0,4.0,1.0,2.0,18.0,1.0,2.0,385.0,18.0,65.0,97.0,138.0,14.0,44.0,5.0,29.0,53.0,11.0,45.0,79.0,14.0,32.0,12.0,22.0,15.0,26.0,26.0,7.0,55.0,17.0,,0.0,-0.7765,,1.0,,3.0,,0.0,0.0,
14025057,2025-11-08,12:30:00,Manchester United,Tottenham Hotspur,False,2,2,45.0,0.63,2.0,5.0,2.0,3.0,8.0,396.0,21.0,10.0,1.0,2.0,0.0,2.0,1.0,5.0,0.0,1.0,1.0,19.0,1.0,3.0,305.0,26.0,40.0,57.0,83.0,29.0,59.0,4.0,12.0,47.0,16.0,34.0,79.0,18.0,32.0,3.0,13.0,8.0,21.0,21.0,6.0,48.0,23.0,,2.0,-0.0178,,0.0,,10.0,,2.0,1.0,
14025043,2025-11-08,15:00:00,Everton,Fulham,True,2,0,50.0,1.44,4.0,14.0,4.0,7.0,11.0,406.0,15.0,14.0,2.0,5.0,0.0,5.0,4.0,6.0,8.0,2.0,2.0,26.0,6.0,5.0,342.0,22.0,53.0,117.0,155.0,16.0,40.0,6.0,22.0,51.0,4.0,33.0,70.0,17.0,29.0,6.0,19.0,10.0,15.0,15.0,4.0,40.0,23.0,,4.0,0.9135,0.0,,0.0,4.0,,,,
14025043,2025-11-08,15:00:00,Fulham,Everton,False,0,2,50.0,0.4,0.0,8.0,3.0,5.0,14.0,411.0,17.0,11.0,2.0,4.0,0.0,1.0,3.0,5.0,3.0,0.0,0.0,19.0,2.0,1.0,338.0,18.0,37.0,56.0,92.0,22.0,47.0,2.0,14.0,49.0,5.0,37.0,70.0,12.0,29.0,9.0,19.0,12.0,17.0,17.0,13.0,36.0,34.0,,3.0,-0.5435,1.0,,1.0,7.0,,,,
14025060,2025-11-08,15:00:00,West Ham United,Burnley,True,3,2,43.0,3.02,3.0,15.0,5.0,7.0,15.0,374.0,14.0,13.0,2.0,6.0,0.0,1.0,8.0,8.0,7.0,3.0,0.0,22.0,2.0,2.0,308.0,15.0,47.0,71.0,102.0,25.0,55.0,4.0,18.0,43.0,4.0,32.0,65.0,9.0,30.0,6.0,18.0,10.0,14.0,14.0,13.0,45.0,30.0,1.0,5.0,0.3247,1.0,1.0,1.0,8.0,,0.0,0.0,
14025060,2025-11-08,15:00:00,Burnley,West Ham United,False,2,3,57.0,1.06,4.0,16.0,3.0,4.0,13.0,517.0,16.0,15.0,2.0,7.0,0.0,2.0,7.0,9.0,7.0,2.0,2.0,25.0,3.0,1.0,440.0,17.0,68.0,94.0,141.0,21.0,50.0,3.0,13.0,57.0,7.0,33.0,65.0,21.0,30.0,3.0,10.0,11.0,16.0,16.0,7.0,49.0,28.0,0.0,3.0,0.058,0.0,1.0,0.0,3.0,,1.0,1.0,
14025054,2025-11-08,17:30:00,Sunderland,Arsenal,True,2,2,35.0,0.44,2.0,6.0,5.0,2.0,13.0,287.0,16.0,13.0,2.0,2.0,0.0,2.0,2.0,6.0,0.0,2.0,0.0,14.0,0.0,2.0,226.0,17.0,43.0,51.0,78.0,12.0,41.0,0.0,11.0,45.0,7.0,29.0,58.0,21.0,52.0,2.0,7.0,8.0,16.0,16.0,6.0,29.0,39.0,1.0,5.0,-0.6231,1.0,,1.0,6.0,,0.0,1.0,
14025054,2025-11-08,17:30:00,Arsenal,Sunderland,False,2,2,65.0,1.91,4.0,17.0,0.0,2.0,13.0,529.0,12.0,13.0,1.0,7.0,1.0,6.0,4.0,12.0,5.0,1.0,3.0,32.0,3.0,0.0,460.0,21.0,62.0,187.0,224.0,10.0,36.0,4.0,22.0,55.0,7.0,29.0,58.0,31.0,52.0,8.0,17.0,4.0,12.0,12.0,3.0,38.0,25.0,0.0,0.0,-1.1802,0.0,,0.0,3.0,,1.0,0.0,
14025023,2025-11-08,20:00:00,Chelsea,Wolverhampton,True,3,0,64.0,3.31,6.0,20.0,0.0,10.0,12.0,614.0,9.0,14.0,1.0,8.0,1.0,6.0,6.0,13.0,7.0,3.0,3.0,36.0,3.0,,543.0,12.0,70.0,183.0,227.0,25.0,44.0,4.0,26.0,52.0,3.0,31.0,57.0,7.0,16.0,9.0,16.0,8.0,9.0,9.0,7.0,42.0,15.0,,0.0,0.0,0.0,1.0,0.0,4.0,,3.0,1.0,
14025023,2025-11-08,20:00:00,Wolverhampton,Chelsea,False,0,3,36.0,0.17,0.0,3.0,5.0,1.0,14.0,346.0,10.0,12.0,2.0,0.0,0.0,3.0,0.0,1.0,2.0,0.0,0.0,8.0,2.0,,279.0,19.0,40.0,52.0,78.0,29.0,58.0,1.0,9.0,48.0,6.0,26.0,57.0,9.0,16.0,4.0,7.0,3.0,10.0,10.0,12.0,39.0,30.0,,5.0,0.1901,2.0,0.0,1.0,8.0,,0.0,3.0,
14025014,2025-11-09,14:00:00,Aston Villa,Bournemouth,True,4,0,52.0,1.7,2.0,16.0,3.0,6.0,8.0,346.0,20.0,20.0,2.0,8.0,0.0,2.0,6.0,10.0,6.0,,2.0,27.0,5.0,0.0,271.0,15.0,54.0,69.0,110.0,20.0,48.0,3.0,16.0,53.0,10.0,46.0,82.0,8.0,19.0,7.0,13.0,12.0,20.0,20.0,6.0,40.0,22.0,,3.0,1.0593,1.0,2.0,0.0,7.0,,1.0,0.0,1.0
14025014,2025-11-09,14:00:00,Bournemouth,Aston Villa,False,0,4,48.0,1.61,2.0,12.0,4.0,9.0,20.0,316.0,16.0,7.0,2.0,3.0,1.0,5.0,4.0,6.0,6.0,,2.0,12.0,4.0,2.0,253.0,22.0,43.0,68.0,93.0,17.0,38.0,2.0,21.0,47.0,6.0,36.0,82.0,11.0,19.0,13.0,27.0,9.0,16.0,16.0,11.0,44.0,35.0,,4.0,-1.7249,1.0,0.0,1.0,4.0,,2.0,1.0,0.0
14025017,2025-11-09,14:00:00,Brentford,Newcastle United,True,3,1,49.0,2.35,4.0,15.0,0.0,6.0,23.0,423.0,17.0,12.0,2.0,7.0,0.0,4.0,4.0,13.0,2.0,3.0,1.0,35.0,4.0,2.0,321.0,26.0,64.0,74.0,128.0,28.0,61.0,5.0,16.0,58.0,5.0,34.0,59.0,19.0,33.0,6.0,11.0,12.0,17.0,17.0,10.0,55.0,16.0,,0.0,-0.7845,,0.0,1.0,6.0,0.0,,0.0,
14025017,2025-11-09,14:00:00,Newcastle United,Brentford,False,1,3,51.0,0.44,1.0,5.0,4.0,2.0,0.0,440.0,10.0,10.0,3.0,1.0,0.0,3.0,1.0,2.0,3.0,1.0,0.0,16.0,0.0,0.0,362.0,14.0,51.0,69.0,101.0,23.0,50.0,2.0,15.0,42.0,13.0,25.0,59.0,14.0,33.0,7.0,11.0,7.0,10.0,10.0,5.0,49.0,56.0,,4.0,-0.2501,,1.0,2.0,7.0,1.0,,1.0,
14025033,2025-11-09,14:00:00,Crystal Palace,Brighton & Hove Albion,True,0,0,42.0,0.75,0.0,10.0,3.0,4.0,10.0,373.0,21.0,12.0,1.0,2.0,0.0,7.0,1.0,8.0,2.0,,0.0,30.0,1.0,2.0,272.0,23.0,47.0,45.0,90.0,17.0,57.0,6.0,11.0,54.0,10.0,37.0,66.0,21.0,41.0,5.0,11.0,14.0,21.0,21.0,14.0,47.0,32.0,,3.0,0.3041,0.0,0.0,4.0,7.0,,,0.0,
14025033,2025-11-09,14:00:00,Brighton & Hove Albion,Crystal Palace,False,0,0,58.0,0.39,1.0,7.0,2.0,8.0,12.0,503.0,16.0,10.0,4.0,3.0,0.0,1.0,3.0,5.0,2.0,,1.0,28.0,0.0,1.0,423.0,17.0,48.0,83.0,114.0,25.0,46.0,4.0,26.0,46.0,13.0,29.0,66.0,20.0,41.0,4.0,12.0,11.0,16.0,16.0,4.0,50.0,22.0,,2.0,0.923,2.0,2.0,0.0,7.0,,,1.0,
14025051,2025-11-09,14:00:00,Nottingham Forest,Leeds United,True,3,1,46.0,2.55,3.0,14.0,2.0,6.0,10.0,348.0,27.0,10.0,2.0,6.0,0.0,2.0,6.0,10.0,4.0,3.0,0.0,24.0,3.0,2.0,277.0,20.0,66.0,84.0,118.0,23.0,58.0,6.0,26.0,54.0,5.0,45.0,75.0,13.0,32.0,7.0,17.0,17.0,27.0,27.0,6.0,50.0,27.0,,2.0,-0.074,1.0,0.0,,5.0,,,,
14025051,2025-11-09,14:00:00,Leeds United,Nottingham Forest,False,1,3,54.0,0.69,1.0,10.0,3.0,4.0,11.0,435.0,15.0,10.0,1.0,3.0,0.0,5.0,2.0,5.0,5.0,0.0,1.0,20.0,2.0,1.0,353.0,17.0,64.0,47.0,92.0,19.0,55.0,2.0,13.0,46.0,9.0,30.0,75.0,19.0,32.0,5.0,23.0,10.0,15.0,15.0,9.0,45.0,28.0,,3.0,0.4153,1.0,1.0,,9.0,,,,
14025048,2025-11-09,16:30:00,Manchester City,Liverpool FC,True,3,0,49.0,1.51,1.0,14.0,2.0,7.0,14.0,452.0,17.0,14.0,2.0,6.0,0.0,3.0,5.0,8.0,6.0,,1.0,28.0,3.0,1.0,377.0,21.0,35.0,88.0,122.0,14.0,31.0,4.0,11.0,61.0,4.0,41.0,67.0,8.0,13.0,9.0,13.0,12.0,17.0,17.0,9.0,38.0,23.0,,2.0,0.0609,1.0,,,3.0,,1.0,2.0,0.0
14025048,2025-11-09,16:30:00,Liverpool FC,Manchester City,False,0,3,51.0,0.61,2.0,7.0,3.0,7.0,15.0,471.0,8.0,14.0,4.0,1.0,0.0,2.0,4.0,5.0,2.0,,2.0,22.0,1.0,7.0,410.0,13.0,64.0,92.0,124.0,18.0,37.0,1.0,18.0,39.0,9.0,26.0,67.0,5.0,13.0,4.0,12.0,7.0,8.0,8.0,9.0,37.0,13.0,,3.0,-0.8665,1.0,,,7.0,,1.0,0.0,1.0
14025072,2025-11-22,12:30:00,Burnley,Chelsea,True,0,2,44.0,0.44,1.0,8.0,3.0,1.0,13.0,418.0,16.0,8.0,2.0,2.0,0.0,3.0,3.0,6.0,2.0,0.0,1.0,17.0,1.0,0.0,329.0,18.0,48.0,60.0,97.0,21.0,61.0,1.0,7.0,43.0,9.0,25.0,61.0,14.0,30.0,1.0,7.0,7.0,16.0,16.0,12.0,44.0,28.0,,3.0,0.3028,,0.0,5.0,9.0,,0.0,2.0,
14025072,2025-11-22,12:30:00,Chelsea,Burnley,False,2,0,56.0,1.72,2.0,15.0,2.0,9.0,8.0,524.0,15.0,13.0,3.0,5.0,1.0,5.0,5.0,10.0,5.0,2.0,0.0,31.0,0.0,3.0,439.0,10.0,39.0,59.0,96.0,18.0,46.0,1.0,13.0,57.0,9.0,36.0,61.0,16.0,30.0,9.0,16.0,9.0,15.0,15.0,12.0,55.0,19.0,,2.0,0.1063,,1.0,0.0,6.0,,3.0,0.0,
14025063,2025-11-22,15:00:00,Bournemouth,West Ham United,True,2,2,76.0,4.05,4.0,28.0,0.0,9.0,9.0,616.0,19.0,9.0,3.0,10.0,0.0,11.0,7.0,22.0,6.0,2.0,2.0,57.0,5.0,2.0,527.0,27.0,95.0,199.0,254.0,13.0,35.0,15.0,54.0,52.0,6.0,36.0,66.0,9.0,21.0,9.0,16.0,10.0,19.0,19.0,7.0,59.0,11.0,,0.0,-1.2777,0.0,0.0,0.0,2.0,,1.0,0.0,
14025063,2025-11-22,15:00:00,West Ham United,Bournemouth,False,2,2,24.0,0.65,0.0,5.0,10.0,2.0,10.0,202.0,13.0,9.0,2.0,2.0,0.0,2.0,1.0,4.0,1.0,0.0,0.0,8.0,1.0,2.0,115.0,10.0,49.0,20.0,57.0,24.0,69.0,1.0,6.0,48.0,14.0,30.0,66.0,12.0,21.0,8.0,13.0,10.0,13.0,13.0,9.0,55.0,57.0,,10.0,2.4886,2.0,3.0,3.0,19.0,,0.0,1.0,
14025069,2025-11-22,15:00:00,Brighton & Hove Albion,Brentford,True,2,1,64.0,1.22,1.0,14.0,3.0,7.0,10.0,576.0,23.0,9.0,4.0,5.0,0.0,8.0,1.0,8.0,6.0,1.0,0.0,35.0,1.0,0.0,479.0,16.0,59.0,84.0,128.0,20.0,45.0,3.0,18.0,53.0,10.0,41.0,80.0,14.0,23.0,10.0,20.0,10.0,23.0,23.0,8.0,56.0,19.0,,3.0,0.8275,0.0,,1.0,7.0,,,,1.0
14025069,2025-11-22,15:00:00,Brentford,Brighton & Hove Albion,False,1,2,36.0,1.91,3.0,10.0,3.0,4.0,9.0,314.0,20.0,8.0,2.0,4.0,0.0,5.0,1.0,7.0,3.0,1.0,2.0,25.0,5.0,1.0,234.0,11.0,42.0,35.0,70.0,18.0,51.0,3.0,14.0,47.0,11.0,39.0,80.0,9.0,23.0,9.0,21.0,8.0,20.0,20.0,13.0,56.0,29.0,,3.0,-0.3957,1.0,,0.0,12.0,,,,0.0
14025075,2025-11-22,15:00:00,Fulham,Sunderland,True,1,0,57.0,2.16,4.0,24.0,2.0,7.0,5.0,485.0,11.0,13.0,3.0,6.0,0.0,13.0,5.0,18.0,6.0,1.0,3.0,46.0,2.0,1.0,412.0,20.0,51.0,101.0,136.0,22.0,45.0,8.0,26.0,46.0,9.0,24.0,53.0,12.0,26.0,2.0,14.0,7.0,11.0,11.0,6.0,41.0,28.0,,2.0,0.1832,,1.0,0.0,7.0,,0.0,0.0,
14025075,2025-11-22,15:00:00,Sunderland,Fulham,False,0,1,43.0,0.17,0.0,4.0,4.0,4.0,13.0,373.0,21.0,5.0,3.0,2.0,0.0,1.0,1.0,4.0,0.0,0.0,0.0,22.0,0.0,3.0,299.0,17.0,51.0,68.0,100.0,17.0,49.0,2.0,14.0,54.0,8.0,29.0,53.0,14.0,26.0,3.0,6.0,9.0,21.0,21.0,9.0,42.0,25.0,,4.0,0.2667,,0.0,1.0,11.0,,1.0,1.0,
14025081,2025-11-22,15:00:00,Liverpool FC,Nottingham Forest,True,0,3,75.0,1.93,1.0,21.0,4.0,8.0,11.0,629.0,15.0,8.0,2.0,4.0,0.0,8.0,9.0,16.0,5.0,0.0,1.0,50.0,3.0,0.0,559.0,25.0,88.0,211.0,253.0,19.0,34.0,9.0,39.0,49.0,9.0,36.0,80.0,17.0,29.0,14.0,32.0,10.0,15.0,15.0,4.0,42.0,17.0,,4.0,-0.2264,0.0,2.0,0.0,2.0,,,1.0,
14025081,2025-11-22,15:00:00,Nottingham Forest,Liverpool FC,False,3,0,25.0,1.58,2.0,15.0,3.0,6.0,8.0,215.0,27.0,11.0,0.0,7.0,0.0,3.0,5.0,9.0,6.0,1.0,1.0,23.0,3.0,2.0,151.0,17.0,39.0,43.0,70.0,21.0,57.0,3.0,15.0,51.0,4.0,44.0,80.0,12.0,29.0,7.0,18.0,17.0,27.0,27.0,7.0,40.0,46.0,,3.0,0.6699,1.0,2.0,1.0,14.0,,,1.0,
14025090,2025-11-22,15:00:00,Wolverhampton,Crystal Palace,True,0,2,48.0,1.79,2.0,8.0,2.0,1.0,13.0,408.0,21.0,9.0,2.0,1.0,0.0,5.0,2.0,5.0,3.0,0.0,2.0,24.0,1.0,2.0,330.0,19.0,59.0,57.0,98.0,27.0,56.0,2.0,14.0,48.0,13.0,36.0,75.0,12.0,25.0,7.0,13.0,10.0,21.0,21.0,8.0,46.0,44.0,1.0,2.0,-0.5996,1.0,3.0,1.0,7.0,,0.0,1.0,
14025090,2025-11-22,15:00:00,Crystal Palace,Wolverhampton,False,2,0,52.0,1.27,2.0,10.0,1.0,4.0,9.0,437.0,19.0,13.0,3.0,4.0,0.0,3.0,3.0,6.0,4.0,1.0,1.0,23.0,4.0,3.0,364.0,16.0,53.0,91.0,131.0,24.0,50.0,0.0,23.0,52.0,11.0,39.0,75.0,13.0,25.0,7.0,17.0,11.0,19.0,19.0,10.0,50.0,30.0,0.0,1.0,0.0794,0.0,0.0,0.0,6.0,,2.0,1.0,
14025087,2025-11-22,17:30:00,Newcastle United,Manchester City,True,2,1,33.0,2.24,5.0,9.0,3.0,5.0,13.0,285.0,17.0,8.0,1.0,5.0,1.0,3.0,1.0,7.0,2.0,1.0,4.0,14.0,0.0,3.0,220.0,11.0,41.0,49.0,76.0,25.0,56.0,5.0,14.0,50.0,8.0,29.0,63.0,16.0,27.0,4.0,9.0,11.0,17.0,17.0,7.0,41.0,36.0,1.0,3.0,-0.1655,0.0,1.0,,11.0,,1.0,1.0,
14025087,2025-11-22,17:30:00,Manchester City,Newcastle United,False,1,2,67.0,2.49,3.0,17.0,3.0,9.0,8.0,584.0,13.0,13.0,3.0,4.0,0.0,9.0,4.0,14.0,3.0,0.0,3.0,43.0,1.0,2.0,525.0,17.0,73.0,172.0,198.0,18.0,33.0,6.0,26.0,50.0,5.0,34.0,63.0,11.0,27.0,9.0,21.0,9.0,13.0,13.0,10.0,44.0,15.0,0.0,3.0,0.5006,1.0,1.0,,6.0,,3.0,2.0,
14025078,2025-11-23,14:00:00,Leeds United,Aston Villa,True,1,2,48.0,1.79,3.0,14.0,2.0,3.0,18.0,400.0,26.0,16.0,5.0,5.0,0.0,5.0,4.0,9.0,5.0,1.0,2.0,24.0,5.0,4.0,339.0,11.0,62.0,87.0,110.0,20.0,48.0,4.0,26.0,50.0,7.0,51.0,97.0,11.0,26.0,9.0,22.0,16.0,26.0,26.0,12.0,59.0,21.0,,2.0,-1.5362,0.0,0.0,,9.0,,,,
14025078,2025-11-23,14:00:00,Aston Villa,Leeds United,False,2,1,52.0,1.58,1.0,14.0,3.0,3.0,16.0,449.0,20.0,18.0,1.0,3.0,0.0,7.0,4.0,8.0,6.0,0.0,1.0,23.0,2.0,2.0,358.0,15.0,51.0,58.0,99.0,18.0,49.0,4.0,11.0,50.0,14.0,46.0,97.0,15.0,26.0,12.0,24.0,8.0,20.0,20.0,7.0,57.0,18.0,,3.0,0.7132,1.0,3.0,,6.0,,,,
14025066,2025-11-23,16:30:00,Arsenal,Tottenham Hotspur,True,4,1,57.0,1.93,3.0,17.0,1.0,4.0,11.0,448.0,23.0,15.0,1.0,8.0,0.0,7.0,2.0,12.0,5.0,1.0,2.0,27.0,5.0,3.0,363.0,18.0,65.0,85.0,140.0,20.0,51.0,4.0,15.0,54.0,9.0,43.0,78.0,15.0,29.0,5.0,17.0,16.0,23.0,23.0,11.0,51.0,17.0,1.0,1.0,-0.873,0.0,2.0,0.0,6.0,,2.0,0.0,
14025066,2025-11-23,16:30:00,Tottenham Hotspur,Arsenal,False,1,4,43.0,0.07,0.0,3.0,4.0,1.0,15.0,330.0,21.0,11.0,3.0,2.0,0.0,1.0,0.0,0.0,3.0,0.0,0.0,4.0,0.0,1.0,250.0,22.0,37.0,23.0,53.0,18.0,55.0,0.0,7.0,46.0,15.0,35.0,78.0,14.0,29.0,4.0,12.0,12.0,21.0,21.0,8.0,48.0,34.0,0.0,4.0,-0.8491,3.0,0.0,1.0,8.0,,0.0,1.0,
14723574,2025-11-24,20:00:00,Manchester United,Everton,True,0,1,70.0,1.71,3.0,25.0,0.0,9.0,12.0,635.0,14.0,9.0,2.0,6.0,0.0,12.0,7.0,17.0,8.0,,3.0,50.0,1.0,1.0,558.0,19.0,70.0,226.0,271.0,18.0,28.0,7.0,38.0,48.0,2.0,26.0,47.0,19.0,47.0,4.0,8.0,7.0,14.0,14.0,8.0,51.0,19.0,,0.0,-0.5824,0.0,1.0,0.0,6.0,0.0,4.0,0.0,
14723574,2025-11-24,20:00:00,Everton,Manchester United,False,1,0,30.0,0.21,0.0,3.0,6.0,1.0,9.0,281.0,6.0,12.0,0.0,1.0,0.0,1.0,1.0,2.0,1.0,,0.0,10.0,2.0,2.0,190.0,18.0,45.0,54.0,93.0,26.0,65.0,1.0,9.0,52.0,9.0,21.0,47.0,28.0,47.0,4.0,9.0,3.0,6.0,6.0,11.0,48.0,46.0,,6.0,1.8465,2.0,0.0,2.0,20.0,1.0,0.0,2.0,
14025096,2025-11-29,15:00:00,Brentford,Burnley,True,3,1,52.0,3.06,6.0,14.0,1.0,5.0,7.0,406.0,9.0,6.0,0.0,4.0,0.0,9.0,1.0,11.0,3.0,3.0,3.0,35.0,3.0,3.0,321.0,23.0,71.0,73.0,123.0,19.0,42.0,5.0,24.0,50.0,16.0,22.0,57.0,30.0,46.0,7.0,17.0,8.0,9.0,9.0,11.0,58.0,51.0,,1.0,-0.0433,1.0,1.0,0.0,1.0,,1.0,,
14025096,2025-11-29,15:00:00,Burnley,Brentford,False,1,3,48.0,0.95,1.0,6.0,1.0,6.0,7.0,379.0,26.0,6.0,2.0,2.0,0.0,1.0,3.0,2.0,4.0,1.0,0.0,13.0,2.0,1.0,263.0,21.0,53.0,51.0,103.0,20.0,79.0,1.0,15.0,50.0,3.0,35.0,57.0,16.0,46.0,2.0,8.0,18.0,26.0,26.0,7.0,44.0,37.0,,1.0,-0.8539,0.0,1.0,1.0,15.0,,0.0,,
14025108,2025-11-29,15:00:00,Manchester City,Leeds United,True,3,2,62.0,3.1,6.0,18.0,1.0,8.0,17.0,561.0,6.0,11.0,4.0,9.0,0.0,3.0,6.0,14.0,4.0,2.0,4.0,45.0,2.0,2.0,495.0,9.0,59.0,170.0,200.0,26.0,42.0,9.0,26.0,41.0,13.0,24.0,70.0,20.0,38.0,7.0,20.0,2.0,6.0,6.0,2.0,46.0,25.0,1.0,1.0,0.2884,0.0,,,4.0,,2.0,,1.0
14025108,2025-11-29,15:00:00,Leeds United,Manchester City,False,2,3,38.0,1.54,3.0,9.0,6.0,1.0,11.0,348.0,26.0,16.0,1.0,4.0,0.0,3.0,2.0,8.0,1.0,2.0,1.0,20.0,4.0,4.0,265.0,10.0,42.0,32.0,66.0,20.0,56.0,3.0,14.0,59.0,3.0,46.0,70.0,18.0,38.0,4.0,7.0,14.0,26.0,26.0,8.0,41.0,21.0,0.0,6.0,0.6775,1.0,,,8.0,,1.0,,0.0
14025114,2025-11-29,15:00:00,Sunderland,Bournemouth,True,3,2,43.0,1.28,2.0,12.0,4.0,6.0,14.0,334.0,14.0,12.0,5.0,6.0,0.0,4.0,2.0,10.0,2.0,1.0,1.0,29.0,2.0,1.0,240.0,12.0,58.0,71.0,117.0,13.0,50.0,6.0,22.0,53.0,5.0,35.0,70.0,21.0,36.0,9.0,23.0,8.0,14.0,14.0,8.0,55.0,26.0,2.0,4.0,0.9543,0.0,2.0,1.0,8.0,0.0,1.0,1.0,
14025114,2025-11-29,15:00:00,Bournemouth,Sunderland,False,2,3,57.0,1.7,2.0,18.0,3.0,3.0,13.0,463.0,19.0,14.0,5.0,6.0,2.0,8.0,4.0,13.0,5.0,1.0,1.0,36.0,4.0,2.0,376.0,18.0,76.0,120.0,155.0,24.0,59.0,5.0,23.0,47.0,8.0,35.0,70.0,15.0,36.0,3.0,9.0,10.0,19.0,19.0,9.0,48.0,21.0,0.0,3.0,-1.1846,1.0,0.0,1.0,10.0,1.0,1.0,2.0,
14025105,2025-11-29,17:30:00,Everton,Newcastle United,True,1,4,49.0,0.99,1.0,10.0,3.0,8.0,4.0,520.0,19.0,6.0,,2.0,1.0,6.0,2.0,7.0,3.0,1.0,0.0,31.0,,,458.0,14.0,77.0,140.0,175.0,30.0,51.0,5.0,25.0,53.0,8.0,29.0,52.0,17.0,35.0,4.0,12.0,12.0,19.0,19.0,9.0,46.0,19.0,2.0,3.0,-1.2325,1.0,0.0,1.0,3.0,,1.0,,
14025105,2025-11-29,17:30:00,Newcastle United,Everton,False,4,1,51.0,1.91,5.0,13.0,1.0,7.0,6.0,553.0,16.0,4.0,,8.0,1.0,1.0,4.0,10.0,3.0,3.0,2.0,28.0,,,485.0,18.0,47.0,106.0,137.0,20.0,36.0,7.0,17.0,47.0,9.0,23.0,52.0,18.0,35.0,5.0,15.0,16.0,16.0,16.0,3.0,45.0,30.0,0.0,1.0,-0.1108,0.0,1.0,0.0,6.0,,1.0,,
14025117,2025-11-29,20:00:00,Tottenham Hotspur,Fulham,True,1,2,63.0,0.86,3.0,14.0,1.0,8.0,11.0,507.0,14.0,7.0,3.0,2.0,0.0,6.0,6.0,10.0,4.0,,3.0,27.0,2.0,3.0,439.0,26.0,73.0,132.0,163.0,21.0,41.0,6.0,39.0,45.0,17.0,25.0,69.0,24.0,41.0,7.0,19.0,7.0,14.0,14.0,13.0,51.0,18.0,1.0,1.0,-0.9206,,1.0,1.0,2.0,,1.0,0.0,
14025117,2025-11-29,20:00:00,Fulham,Tottenham Hotspur,False,2,1,37.0,0.45,0.0,7.0,0.0,2.0,7.0,320.0,29.0,11.0,2.0,3.0,1.0,1.0,3.0,3.0,4.0,,0.0,15.0,1.0,4.0,240.0,23.0,32.0,36.0,53.0,21.0,59.0,1.0,6.0,55.0,9.0,44.0,69.0,17.0,41.0,5.0,10.0,16.0,29.0,29.0,9.0,49.0,47.0,0.0,0.0,-0.5376,,1.0,3.0,10.0,,0.0,1.0,
14025102,2025-11-30,12:00:00,Crystal Palace,Manchester United,True,1,2,44.0,1.83,3.0,14.0,4.0,4.0,14.0,339.0,14.0,13.0,3.0,3.0,0.0,6.0,5.0,11.0,3.0,1.0,2.0,26.0,4.0,3.0,244.0,14.0,62.0,61.0,109.0,16.0,61.0,4.0,17.0,46.0,10.0,30.0,64.0,23.0,50.0,2.0,8.0,9.0,14.0,14.0,7.0,47.0,44.0,,4.0,-0.6993,2.0,,4.0,7.0,,,0.0,
14025102,2025-11-30,12:00:00,Manchester United,Crystal Palace,False,2,1,56.0,1.19,2.0,14.0,2.0,4.0,14.0,443.0,16.0,14.0,2.0,6.0,0.0,8.0,0.0,8.0,6.0,0.0,2.0,18.0,5.0,0.0,352.0,23.0,70.0,73.0,123.0,27.0,58.0,3.0,18.0,54.0,6.0,34.0,64.0,27.0,50.0,5.0,13.0,6.0,16.0,16.0,10.0,46.0,31.0,,2.0,0.0652,0.0,,0.0,8.0,,,1.0,
14025093,2025-11-30,14:05:00,Aston Villa,Wolverhampton,True,1,0,52.0,0.94,0.0,16.0,4.0,7.0,13.0,461.0,16.0,21.0,0.0,6.0,1.0,6.0,4.0,9.0,7.0,,0.0,28.0,7.0,0.0,401.0,13.0,65.0,131.0,161.0,14.0,29.0,5.0,21.0,52.0,13.0,42.0,84.0,17.0,30.0,7.0,16.0,9.0,16.0,16.0,4.0,41.0,26.0,,4.0,0.9764,1.0,1.0,,2.0,,1.0,0.0,
14025093,2025-11-30,14:05:00,Wolverhampton,Aston Villa,False,0,1,48.0,0.49,1.0,9.0,5.0,3.0,21.0,423.0,22.0,13.0,4.0,4.0,1.0,2.0,3.0,7.0,2.0,,1.0,20.0,0.0,2.0,369.0,10.0,51.0,68.0,92.0,22.0,45.0,5.0,18.0,48.0,7.0,42.0,84.0,13.0,30.0,7.0,16.0,11.0,22.0,22.0,6.0,43.0,28.0,,5.0,0.1743,1.0,1.0,,8.0,,1.0,2.0,
14025111,2025-11-30,14:05:00,Nottingham Forest,Brighton & Hove Albion,True,0,2,52.0,0.89,1.0,19.0,3.0,9.0,11.0,492.0,22.0,10.0,0.0,3.0,0.0,6.0,10.0,13.0,6.0,0.0,1.0,35.0,2.0,1.0,409.0,14.0,67.0,131.0,174.0,29.0,59.0,8.0,33.0,56.0,8.0,49.0,84.0,13.0,26.0,17.0,28.0,14.0,22.0,22.0,7.0,59.0,19.0,1.0,3.0,-0.2707,,0.0,,11.0,,,0.0,
14025111,2025-11-30,14:05:00,Brighton & Hove Albion,Nottingham Forest,False,2,0,48.0,2.0,4.0,17.0,3.0,2.0,10.0,476.0,19.0,11.0,1.0,6.0,0.0,5.0,6.0,11.0,6.0,2.0,2.0,28.0,1.0,0.0,392.0,16.0,56.0,68.0,106.0,26.0,64.0,3.0,5.0,44.0,12.0,35.0,84.0,13.0,26.0,6.0,16.0,13.0,19.0,19.0,13.0,60.0,37.0,0.0,3.0,0.4003,,1.0,,10.0,,,1.0,
14025120,2025-11-30,14:05:00,West Ham United,Liverpool FC,True,0,2,44.0,0.29,0.0,7.0,3.0,7.0,12.0,380.0,13.0,14.0,3.0,0.0,0.0,2.0,5.0,4.0,3.0,0.0,0.0,11.0,0.0,2.0,303.0,14.0,47.0,77.0,111.0,16.0,47.0,2.0,24.0,48.0,7.0,31.0,59.0,10.0,26.0,5.0,9.0,9.0,13.0,13.0,9.0,45.0,21.0,,3.0,-0.3651,,,1.0,6.0,1.0,1.0,,
14025120,2025-11-30,14:05:00,Liverpool FC,West Ham United,False,2,0,56.0,1.24,3.0,9.0,0.0,2.0,14.0,515.0,11.0,12.0,0.0,5.0,0.0,4.0,0.0,5.0,4.0,1.0,2.0,20.0,1.0,1.0,445.0,23.0,63.0,90.0,126.0,19.0,40.0,2.0,10.0,52.0,6.0,28.0,59.0,16.0,26.0,6.0,13.0,7.0,11.0,11.0,4.0,41.0,29.0,,0.0,0.0,,,1.0,6.0,0.0,0.0,,
14025099,2025-11-30,16:30:00,Chelsea,Arsenal,True,1,1,38.0,0.79,1.0,11.0,3.0,3.0,12.0,279.0,13.0,13.0,1.0,4.0,0.0,5.0,2.0,6.0,5.0,0.0,1.0,20.0,2.0,1.0,222.0,14.0,50.0,49.0,79.0,26.0,61.0,5.0,15.0,57.0,4.0,29.0,61.0,29.0,41.0,5.0,16.0,6.0,13.0,13.0,6.0,40.0,30.0,,3.0,1.1844,1.0,2.0,1.0,8.0,1.0,,,
14025099,2025-11-30,16:30:00,Arsenal,Chelsea,False,1,1,62.0,1.26,1.0,8.0,3.0,3.0,13.0,463.0,15.0,12.0,6.0,4.0,0.0,3.0,1.0,6.0,2.0,1.0,0.0,23.0,0.0,3.0,390.0,15.0,54.0,110.0,141.0,11.0,40.0,4.0,15.0,43.0,6.0,32.0,61.0,12.0,41.0,5.0,12.0,9.0,15.0,15.0,10.0,41.0,17.0,,3.0,0.1528,2.0,0.0,0.0,7.0,0.0,,,
14025123,2025-12-02,19:30:00,Bournemouth,Everton,True,0,1,55.0,0.5,1.0,5.0,2.0,1.0,14.0,476.0,15.0,14.0,3.0,2.0,0.0,1.0,2.0,5.0,0.0,,1.0,28.0,0.0,1.0,402.0,20.0,64.0,83.0,121.0,15.0,45.0,3.0,17.0,49.0,11.0,36.0,70.0,20.0,44.0,8.0,15.0,10.0,15.0,15.0,3.0,43.0,55.0,,2.0,-0.3323,1.0,1.0,3.0,6.0,,1.0,1.0,
14025123,2025-12-02,19:30:00,Everton,Bournemouth,False,1,0,45.0,1.44,2.0,13.0,2.0,6.0,14.0,378.0,18.0,14.0,3.0,3.0,2.0,5.0,5.0,9.0,4.0,,2.0,33.0,2.0,1.0,281.0,25.0,61.0,100.0,161.0,18.0,53.0,2.0,26.0,51.0,6.0,34.0,70.0,24.0,44.0,2.0,11.0,11.0,18.0,18.0,4.0,49.0,24.0,,2.0,0.5009,0.0,0.0,0.0,5.0,,0.0,1.0,
14025135,2025-12-02,19:30:00,Fulham,Manchester City,True,4,5,57.0,0.91,1.0,12.0,0.0,7.0,9.0,612.0,18.0,7.0,0.0,6.0,0.0,3.0,3.0,9.0,3.0,0.0,1.0,23.0,,4.0,538.0,18.0,47.0,103.0,138.0,25.0,40.0,5.0,21.0,45.0,12.0,33.0,66.0,6.0,20.0,8.0,12.0,11.0,18.0,18.0,11.0,49.0,19.0,1.0,0.0,-2.9935,,,1.0,4.0,,1.0,,
14025135,2025-12-02,19:30:00,Manchester City,Fulham,False,5,4,43.0,2.22,3.0,11.0,1.0,2.0,7.0,467.0,16.0,9.0,1.0,4.0,2.0,3.0,4.0,9.0,2.0,2.0,1.0,23.0,,1.0,392.0,18.0,41.0,77.0,107.0,23.0,51.0,4.0,7.0,55.0,8.0,33.0,66.0,14.0,20.0,8.0,18.0,7.0,16.0,16.0,16.0,42.0,27.0,0.0,1.0,-2.0913,,,1.0,7.0,,4.0,,
14025141,2025-12-02,20:15:00,Newcastle United,Tottenham Hotspur,True,2,2,53.0,2.04,1.0,19.0,0.0,11.0,5.0,440.0,18.0,11.0,0.0,7.0,1.0,5.0,7.0,13.0,6.0,1.0,,38.0,3.0,3.0,377.0,14.0,53.0,88.0,118.0,13.0,33.0,10.0,40.0,58.0,12.0,38.0,70.0,25.0,39.0,9.0,14.0,13.0,18.0,18.0,9.0,54.0,28.0,,0.0,-0.6368,,1.0,1.0,5.0,,1.0,0.0,
14025141,2025-12-02,20:15:00,Tottenham Hotspur,Newcastle United,False,2,2,47.0,0.75,1.0,8.0,4.0,8.0,12.0,388.0,17.0,5.0,3.0,2.0,0.0,1.0,5.0,7.0,1.0,1.0,,22.0,0.0,1.0,313.0,16.0,43.0,84.0,111.0,12.0,41.0,6.0,28.0,42.0,8.0,32.0,70.0,14.0,39.0,10.0,20.0,13.0,17.0,17.0,8.0,49.0,37.0,,4.0,0.4169,,1.0,3.0,11.0,,0.0,3.0,
14025126,2025-12-03,19:30:00,Arsenal,Brentford,True,2,0,62.0,1.77,4.0,15.0,1.0,4.0,7.0,542.0,26.0,9.0,0.0,7.0,0.0,4.0,4.0,10.0,5.0,1.0,3.0,28.0,1.0,,456.0,17.0,71.0,136.0,180.0,25.0,55.0,2.0,15.0,53.0,10.0,41.0,72.0,16.0,36.0,7.0,16.0,14.0,26.0,26.0,6.0,56.0,25.0,0.0,1.0,0.1405,,2.0,1.0,5.0,,2.0,,
14025126,2025-12-03,19:30:00,Brentford,Arsenal,False,0,2,38.0,0.35,1.0,6.0,5.0,8.0,9.0,333.0,19.0,7.0,1.0,1.0,1.0,2.0,3.0,5.0,1.0,0.0,1.0,13.0,0.0,,255.0,14.0,55.0,44.0,81.0,28.0,65.0,3.0,12.0,47.0,13.0,31.0,72.0,20.0,36.0,5.0,18.0,12.0,19.0,19.0,10.0,48.0,34.0,1.0,5.0,-0.7192,,0.0,0.0,8.0,,0.0,,
14025129,2025-12-03,19:30:00,Brighton & Hove Albion,Aston Villa,True,3,4,56.0,2.21,3.0,16.0,6.0,5.0,10.0,473.0,23.0,9.0,2.0,7.0,0.0,6.0,3.0,12.0,4.0,1.0,2.0,29.0,4.0,4.0,404.0,11.0,54.0,87.0,126.0,15.0,38.0,4.0,19.0,49.0,14.0,45.0,91.0,9.0,19.0,13.0,22.0,13.0,23.0,23.0,9.0,48.0,16.0,0.0,6.0,0.4456,1.0,,,6.0,,1.0,,
14025129,2025-12-03,19:30:00,Aston Villa,Brighton & Hove Albion,False,4,3,44.0,2.41,6.0,14.0,4.0,6.0,9.0,362.0,23.0,10.0,2.0,10.0,1.0,2.0,2.0,12.0,2.0,4.0,2.0,25.0,0.0,1.0,300.0,16.0,37.0,40.0,66.0,15.0,38.0,4.0,15.0,51.0,15.0,46.0,91.0,10.0,19.0,13.0,21.0,13.0,23.0,23.0,8.0,40.0,25.0,1.0,4.0,-0.8059,2.0,,,10.0,,1.0,,
14025132,2025-12-03,19:30:00,Burnley,Crystal Palace,True,0,1,58.0,0.95,2.0,11.0,2.0,3.0,9.0,567.0,13.0,8.0,,4.0,1.0,1.0,6.0,8.0,3.0,0.0,2.0,29.0,2.0,0.0,474.0,29.0,65.0,80.0,127.0,23.0,61.0,5.0,19.0,44.0,12.0,24.0,51.0,19.0,47.0,3.0,8.0,7.0,13.0,13.0,16.0,51.0,42.0,,2.0,0.2797,1.0,0.0,1.0,6.0,,1.0,0.0,
14025132,2025-12-03,19:30:00,Crystal Palace,Burnley,False,1,0,42.0,0.59,2.0,3.0,3.0,3.0,8.0,417.0,17.0,9.0,,3.0,0.0,0.0,0.0,3.0,0.0,1.0,1.0,22.0,1.0,3.0,309.0,20.0,49.0,40.0,90.0,22.0,52.0,5.0,11.0,56.0,9.0,27.0,51.0,28.0,47.0,1.0,5.0,13.0,17.0,17.0,11.0,55.0,42.0,,3.0,0.4603,1.0,1.0,0.0,5.0,,0.0,1.0,
14025144,2025-12-03,19:30:00,Wolverhampton,Nottingham Forest,True,0,1,50.0,0.91,1.0,5.0,2.0,3.0,19.0,415.0,19.0,11.0,2.0,1.0,0.0,2.0,2.0,4.0,1.0,0.0,1.0,10.0,0.0,2.0,329.0,17.0,45.0,49.0,82.0,24.0,58.0,3.0,18.0,50.0,12.0,38.0,78.0,17.0,32.0,8.0,13.0,14.0,19.0,19.0,10.0,51.0,19.0,1.0,2.0,-0.6174,2.0,0.0,3.0,7.0,,1.0,,
14025144,2025-12-03,19:30:00,Nottingham Forest,Wolverhampton,False,1,0,50.0,0.74,2.0,10.0,1.0,9.0,11.0,416.0,17.0,19.0,2.0,3.0,0.0,3.0,4.0,7.0,3.0,1.0,1.0,23.0,4.0,2.0,334.0,22.0,56.0,97.0,139.0,28.0,66.0,8.0,21.0,50.0,11.0,40.0,78.0,15.0,32.0,4.0,12.0,7.0,17.0,17.0,5.0,44.0,19.0,0.0,1.0,0.1424,0.0,1.0,1.0,4.0,,0.0,,
14025138,2025-12-03,20:15:00,Leeds United,Chelsea,True,3,1,29.0,2.79,2.0,17.0,1.0,4.0,10.0,264.0,21.0,13.0,1.0,5.0,0.0,10.0,2.0,11.0,6.0,1.0,1.0,20.0,0.0,3.0,186.0,12.0,55.0,45.0,88.0,20.0,59.0,6.0,18.0,50.0,8.0,37.0,70.0,14.0,32.0,4.0,12.0,15.0,21.0,21.0,9.0,53.0,32.0,0.0,1.0,-0.2277,,1.0,,7.0,,0.0,0.0,
14025138,2025-12-03,20:15:00,Chelsea,Leeds United,False,1,3,71.0,0.96,1.0,14.0,2.0,2.0,13.0,682.0,16.0,10.0,1.0,2.0,0.0,7.0,5.0,11.0,3.0,1.0,0.0,33.0,1.0,1.0,608.0,23.0,69.0,106.0,141.0,15.0,35.0,5.0,20.0,50.0,14.0,33.0,70.0,18.0,32.0,8.0,15.0,11.0,16.0,16.0,3.0,42.0,35.0,1.0,2.0,-0.4724,,1.0,,8.0,,3.0,1.0,
14025147,2025-12-03,20:15:00,Liverpool FC,Sunderland,True,1,1,68.0,1.64,1.0,23.0,4.0,7.0,10.0,638.0,12.0,5.0,1.0,4.0,1.0,8.0,11.0,13.0,10.0,,1.0,33.0,0.0,2.0,554.0,16.0,84.0,211.0,255.0,15.0,41.0,6.0,34.0,47.0,7.0,21.0,48.0,18.0,35.0,5.0,13.0,9.0,12.0,12.0,6.0,50.0,26.0,1.0,4.0,-0.5512,,0.0,1.0,5.0,,0.0,1.0,
14025147,2025-12-03,20:15:00,Sunderland,Liverpool FC,False,1,1,32.0,0.42,1.0,9.0,4.0,3.0,5.0,304.0,15.0,10.0,1.0,6.0,2.0,2.0,1.0,4.0,5.0,,1.0,16.0,1.0,2.0,218.0,15.0,43.0,44.0,85.0,24.0,73.0,3.0,12.0,53.0,6.0,27.0,48.0,17.0,35.0,3.0,9.0,7.0,15.0,15.0,9.0,42.0,47.0,1.0,4.0,0.0034000000000001,,5.0,0.0,11.0,,2.0,2.0,
14025150,2025-12-04,20:00:00,Manchester United,West Ham United,True,1,1,65.0,1.8,3.0,17.0,1.0,6.0,13.0,547.0,19.0,9.0,2.0,4.0,1.0,5.0,8.0,13.0,4.0,1.0,2.0,43.0,2.0,3.0,446.0,28.0,65.0,147.0,186.0,22.0,47.0,5.0,31.0,42.0,10.0,36.0,75.0,11.0,36.0,9.0,14.0,14.0,19.0,19.0,5.0,52.0,17.0,,1.0,0.0617,,1.0,0.0,5.0,,,0.0,
14025150,2025-12-04,20:00:00,West Ham United,Manchester United,False,1,1,35.0,0.79,1.0,11.0,3.0,6.0,9.0,297.0,15.0,13.0,2.0,3.0,0.0,3.0,5.0,10.0,1.0,1.0,0.0,28.0,0.0,2.0,212.0,19.0,60.0,55.0,100.0,27.0,63.0,3.0,16.0,58.0,12.0,39.0,75.0,25.0,36.0,11.0,18.0,8.0,15.0,15.0,20.0,45.0,39.0,,3.0,-0.4169,,0.0,4.0,9.0,,,2.0,
14025156,2025-12-06,12:30:00,Aston Villa,Arsenal,True,2,1,47.0,2.16,5.0,15.0,7.0,3.0,10.0,397.0,15.0,8.0,0.0,6.0,0.0,2.0,7.0,13.0,2.0,1.0,4.0,43.0,1.0,0.0,325.0,17.0,53.0,92.0,126.0,31.0,56.0,1.0,14.0,45.0,13.0,33.0,69.0,7.0,19.0,10.0,17.0,10.0,15.0,15.0,6.0,44.0,23.0,1.0,7.0,1.0719,1.0,,,11.0,,1.0,4.0,
14025156,2025-12-06,12:30:00,Arsenal,Aston Villa,False,1,2,53.0,1.92,4.0,15.0,4.0,3.0,8.0,443.0,20.0,10.0,2.0,9.0,0.0,5.0,1.0,9.0,6.0,1.0,3.0,33.0,0.0,3.0,376.0,16.0,59.0,116.0,152.0,18.0,42.0,4.0,16.0,55.0,8.0,36.0,69.0,12.0,19.0,6.0,13.0,11.0,20.0,20.0,11.0,51.0,24.0,0.0,4.0,-0.0066999999999999,0.0,,,6.0,,0.0,1.0,
14025153,2025-12-06,15:00:00,Bournemouth,Chelsea,True,0,0,39.0,1.42,1.0,13.0,4.0,5.0,15.0,329.0,17.0,13.0,0.0,5.0,0.0,6.0,2.0,8.0,5.0,,1.0,24.0,0.0,4.0,232.0,22.0,59.0,56.0,102.0,26.0,69.0,1.0,11.0,47.0,7.0,37.0,75.0,17.0,40.0,7.0,17.0,12.0,17.0,17.0,14.0,57.0,23.0,,4.0,0.6414,1.0,0.0,0.0,10.0,,,,
14025153,2025-12-06,15:00:00,Chelsea,Bournemouth,False,0,0,61.0,0.92,0.0,11.0,5.0,0.0,13.0,519.0,17.0,15.0,2.0,4.0,1.0,6.0,1.0,6.0,5.0,,0.0,20.0,2.0,0.0,430.0,20.0,66.0,116.0,158.0,21.0,55.0,5.0,14.0,53.0,5.0,38.0,75.0,23.0,40.0,7.0,19.0,9.0,17.0,17.0,10.0,56.0,26.0,,5.0,0.7569,1.0,2.0,1.0,8.0,,,,
14025162,2025-12-06,15:00:00,Everton,Nottingham Forest,True,3,0,41.0,1.12,1.0,11.0,2.0,6.0,17.0,306.0,15.0,15.0,4.0,5.0,1.0,2.0,4.0,7.0,4.0,1.0,0.0,27.0,2.0,3.0,238.0,21.0,56.0,66.0,108.0,15.0,47.0,3.0,18.0,42.0,13.0,32.0,80.0,21.0,45.0,3.0,14.0,11.0,15.0,15.0,11.0,51.0,42.0,0.0,2.0,0.4438,0.0,1.0,1.0,3.0,,,2.0,
14025162,2025-12-06,15:00:00,Nottingham Forest,Everton,False,0,3,59.0,0.53,1.0,7.0,3.0,3.0,15.0,441.0,24.0,17.0,3.0,3.0,0.0,2.0,2.0,6.0,1.0,0.0,1.0,12.0,3.0,1.0,357.0,29.0,41.0,48.0,80.0,14.0,50.0,3.0,18.0,58.0,12.0,48.0,80.0,24.0,45.0,8.0,11.0,15.0,24.0,24.0,6.0,41.0,35.0,1.0,3.0,-1.2006,1.0,0.0,1.0,8.0,,,2.0,
14025171,2025-12-06,15:00:00,Manchester City,Sunderland,True,3,0,64.0,2.42,3.0,18.0,1.0,6.0,9.0,623.0,8.0,10.0,1.0,6.0,1.0,7.0,5.0,15.0,3.0,1.0,2.0,42.0,1.0,0.0,559.0,25.0,53.0,203.0,240.0,15.0,35.0,6.0,19.0,49.0,9.0,29.0,61.0,11.0,21.0,11.0,22.0,8.0,8.0,8.0,4.0,44.0,21.0,,1.0,0.5867,1.0,0.0,,4.0,0.0,2.0,1.0,
14025171,2025-12-06,15:00:00,Sunderland,Manchester City,False,0,3,36.0,0.71,1.0,8.0,2.0,5.0,10.0,347.0,20.0,9.0,0.0,1.0,1.0,4.0,3.0,5.0,3.0,0.0,1.0,7.0,0.0,3.0,277.0,14.0,29.0,32.0,55.0,20.0,48.0,1.0,13.0,51.0,2.0,32.0,61.0,10.0,21.0,3.0,9.0,13.0,20.0,20.0,8.0,45.0,28.0,,2.0,-0.7731,1.0,2.0,,9.0,1.0,1.0,0.0,
14025174,2025-12-06,15:00:00,Newcastle United,Burnley,True,2,1,70.0,1.77,2.0,17.0,2.0,9.0,9.0,611.0,19.0,10.0,2.0,7.0,2.0,7.0,3.0,6.0,11.0,1.0,1.0,26.0,3.0,3.0,554.0,12.0,78.0,176.0,209.0,29.0,49.0,1.0,25.0,61.0,7.0,38.0,63.0,16.0,25.0,9.0,17.0,15.0,19.0,19.0,1.0,58.0,27.0,,2.0,0.258,0.0,,1.0,5.0,0.0,1.0,1.0,
14025174,2025-12-06,15:00:00,Burnley,Newcastle United,False,1,2,30.0,1.61,3.0,9.0,6.0,9.0,11.0,259.0,15.0,8.0,2.0,3.0,1.0,3.0,3.0,5.0,4.0,1.0,2.0,19.0,1.0,2.0,188.0,13.0,42.0,46.0,85.0,18.0,58.0,6.0,20.0,39.0,13.0,25.0,63.0,9.0,25.0,4.0,10.0,8.0,15.0,15.0,7.0,41.0,28.0,,6.0,0.3592,3.0,,2.0,17.0,1.0,1.0,1.0,
14025177,2025-12-06,15:00:00,Tottenham Hotspur,Brentford,True,2,0,53.0,2.18,4.0,15.0,1.0,7.0,8.0,400.0,17.0,9.0,3.0,7.0,0.0,5.0,3.0,9.0,6.0,1.0,3.0,23.0,1.0,2.0,329.0,18.0,49.0,103.0,138.0,24.0,52.0,5.0,26.0,46.0,13.0,34.0,74.0,16.0,34.0,8.0,19.0,10.0,17.0,17.0,11.0,59.0,29.0,0.0,1.0,0.4459,1.0,2.0,0.0,7.0,,0.0,0.0,
14025177,2025-12-06,15:00:00,Brentford,Tottenham Hotspur,False,0,2,47.0,0.29,1.0,4.0,5.0,6.0,9.0,355.0,24.0,8.0,4.0,1.0,0.0,2.0,1.0,3.0,1.0,0.0,1.0,16.0,0.0,1.0,281.0,15.0,50.0,60.0,100.0,17.0,42.0,2.0,18.0,54.0,9.0,40.0,74.0,18.0,34.0,8.0,16.0,16.0,24.0,24.0,7.0,48.0,34.0,1.0,5.0,0.8873,0.0,0.0,4.0,10.0,,1.0,2.0,
14025168,2025-12-06,17:30:00,Leeds United,Liverpool FC,True,3,3,45.0,1.51,2.0,12.0,4.0,5.0,14.0,402.0,9.0,13.0,3.0,5.0,0.0,5.0,2.0,9.0,3.0,2.0,0.0,19.0,2.0,2.0,321.0,23.0,65.0,75.0,121.0,14.0,50.0,4.0,14.0,44.0,10.0,26.0,62.0,17.0,36.0,5.0,12.0,6.0,9.0,9.0,10.0,44.0,19.0,1.0,4.0,0.6922,2.0,,2.0,5.0,,,,
14025168,2025-12-06,17:30:00,Liverpool FC,Leeds United,False,3,3,55.0,1.91,4.0,16.0,2.0,4.0,14.0,503.0,17.0,14.0,3.0,7.0,1.0,5.0,4.0,12.0,4.0,2.0,2.0,27.0,3.0,2.0,418.0,15.0,46.0,129.0,164.0,16.0,48.0,6.0,17.0,56.0,4.0,36.0,62.0,19.0,36.0,6.0,11.0,9.0,17.0,17.0,5.0,48.0,28.0,0.0,2.0,-0.9293,0.0,,0.0,5.0,,,,
14025159,2025-12-07,14:00:00,Brighton & Hove Albion,West Ham United,True,1,1,68.0,1.87,3.0,22.0,4.0,10.0,12.0,586.0,12.0,8.0,2.0,4.0,1.0,8.0,10.0,15.0,7.0,1.0,2.0,44.0,0.0,1.0,515.0,16.0,59.0,177.0,227.0,19.0,26.0,13.0,39.0,44.0,7.0,26.0,65.0,14.0,26.0,6.0,13.0,7.0,12.0,12.0,9.0,42.0,13.0,1.0,4.0,0.5892,1.0,,,12.0,,0.0,2.0,
14025159,2025-12-07,14:00:00,West Ham United,Brighton & Hove Albion,False,1,1,32.0,1.14,3.0,14.0,4.0,6.0,8.0,277.0,14.0,12.0,2.0,5.0,0.0,6.0,3.0,12.0,2.0,0.0,3.0,24.0,1.0,1.0,203.0,13.0,39.0,49.0,79.0,15.0,54.0,3.0,11.0,56.0,6.0,39.0,65.0,12.0,26.0,13.0,19.0,7.0,14.0,14.0,13.0,40.0,41.0,0.0,4.0,0.0623,1.0,,,18.0,,1.0,0.0,
14025165,2025-12-07,16:30:00,Fulham,Crystal Palace,True,1,2,63.0,0.76,2.0,12.0,3.0,6.0,5.0,640.0,12.0,8.0,,4.0,0.0,5.0,3.0,9.0,3.0,0.0,2.0,26.0,3.0,3.0,556.0,25.0,69.0,99.0,141.0,23.0,51.0,7.0,19.0,54.0,10.0,28.0,59.0,16.0,23.0,9.0,19.0,7.0,12.0,12.0,8.0,50.0,23.0,,3.0,0.0678,1.0,,0.0,7.0,,0.0,,
14025165,2025-12-07,16:30:00,Crystal Palace,Fulham,False,2,1,37.0,1.65,4.0,11.0,3.0,4.0,8.0,367.0,20.0,5.0,,5.0,0.0,1.0,5.0,9.0,2.0,2.0,2.0,18.0,1.0,2.0,303.0,14.0,50.0,65.0,89.0,21.0,48.0,3.0,13.0,46.0,2.0,31.0,59.0,7.0,23.0,6.0,16.0,14.0,20.0,20.0,9.0,47.0,28.0,,3.0,0.3462,0.0,,1.0,9.0,,1.0,,
14912436,2025-12-08,20:00:00,Wolverhampton,Manchester United,True,1,4,37.0,0.41,1.0,8.0,4.0,1.0,17.0,294.0,26.0,12.0,3.0,2.0,0.0,3.0,3.0,4.0,4.0,1.0,0.0,21.0,0.0,2.0,208.0,19.0,61.0,68.0,112.0,26.0,59.0,6.0,25.0,53.0,11.0,51.0,92.0,20.0,42.0,13.0,18.0,12.0,26.0,26.0,13.0,56.0,24.0,1.0,4.0,-0.6005,1.0,,2.0,5.0,,0.0,0.0,
14912436,2025-12-08,20:00:00,Manchester United,Wolverhampton,False,4,1,63.0,4.24,8.0,27.0,1.0,9.0,12.0,541.0,16.0,16.0,2.0,10.0,0.0,3.0,14.0,20.0,7.0,4.0,4.0,42.0,4.0,3.0,458.0,23.0,50.0,117.0,151.0,20.0,48.0,3.0,14.0,47.0,16.0,41.0,92.0,22.0,42.0,10.0,20.0,9.0,16.0,16.0,7.0,49.0,27.0,0.0,1.0,0.1705,0.0,,0.0,6.0,,5.0,1.0,
14025192,2025-12-13,15:00:00,Chelsea,Everton,True,2,0,58.0,2.2,5.0,17.0,2.0,4.0,13.0,537.0,15.0,11.0,1.0,5.0,0.0,9.0,3.0,11.0,6.0,2.0,3.0,24.0,2.0,0.0,473.0,8.0,44.0,81.0,110.0,22.0,44.0,3.0,10.0,45.0,10.0,33.0,74.0,12.0,26.0,7.0,19.0,8.0,15.0,15.0,11.0,52.0,32.0,,2.0,0.7303,1.0,2.0,0.0,8.0,,1.0,0.0,
14025192,2025-12-13,15:00:00,Everton,Chelsea,False,0,2,42.0,1.03,3.0,11.0,3.0,7.0,11.0,373.0,22.0,13.0,0.0,2.0,1.0,5.0,4.0,9.0,2.0,0.0,3.0,23.0,2.0,1.0,306.0,21.0,58.0,86.0,117.0,25.0,51.0,5.0,23.0,55.0,8.0,41.0,74.0,14.0,26.0,6.0,13.0,8.0,22.0,22.0,8.0,45.0,12.0,,3.0,-0.7877,0.0,1.0,1.0,10.0,,0.0,1.0,
14025198,2025-12-13,15:00:00,Liverpool FC,Brighton & Hove Albion,True,2,0,49.0,1.89,3.0,18.0,1.0,2.0,8.0,519.0,22.0,15.0,1.0,4.0,0.0,8.0,6.0,10.0,8.0,2.0,1.0,38.0,1.0,2.0,448.0,9.0,45.0,98.0,129.0,29.0,57.0,2.0,5.0,66.0,6.0,52.0,80.0,18.0,26.0,17.0,24.0,12.0,22.0,22.0,8.0,50.0,31.0,,1.0,0.6225,1.0,1.0,1.0,13.0,,0.0,,
14025198,2025-12-13,15:00:00,Brighton & Hove Albion,Liverpool FC,False,0,2,51.0,1.9,3.0,14.0,2.0,2.0,15.0,526.0,13.0,8.0,2.0,1.0,1.0,7.0,6.0,11.0,3.0,0.0,3.0,28.0,3.0,0.0,470.0,7.0,62.0,120.0,152.0,28.0,51.0,4.0,18.0,34.0,8.0,28.0,80.0,8.0,26.0,7.0,21.0,7.0,13.0,13.0,6.0,56.0,6.0,,2.0,-0.7848,0.0,0.0,0.0,8.0,,2.0,,
14025189,2025-12-13,17:30:00,Burnley,Fulham,True,2,3,53.0,2.46,5.0,16.0,1.0,10.0,8.0,536.0,13.0,8.0,1.0,8.0,0.0,4.0,4.0,10.0,6.0,2.0,3.0,25.0,2.0,1.0,444.0,23.0,88.0,115.0,173.0,22.0,48.0,3.0,17.0,43.0,11.0,26.0,60.0,14.0,32.0,6.0,17.0,9.0,13.0,13.0,9.0,49.0,10.0,1.0,1.0,0.5915,1.0,1.0,1.0,7.0,,1.0,1.0,
14025189,2025-12-13,17:30:00,Fulham,Burnley,False,3,2,47.0,2.23,2.0,6.0,6.0,4.0,8.0,479.0,22.0,8.0,2.0,4.0,0.0,2.0,0.0,6.0,0.0,2.0,0.0,15.0,1.0,0.0,393.0,19.0,43.0,58.0,86.0,18.0,50.0,4.0,15.0,57.0,9.0,34.0,60.0,18.0,32.0,4.0,8.0,12.0,22.0,22.0,12.0,53.0,38.0,0.0,6.0,0.702,1.0,0.0,1.0,10.0,,2.0,1.0,
14025183,2025-12-13,20:00:00,Arsenal,Wolverhampton,True,2,1,69.0,1.39,3.0,16.0,1.0,8.0,7.0,572.0,5.0,15.0,0.0,2.0,1.0,11.0,3.0,12.0,4.0,,3.0,41.0,6.0,1.0,500.0,20.0,81.0,172.0,219.0,11.0,28.0,6.0,30.0,61.0,3.0,30.0,48.0,21.0,36.0,10.0,15.0,3.0,5.0,5.0,8.0,45.0,21.0,,1.0,-0.3751,0.0,0.0,0.0,1.0,,2.0,0.0,
14025183,2025-12-13,20:00:00,Wolverhampton,Arsenal,False,1,2,31.0,0.31,1.0,3.0,2.0,0.0,15.0,261.0,8.0,7.0,4.0,2.0,0.0,0.0,1.0,3.0,0.0,,1.0,14.0,0.0,1.0,180.0,12.0,52.0,34.0,74.0,21.0,63.0,4.0,8.0,39.0,2.0,18.0,48.0,15.0,36.0,4.0,7.0,5.0,8.0,8.0,5.0,37.0,54.0,,2.0,-1.7189,2.0,1.0,3.0,18.0,,0.0,1.0,
14025195,2025-12-14,14:00:00,Crystal Palace,Manchester City,True,0,3,39.0,1.88,1.0,16.0,3.0,2.0,9.0,375.0,23.0,6.0,2.0,4.0,2.0,6.0,6.0,12.0,4.0,0.0,1.0,33.0,1.0,3.0,284.0,19.0,40.0,48.0,87.0,21.0,56.0,2.0,14.0,46.0,11.0,32.0,69.0,13.0,29.0,4.0,7.0,17.0,23.0,23.0,6.0,50.0,20.0,,3.0,-1.2447,0.0,,0.0,5.0,,3.0,0.0,
14025195,2025-12-14,14:00:00,Manchester City,Crystal Palace,False,3,0,61.0,1.19,2.0,7.0,4.0,2.0,6.0,598.0,14.0,8.0,0.0,6.0,0.0,1.0,0.0,5.0,2.0,2.0,0.0,13.0,5.0,2.0,516.0,11.0,65.0,86.0,123.0,20.0,44.0,3.0,9.0,54.0,14.0,37.0,69.0,16.0,29.0,14.0,23.0,6.0,14.0,14.0,8.0,56.0,39.0,,4.0,1.0656,1.0,,2.0,8.0,,0.0,2.0,
14025204,2025-12-14,14:00:00,Nottingham Forest,Tottenham Hotspur,True,3,0,48.0,2.32,4.0,15.0,1.0,3.0,9.0,392.0,17.0,13.0,1.0,6.0,1.0,7.0,2.0,10.0,5.0,1.0,3.0,24.0,3.0,4.0,320.0,22.0,49.0,80.0,111.0,23.0,46.0,5.0,15.0,44.0,19.0,35.0,86.0,13.0,23.0,6.0,17.0,9.0,17.0,17.0,12.0,50.0,23.0,0.0,1.0,0.5179,1.0,,2.0,6.0,,,,
14025204,2025-12-14,14:00:00,Tottenham Hotspur,Nottingham Forest,False,0,3,52.0,0.33,0.0,6.0,3.0,3.0,13.0,420.0,30.0,9.0,3.0,1.0,0.0,1.0,4.0,5.0,1.0,0.0,0.0,13.0,1.0,1.0,335.0,24.0,48.0,82.0,118.0,18.0,44.0,3.0,19.0,56.0,8.0,51.0,86.0,10.0,23.0,12.0,21.0,20.0,30.0,30.0,11.0,45.0,17.0,1.0,3.0,-0.9888,1.0,,2.0,9.0,,,,
14025207,2025-12-14,14:00:00,Sunderland,Newcastle United,True,1,0,47.0,0.3,1.0,5.0,2.0,3.0,10.0,394.0,10.0,10.0,5.0,1.0,0.0,2.0,2.0,3.0,2.0,,1.0,15.0,0.0,,302.0,19.0,69.0,99.0,154.0,18.0,61.0,2.0,14.0,50.0,6.0,27.0,53.0,27.0,54.0,7.0,9.0,7.0,10.0,10.0,11.0,47.0,29.0,,2.0,0.286,1.0,3.0,1.0,5.0,,,,
14025207,2025-12-14,14:00:00,Newcastle United,Sunderland,False,0,1,53.0,0.24,0.0,6.0,1.0,6.0,10.0,444.0,8.0,10.0,4.0,2.0,0.0,1.0,3.0,2.0,4.0,,0.0,14.0,1.0,,377.0,22.0,57.0,87.0,122.0,32.0,62.0,2.0,26.0,50.0,3.0,26.0,53.0,27.0,54.0,8.0,15.0,5.0,8.0,8.0,3.0,39.0,53.0,,1.0,-0.7557,1.0,1.0,1.0,7.0,,,,
14025210,2025-12-14,14:00:00,West Ham United,Aston Villa,True,2,3,41.0,1.03,2.0,10.0,2.0,5.0,18.0,386.0,17.0,13.0,1.0,3.0,0.0,4.0,3.0,7.0,3.0,2.0,,19.0,3.0,1.0,324.0,18.0,56.0,62.0,97.0,16.0,39.0,0.0,13.0,41.0,10.0,36.0,83.0,9.0,28.0,6.0,18.0,10.0,17.0,17.0,9.0,45.0,14.0,0.0,2.0,-2.0277,,0.0,0.0,5.0,,,1.0,
14025210,2025-12-14,14:00:00,Aston Villa,West Ham United,False,3,2,59.0,0.63,1.0,7.0,1.0,3.0,13.0,566.0,22.0,18.0,2.0,4.0,0.0,2.0,1.0,4.0,3.0,1.0,,12.0,0.0,1.0,503.0,12.0,41.0,100.0,126.0,27.0,44.0,3.0,11.0,59.0,10.0,47.0,83.0,19.0,28.0,10.0,17.0,17.0,22.0,22.0,6.0,47.0,13.0,1.0,1.0,-1.2732,,2.0,1.0,7.0,,,1.0,
14025186,2025-12-14,16:30:00,Brentford,Leeds United,True,1,1,57.0,0.72,1.0,7.0,3.0,0.0,8.0,497.0,12.0,9.0,,2.0,0.0,4.0,1.0,4.0,3.0,1.0,0.0,14.0,1.0,2.0,403.0,25.0,62.0,76.0,117.0,33.0,77.0,1.0,18.0,48.0,4.0,22.0,53.0,31.0,57.0,4.0,15.0,9.0,12.0,12.0,8.0,42.0,44.0,,3.0,0.6698,1.0,0.0,2.0,8.0,,,,
14025186,2025-12-14,16:30:00,Leeds United,Brentford,False,1,1,43.0,1.52,2.0,18.0,1.0,3.0,9.0,361.0,15.0,8.0,,4.0,0.0,6.0,8.0,11.0,7.0,1.0,1.0,31.0,0.0,0.0,271.0,21.0,51.0,77.0,120.0,18.0,52.0,6.0,23.0,52.0,7.0,31.0,53.0,26.0,57.0,8.0,13.0,8.0,15.0,15.0,7.0,46.0,43.0,,1.0,-0.1599,1.0,1.0,0.0,7.0,,,,
15035359,2025-12-15,20:00:00,Manchester United,Bournemouth,True,4,4,57.0,3.4,2.0,25.0,5.0,5.0,15.0,393.0,16.0,12.0,2.0,9.0,1.0,6.0,10.0,18.0,7.0,2.0,0.0,49.0,3.0,0.0,310.0,19.0,53.0,100.0,141.0,16.0,45.0,6.0,21.0,48.0,4.0,33.0,70.0,24.0,50.0,7.0,17.0,8.0,16.0,16.0,3.0,41.0,47.0,0.0,5.0,-0.7022,1.0,,,4.0,,1.0,,
15035359,2025-12-15,20:00:00,Bournemouth,Manchester United,False,4,4,43.0,1.94,6.0,14.0,5.0,4.0,12.0,300.0,14.0,15.0,3.0,9.0,0.0,5.0,0.0,9.0,5.0,2.0,4.0,24.0,3.0,1.0,202.0,20.0,65.0,76.0,125.0,15.0,55.0,3.0,17.0,52.0,7.0,37.0,70.0,26.0,50.0,9.0,18.0,8.0,14.0,14.0,8.0,43.0,29.0,2.0,5.0,-0.6402,1.0,,,12.0,,0.0,,
14025228,2025-12-20,12:30:00,Newcastle United,Chelsea,True,2,2,47.0,2.31,7.0,11.0,2.0,6.0,13.0,361.0,13.0,14.0,3.0,5.0,0.0,6.0,0.0,9.0,2.0,2.0,5.0,21.0,2.0,2.0,278.0,19.0,46.0,74.0,109.0,16.0,43.0,8.0,28.0,51.0,10.0,31.0,62.0,17.0,32.0,5.0,6.0,8.0,13.0,13.0,14.0,53.0,19.0,,2.0,-0.5554,1.0,2.0,0.0,11.0,,1.0,,
14025228,2025-12-20,12:30:00,Chelsea,Newcastle United,False,2,2,53.0,1.22,1.0,13.0,3.0,4.0,14.0,433.0,11.0,13.0,6.0,4.0,0.0,5.0,4.0,10.0,3.0,1.0,0.0,26.0,3.0,0.0,351.0,14.0,46.0,87.0,110.0,14.0,55.0,2.0,16.0,49.0,7.0,31.0,62.0,15.0,32.0,9.0,15.0,9.0,11.0,11.0,13.0,52.0,24.0,,3.0,0.3162,1.0,1.0,1.0,11.0,,0.0,,
14025213,2025-12-20,15:00:00,Bournemouth,Burnley,True,1,1,66.0,1.41,3.0,16.0,,5.0,11.0,506.0,21.0,11.0,1.0,1.0,0.0,12.0,3.0,11.0,5.0,0.0,3.0,37.0,1.0,2.0,404.0,26.0,74.0,134.0,194.0,18.0,57.0,6.0,22.0,53.0,9.0,38.0,64.0,16.0,37.0,6.0,12.0,15.0,21.0,21.0,8.0,50.0,31.0,0.0,,-0.0646,,1.0,0.0,6.0,,1.0,0.0,
14025213,2025-12-20,15:00:00,Burnley,Bournemouth,False,1,1,34.0,0.38,1.0,4.0,,3.0,11.0,269.0,15.0,11.0,1.0,1.0,0.0,1.0,2.0,1.0,3.0,1.0,0.0,16.0,0.0,2.0,178.0,18.0,57.0,44.0,88.0,30.0,74.0,2.0,8.0,47.0,9.0,26.0,64.0,21.0,37.0,2.0,14.0,10.0,15.0,15.0,10.0,44.0,38.0,1.0,,-0.6433,,0.0,2.0,18.0,,0.0,1.0,
14025218,2025-12-20,15:00:00,Brighton & Hove Albion,Sunderland,True,0,0,57.0,1.13,0.0,16.0,6.0,3.0,11.0,441.0,12.0,15.0,2.0,4.0,0.0,7.0,5.0,7.0,9.0,,0.0,37.0,4.0,1.0,364.0,22.0,56.0,98.0,132.0,17.0,42.0,8.0,21.0,51.0,7.0,38.0,75.0,21.0,41.0,13.0,31.0,8.0,12.0,12.0,7.0,46.0,30.0,,6.0,0.6288,,0.0,,6.0,,0.0,1.0,
14025218,2025-12-20,15:00:00,Sunderland,Brighton & Hove Albion,False,0,0,43.0,1.38,2.0,14.0,4.0,4.0,15.0,334.0,25.0,11.0,2.0,6.0,1.0,4.0,4.0,9.0,5.0,,2.0,26.0,1.0,1.0,255.0,17.0,50.0,64.0,100.0,24.0,58.0,5.0,14.0,49.0,6.0,37.0,75.0,20.0,41.0,2.0,8.0,15.0,25.0,25.0,9.0,49.0,22.0,,4.0,0.2371,,1.0,,9.0,,1.0,0.0,
14025226,2025-12-20,15:00:00,Manchester City,West Ham United,True,3,0,66.0,2.1,8.0,17.0,4.0,6.0,16.0,750.0,12.0,10.0,1.0,8.0,0.0,7.0,2.0,14.0,3.0,3.0,5.0,40.0,1.0,1.0,693.0,12.0,54.0,185.0,215.0,24.0,33.0,6.0,21.0,43.0,10.0,29.0,75.0,8.0,12.0,9.0,23.0,7.0,12.0,12.0,9.0,54.0,9.0,0.0,4.0,0.8158,,,,6.0,,3.0,1.0,
14025226,2025-12-20,15:00:00,West Ham United,Manchester City,False,0,3,34.0,0.98,2.0,7.0,5.0,0.0,10.0,391.0,24.0,16.0,1.0,3.0,0.0,4.0,0.0,5.0,2.0,0.0,2.0,12.0,1.0,2.0,314.0,14.0,28.0,25.0,52.0,17.0,46.0,1.0,1.0,57.0,5.0,46.0,75.0,4.0,12.0,7.0,14.0,15.0,24.0,24.0,12.0,49.0,13.0,1.0,5.0,-0.189,,,,10.0,,1.0,1.0,
14025232,2025-12-20,15:00:00,Wolverhampton,Brentford,True,0,2,43.0,1.27,2.0,9.0,4.0,3.0,12.0,358.0,16.0,14.0,2.0,2.0,0.0,1.0,6.0,6.0,3.0,0.0,2.0,22.0,4.0,2.0,281.0,21.0,53.0,67.0,112.0,21.0,48.0,4.0,22.0,53.0,6.0,37.0,65.0,16.0,35.0,7.0,13.0,9.0,16.0,16.0,9.0,46.0,37.0,1.0,4.0,-0.2729,1.0,,0.0,5.0,,,0.0,0.0
14025232,2025-12-20,15:00:00,Brentford,Wolverhampton,False,2,0,57.0,1.28,4.0,7.0,2.0,4.0,15.0,481.0,12.0,12.0,4.0,6.0,0.0,1.0,0.0,7.0,0.0,2.0,2.0,28.0,2.0,2.0,400.0,22.0,49.0,63.0,100.0,20.0,49.0,10.0,22.0,47.0,7.0,28.0,65.0,19.0,35.0,4.0,13.0,6.0,12.0,12.0,16.0,53.0,36.0,0.0,2.0,0.9896,1.0,,1.0,5.0,,,2.0,1.0
14025230,2025-12-20,17:30:00,Tottenham Hotspur,Liverpool FC,True,1,2,35.0,1.07,2.0,15.0,2.0,2.0,7.0,322.0,11.0,7.0,5.0,4.0,1.0,4.0,7.0,11.0,4.0,1.0,1.0,20.0,3.0,1.0,246.0,14.0,53.0,70.0,103.0,17.0,53.0,4.0,20.0,45.0,3.0,22.0,43.0,9.0,26.0,4.0,5.0,7.0,11.0,11.0,7.0,44.0,33.0,1.0,2.0,-0.7244,1.0,0.0,1.0,3.0,2.0,,0.0,
14025230,2025-12-20,17:30:00,Liverpool FC,Tottenham Hotspur,False,2,1,65.0,0.66,2.0,8.0,4.0,6.0,2.0,614.0,4.0,9.0,3.0,4.0,0.0,1.0,3.0,7.0,1.0,2.0,0.0,30.0,2.0,6.0,542.0,27.0,74.0,200.0,238.0,23.0,45.0,5.0,23.0,55.0,6.0,21.0,43.0,17.0,26.0,8.0,13.0,4.0,4.0,4.0,7.0,37.0,22.0,0.0,4.0,0.1544,0.0,1.0,1.0,5.0,0.0,,1.0,
14025220,2025-12-20,20:00:00,Everton,Arsenal,True,0,1,35.0,0.2,0.0,5.0,0.0,2.0,4.0,339.0,26.0,5.0,2.0,1.0,0.0,2.0,2.0,4.0,1.0,0.0,0.0,13.0,0.0,0.0,250.0,19.0,56.0,43.0,92.0,19.0,61.0,2.0,14.0,55.0,8.0,35.0,61.0,22.0,43.0,4.0,10.0,13.0,26.0,26.0,8.0,51.0,23.0,,0.0,-0.1499,,0.0,1.0,9.0,,,,
14025220,2025-12-20,20:00:00,Arsenal,Everton,False,1,0,65.0,2.0,3.0,13.0,1.0,3.0,5.0,654.0,14.0,3.0,2.0,2.0,2.0,9.0,2.0,12.0,1.0,1.0,2.0,43.0,1.0,1.0,573.0,17.0,61.0,125.0,155.0,23.0,52.0,2.0,12.0,45.0,14.0,26.0,61.0,21.0,43.0,9.0,21.0,9.0,14.0,14.0,7.0,59.0,32.0,,1.0,0.1796,,5.0,0.0,5.0,,,,
14025224,2025-12-20,20:00:00,Leeds United,Crystal Palace,True,4,1,53.0,2.67,4.0,20.0,2.0,9.0,5.0,400.0,15.0,10.0,1.0,8.0,0.0,7.0,5.0,14.0,6.0,3.0,1.0,37.0,1.0,2.0,327.0,34.0,51.0,50.0,90.0,19.0,48.0,6.0,22.0,51.0,13.0,31.0,63.0,27.0,50.0,6.0,15.0,11.0,15.0,15.0,7.0,45.0,29.0,0.0,2.0,-0.1024,,1.0,,4.0,,0.0,,
14025224,2025-12-20,20:00:00,Crystal Palace,Leeds United,False,1,4,47.0,1.56,2.0,9.0,2.0,5.0,10.0,362.0,22.0,4.0,3.0,3.0,1.0,3.0,3.0,5.0,4.0,1.0,1.0,19.0,1.0,3.0,284.0,8.0,40.0,61.0,89.0,14.0,45.0,2.0,16.0,49.0,10.0,32.0,63.0,23.0,50.0,5.0,10.0,13.0,22.0,22.0,6.0,41.0,58.0,1.0,2.0,-0.8339,,0.0,,8.0,,1.0,,
14025216,2025-12-21,16:30:00,Aston Villa,Manchester United,True,2,1,43.0,1.54,2.0,12.0,5.0,5.0,11.0,351.0,18.0,14.0,1.0,4.0,1.0,3.0,5.0,8.0,4.0,0.0,2.0,20.0,0.0,3.0,281.0,8.0,27.0,37.0,59.0,16.0,48.0,1.0,7.0,44.0,16.0,34.0,79.0,11.0,24.0,3.0,13.0,10.0,18.0,18.0,7.0,49.0,22.0,1.0,5.0,-0.1495,1.0,7.0,1.0,13.0,,0.0,1.0,
14025216,2025-12-21,16:30:00,Manchester United,Aston Villa,False,1,2,57.0,1.33,3.0,15.0,2.0,5.0,14.0,460.0,26.0,11.0,2.0,6.0,0.0,6.0,3.0,5.0,10.0,1.0,2.0,34.0,3.0,1.0,396.0,19.0,49.0,101.0,131.0,22.0,41.0,4.0,26.0,56.0,8.0,45.0,79.0,13.0,24.0,8.0,18.0,14.0,26.0,26.0,9.0,54.0,21.0,0.0,2.0,-0.383,0.0,1.0,0.0,3.0,,2.0,1.0,
14907281,2025-12-22,20:00:00,Fulham,Nottingham Forest,True,1,0,50.0,1.5,2.0,11.0,2.0,1.0,5.0,495.0,21.0,8.0,5.0,1.0,0.0,4.0,6.0,8.0,3.0,1.0,1.0,24.0,1.0,2.0,396.0,18.0,38.0,69.0,101.0,27.0,65.0,4.0,7.0,61.0,6.0,38.0,56.0,17.0,34.0,8.0,12.0,13.0,21.0,21.0,10.0,58.0,29.0,,2.0,0.0772,,2.0,2.0,9.0,,,1.0,
14907281,2025-12-22,20:00:00,Nottingham Forest,Fulham,False,0,1,50.0,0.67,0.0,12.0,0.0,5.0,9.0,490.0,10.0,5.0,4.0,2.0,0.0,6.0,4.0,6.0,6.0,0.0,0.0,21.0,1.0,2.0,417.0,22.0,65.0,96.0,136.0,28.0,65.0,2.0,23.0,39.0,8.0,18.0,56.0,17.0,34.0,3.0,16.0,5.0,10.0,10.0,8.0,53.0,16.0,,0.0,-0.2531,,0.0,0.0,7.0,,,1.0,
14025246,2025-12-26,20:00:00,Manchester United,Newcastle United,True,1,0,33.0,1.27,1.0,10.0,3.0,2.0,9.0,328.0,20.0,5.0,2.0,4.0,1.0,6.0,0.0,8.0,2.0,,1.0,15.0,0.0,0.0,252.0,20.0,36.0,44.0,63.0,11.0,44.0,3.0,8.0,46.0,9.0,32.0,66.0,13.0,31.0,7.0,12.0,8.0,20.0,20.0,18.0,48.0,45.0,,3.0,0.9598,0.0,2.0,,8.0,,0.0,0.0,
14025246,2025-12-26,20:00:00,Newcastle United,Manchester United,False,0,1,67.0,1.18,1.0,16.0,3.0,11.0,5.0,627.0,14.0,9.0,1.0,3.0,1.0,6.0,7.0,14.0,2.0,,1.0,44.0,2.0,1.0,548.0,16.0,85.0,186.0,239.0,18.0,36.0,7.0,46.0,54.0,8.0,34.0,66.0,18.0,31.0,11.0,23.0,7.0,14.0,14.0,6.0,54.0,13.0,,3.0,-0.0353,2.0,0.0,,6.0,,1.0,2.0,
14025248,2025-12-27,12:30:00,Nottingham Forest,Manchester City,True,1,2,34.0,0.55,1.0,7.0,3.0,5.0,5.0,293.0,15.0,13.0,1.0,2.0,0.0,2.0,3.0,5.0,2.0,1.0,,12.0,5.0,1.0,219.0,17.0,43.0,65.0,97.0,33.0,67.0,4.0,22.0,52.0,3.0,34.0,63.0,12.0,25.0,6.0,17.0,12.0,15.0,15.0,8.0,41.0,22.0,,3.0,-0.5389,1.0,,0.0,8.0,,0.0,1.0,
14025248,2025-12-27,12:30:00,Manchester City,Nottingham Forest,False,2,1,66.0,1.45,1.0,16.0,1.0,5.0,13.0,595.0,14.0,5.0,2.0,5.0,1.0,4.0,7.0,9.0,7.0,1.0,,33.0,0.0,1.0,536.0,16.0,69.0,159.0,189.0,15.0,32.0,3.0,18.0,48.0,5.0,29.0,63.0,13.0,25.0,11.0,21.0,8.0,14.0,14.0,4.0,42.0,37.0,,1.0,-0.417,0.0,,2.0,7.0,,3.0,0.0,
14025234,2025-12-27,15:00:00,Arsenal,Brighton & Hove Albion,True,2,1,53.0,3.08,4.0,24.0,2.0,7.0,7.0,450.0,14.0,13.0,2.0,6.0,0.0,8.0,10.0,21.0,3.0,0.0,4.0,57.0,3.0,1.0,376.0,20.0,50.0,98.0,135.0,16.0,46.0,6.0,19.0,49.0,10.0,36.0,65.0,10.0,28.0,10.0,16.0,6.0,14.0,14.0,9.0,42.0,16.0,0.0,2.0,0.4234,1.0,1.0,0.0,4.0,,,0.0,
14025234,2025-12-27,15:00:00,Brighton & Hove Albion,Arsenal,False,1,2,47.0,0.85,1.0,8.0,5.0,2.0,13.0,407.0,16.0,7.0,3.0,3.0,1.0,3.0,2.0,7.0,1.0,1.0,0.0,18.0,0.0,1.0,336.0,12.0,55.0,56.0,88.0,23.0,50.0,3.0,10.0,51.0,8.0,29.0,65.0,18.0,28.0,7.0,13.0,13.0,16.0,16.0,5.0,43.0,28.0,1.0,5.0,-0.3148,0.0,1.0,2.0,9.0,,,2.0,
14025236,2025-12-27,15:00:00,Brentford,Bournemouth,True,4,1,49.0,3.66,5.0,15.0,9.0,2.0,9.0,395.0,12.0,8.0,2.0,7.0,1.0,4.0,4.0,10.0,5.0,3.0,2.0,32.0,1.0,3.0,311.0,19.0,52.0,80.0,121.0,35.0,64.0,2.0,8.0,48.0,12.0,31.0,72.0,21.0,36.0,12.0,18.0,7.0,12.0,12.0,10.0,53.0,51.0,1.0,9.0,0.1825,2.0,0.0,0.0,9.0,,1.0,0.0,
14025236,2025-12-27,15:00:00,Bournemouth,Brentford,False,1,4,51.0,2.72,4.0,20.0,4.0,15.0,8.0,376.0,18.0,9.0,2.0,10.0,1.0,2.0,8.0,13.0,7.0,1.0,3.0,40.0,1.0,1.0,290.0,14.0,51.0,96.0,140.0,22.0,50.0,3.0,38.0,52.0,5.0,41.0,72.0,15.0,36.0,14.0,21.0,13.0,18.0,18.0,7.0,54.0,27.0,0.0,4.0,-0.6583,0.0,1.0,2.0,7.0,,1.0,2.0,
14025238,2025-12-27,15:00:00,Burnley,Everton,True,0,0,54.0,1.41,1.0,16.0,6.0,6.0,8.0,466.0,22.0,8.0,0.0,0.0,0.0,9.0,7.0,9.0,7.0,,1.0,28.0,1.0,2.0,359.0,27.0,77.0,92.0,139.0,27.0,62.0,1.0,16.0,50.0,12.0,37.0,75.0,32.0,63.0,7.0,20.0,12.0,22.0,22.0,4.0,42.0,39.0,,6.0,1.5358,2.0,,5.0,10.0,,1.0,0.0,
14025238,2025-12-27,15:00:00,Everton,Burnley,False,0,0,46.0,0.85,1.0,15.0,0.0,5.0,8.0,394.0,25.0,8.0,2.0,6.0,0.0,6.0,3.0,10.0,5.0,,1.0,24.0,1.0,3.0,307.0,12.0,64.0,79.0,117.0,22.0,64.0,2.0,18.0,50.0,4.0,38.0,75.0,31.0,63.0,6.0,24.0,14.0,25.0,25.0,11.0,47.0,48.0,,0.0,0.0,0.0,,1.0,10.0,,0.0,1.0,
14025244,2025-12-27,15:00:00,Liverpool FC,Wolverhampton,True,2,1,67.0,1.54,1.0,14.0,3.0,6.0,5.0,660.0,19.0,13.0,0.0,4.0,1.0,7.0,3.0,11.0,3.0,1.0,0.0,41.0,1.0,1.0,581.0,12.0,77.0,210.0,252.0,18.0,45.0,8.0,21.0,62.0,8.0,45.0,68.0,21.0,39.0,13.0,21.0,16.0,19.0,19.0,9.0,53.0,21.0,,3.0,0.17,,2.0,0.0,6.0,,2.0,,
14025244,2025-12-27,15:00:00,Wolverhampton,Liverpool FC,False,1,2,33.0,1.07,1.0,9.0,2.0,4.0,13.0,327.0,16.0,5.0,1.0,4.0,0.0,4.0,1.0,4.0,5.0,0.0,1.0,13.0,0.0,0.0,252.0,16.0,53.0,55.0,94.0,17.0,53.0,2.0,15.0,38.0,10.0,23.0,68.0,18.0,39.0,2.0,11.0,10.0,16.0,16.0,8.0,50.0,24.0,,2.0,-0.3602,,1.0,1.0,12.0,,0.0,,
14025252,2025-12-27,15:00:00,West Ham United,Fulham,True,0,1,44.0,0.91,1.0,11.0,4.0,5.0,8.0,404.0,29.0,8.0,1.0,2.0,0.0,4.0,5.0,7.0,4.0,0.0,1.0,27.0,1.0,7.0,330.0,19.0,47.0,93.0,125.0,23.0,52.0,2.0,17.0,57.0,13.0,44.0,73.0,17.0,34.0,7.0,10.0,17.0,29.0,29.0,9.0,39.0,25.0,1.0,4.0,0.3646,1.0,1.0,0.0,9.0,,,,
14025252,2025-12-27,15:00:00,Fulham,West Ham United,False,1,0,56.0,1.62,1.0,17.0,2.0,4.0,8.0,508.0,16.0,8.0,3.0,5.0,0.0,6.0,6.0,11.0,6.0,1.0,0.0,35.0,1.0,2.0,439.0,24.0,64.0,123.0,156.0,22.0,42.0,10.0,24.0,43.0,16.0,29.0,73.0,17.0,34.0,7.0,20.0,5.0,16.0,16.0,12.0,36.0,34.0,0.0,2.0,0.2014,0.0,0.0,1.0,7.0,,,,
14025240,2025-12-27,17:30:00,Chelsea,Aston Villa,True,1,2,63.0,2.14,2.0,14.0,6.0,6.0,16.0,528.0,26.0,8.0,5.0,3.0,0.0,4.0,7.0,8.0,6.0,1.0,1.0,42.0,4.0,,469.0,6.0,58.0,143.0,183.0,28.0,45.0,4.0,29.0,58.0,5.0,40.0,68.0,11.0,20.0,6.0,9.0,19.0,26.0,26.0,9.0,58.0,6.0,1.0,6.0,0.9463,4.0,1.0,,1.0,,0.0,0.0,
14025240,2025-12-27,17:30:00,Aston Villa,Chelsea,False,2,1,37.0,1.19,5.0,11.0,2.0,7.0,8.0,321.0,8.0,16.0,3.0,8.0,0.0,1.0,2.0,7.0,4.0,2.0,3.0,19.0,3.0,,257.0,13.0,25.0,41.0,63.0,19.0,42.0,1.0,8.0,42.0,16.0,28.0,68.0,9.0,20.0,6.0,16.0,2.0,8.0,8.0,4.0,44.0,28.0,0.0,2.0,0.4269,0.0,2.0,,11.0,,2.0,1.0,
14025250,2025-12-28,14:00:00,Sunderland,Leeds United,True,1,1,43.0,0.7,2.0,8.0,4.0,3.0,7.0,393.0,14.0,9.0,1.0,3.0,1.0,3.0,2.0,8.0,0.0,0.0,2.0,21.0,1.0,4.0,322.0,19.0,45.0,72.0,92.0,25.0,46.0,3.0,14.0,47.0,4.0,26.0,51.0,20.0,47.0,5.0,15.0,8.0,14.0,14.0,5.0,34.0,42.0,,4.0,0.2205,,,,9.0,,2.0,,
14025250,2025-12-28,14:00:00,Leeds United,Sunderland,False,1,1,57.0,2.17,4.0,17.0,2.0,9.0,9.0,513.0,14.0,7.0,0.0,6.0,0.0,5.0,6.0,11.0,6.0,1.0,3.0,42.0,0.0,3.0,433.0,13.0,52.0,87.0,128.0,21.0,50.0,7.0,27.0,53.0,4.0,25.0,51.0,27.0,47.0,4.0,14.0,8.0,14.0,14.0,6.0,46.0,20.0,,2.0,-0.49,,,,5.0,,1.0,,
14025242,2025-12-28,16:30:00,Crystal Palace,Tottenham Hotspur,True,0,1,62.0,1.47,2.0,15.0,3.0,3.0,7.0,544.0,16.0,5.0,3.0,2.0,0.0,8.0,5.0,9.0,6.0,0.0,2.0,35.0,2.0,1.0,431.0,21.0,78.0,122.0,182.0,26.0,60.0,4.0,27.0,42.0,9.0,28.0,62.0,20.0,51.0,7.0,18.0,11.0,16.0,16.0,7.0,68.0,23.0,,3.0,0.0278,,1.0,,5.0,,1.0,1.0,
14025242,2025-12-28,16:30:00,Tottenham Hotspur,Crystal Palace,False,1,0,38.0,0.88,1.0,8.0,2.0,2.0,5.0,340.0,20.0,7.0,2.0,4.0,1.0,3.0,1.0,5.0,3.0,1.0,0.0,18.0,1.0,3.0,236.0,20.0,52.0,52.0,91.0,28.0,69.0,3.0,12.0,58.0,7.0,34.0,62.0,31.0,51.0,8.0,17.0,10.0,20.0,20.0,6.0,64.0,50.0,,2.0,0.1129,,3.0,,14.0,,0.0,1.0,
14025258,2025-12-30,19:30:00,Burnley,Newcastle United,True,1,3,48.0,1.09,2.0,15.0,4.0,3.0,9.0,439.0,21.0,3.0,2.0,4.0,1.0,8.0,3.0,8.0,7.0,0.0,2.0,27.0,0.0,1.0,349.0,17.0,54.0,84.0,118.0,16.0,52.0,1.0,12.0,47.0,7.0,29.0,63.0,22.0,45.0,5.0,17.0,14.0,21.0,21.0,11.0,59.0,27.0,2.0,4.0,-0.5215,1.0,1.0,1.0,7.0,,0.0,1.0,
14025258,2025-12-30,19:30:00,Newcastle United,Burnley,False,3,1,52.0,2.31,7.0,20.0,2.0,4.0,3.0,467.0,19.0,9.0,1.0,9.0,0.0,5.0,6.0,13.0,7.0,1.0,6.0,23.0,2.0,2.0,389.0,16.0,45.0,65.0,91.0,19.0,47.0,4.0,19.0,53.0,11.0,34.0,63.0,23.0,45.0,6.0,16.0,10.0,19.0,19.0,11.0,52.0,36.0,0.0,2.0,-0.6005,0.0,0.0,0.0,13.0,,1.0,2.0,
14025260,2025-12-30,19:30:00,Chelsea,Bournemouth,True,2,2,67.0,2.31,2.0,17.0,4.0,12.0,5.0,563.0,17.0,11.0,1.0,3.0,1.0,6.0,8.0,15.0,2.0,1.0,1.0,52.0,3.0,0.0,483.0,17.0,64.0,174.0,219.0,21.0,46.0,8.0,26.0,59.0,4.0,40.0,70.0,26.0,41.0,11.0,23.0,9.0,17.0,17.0,8.0,51.0,29.0,,4.0,0.0183,0.0,0.0,0.0,7.0,,,,
14025260,2025-12-30,19:30:00,Bournemouth,Chelsea,False,2,2,33.0,3.14,6.0,17.0,2.0,3.0,12.0,269.0,16.0,5.0,1.0,6.0,0.0,7.0,4.0,12.0,5.0,2.0,4.0,23.0,2.0,1.0,197.0,13.0,42.0,63.0,99.0,17.0,53.0,3.0,16.0,41.0,7.0,30.0,70.0,15.0,41.0,9.0,19.0,12.0,16.0,16.0,17.0,50.0,41.0,,2.0,0.1532,1.0,1.0,4.0,10.0,,,,
14025268,2025-12-30,19:30:00,Nottingham Forest,Everton,True,0,2,70.0,1.55,1.0,21.0,1.0,9.0,11.0,665.0,21.0,9.0,1.0,6.0,0.0,8.0,7.0,12.0,9.0,0.0,1.0,42.0,2.0,,600.0,23.0,85.0,245.0,277.0,19.0,34.0,9.0,52.0,48.0,14.0,45.0,83.0,13.0,38.0,16.0,25.0,14.0,21.0,21.0,5.0,56.0,12.0,,1.0,-1.1424,,0.0,,5.0,,0.0,,
14025268,2025-12-30,19:30:00,Everton,Nottingham Forest,False,2,0,30.0,1.26,3.0,11.0,6.0,2.0,9.0,301.0,23.0,11.0,0.0,3.0,0.0,4.0,4.0,7.0,4.0,2.0,1.0,18.0,0.0,,223.0,14.0,46.0,56.0,80.0,26.0,68.0,2.0,7.0,52.0,13.0,38.0,83.0,25.0,38.0,7.0,15.0,11.0,23.0,23.0,9.0,57.0,53.0,,6.0,0.9432,,2.0,,13.0,,2.0,,
14025272,2025-12-30,19:30:00,West Ham United,Brighton & Hove Albion,True,2,2,39.0,2.06,4.0,10.0,5.0,5.0,11.0,335.0,27.0,17.0,3.0,4.0,0.0,3.0,3.0,10.0,0.0,2.0,2.0,21.0,3.0,1.0,251.0,14.0,50.0,67.0,96.0,31.0,67.0,2.0,16.0,54.0,10.0,46.0,78.0,12.0,30.0,4.0,7.0,14.0,27.0,27.0,9.0,56.0,27.0,1.0,5.0,0.7004,2.0,2.0,1.0,8.0,,1.0,1.0,
14025272,2025-12-30,19:30:00,Brighton & Hove Albion,West Ham United,False,2,2,61.0,2.94,4.0,16.0,2.0,5.0,18.0,541.0,13.0,9.0,5.0,6.0,1.0,6.0,4.0,8.0,8.0,2.0,2.0,31.0,3.0,1.0,466.0,16.0,61.0,112.0,154.0,21.0,36.0,1.0,23.0,46.0,12.0,32.0,78.0,18.0,30.0,8.0,23.0,10.0,13.0,13.0,16.0,63.0,24.0,1.0,2.0,-0.0539,0.0,2.0,1.0,3.0,,0.0,0.0,
14025254,2025-12-30,20:15:00,Arsenal,Aston Villa,True,4,1,46.0,3.04,6.0,22.0,2.0,3.0,18.0,351.0,17.0,9.0,2.0,7.0,0.0,8.0,7.0,17.0,5.0,2.0,4.0,38.0,2.0,4.0,302.0,8.0,51.0,101.0,133.0,17.0,28.0,5.0,12.0,46.0,6.0,31.0,66.0,7.0,16.0,5.0,9.0,7.0,17.0,17.0,8.0,39.0,17.0,0.0,2.0,0.6411,0.0,1.0,,2.0,,1.0,1.0,
14025254,2025-12-30,20:15:00,Aston Villa,Arsenal,False,1,4,54.0,2.52,5.0,11.0,3.0,3.0,9.0,416.0,10.0,18.0,3.0,3.0,2.0,4.0,4.0,9.0,2.0,1.0,4.0,21.0,2.0,0.0,362.0,17.0,23.0,46.0,58.0,21.0,38.0,1.0,12.0,54.0,10.0,35.0,66.0,9.0,16.0,8.0,15.0,3.0,10.0,10.0,3.0,24.0,17.0,2.0,3.0,-1.2812,1.0,0.0,,8.0,,0.0,1.0,
14025266,2025-12-30,20:15:00,Manchester United,Wolverhampton,True,1,1,56.0,0.84,2.0,15.0,3.0,8.0,9.0,506.0,21.0,12.0,0.0,6.0,1.0,5.0,4.0,10.0,5.0,,2.0,21.0,4.0,3.0,450.0,19.0,58.0,89.0,116.0,26.0,44.0,6.0,22.0,47.0,14.0,38.0,77.0,10.0,26.0,5.0,11.0,14.0,21.0,21.0,4.0,41.0,16.0,0.0,3.0,0.0204,,,0.0,5.0,,,,
14025266,2025-12-30,20:15:00,Wolverhampton,Manchester United,False,1,1,44.0,1.16,2.0,11.0,5.0,4.0,12.0,397.0,20.0,9.0,2.0,4.0,0.0,5.0,2.0,8.0,3.0,,2.0,23.0,1.0,1.0,335.0,14.0,36.0,81.0,101.0,18.0,41.0,4.0,14.0,53.0,7.0,39.0,77.0,16.0,26.0,10.0,24.0,9.0,20.0,20.0,10.0,42.0,28.0,1.0,5.0,-0.2724,,,2.0,10.0,,,,
14025262,2026-01-01,17:30:00,Crystal Palace,Fulham,True,1,1,40.0,1.93,3.0,11.0,4.0,6.0,7.0,388.0,14.0,10.0,0.0,2.0,1.0,5.0,4.0,9.0,2.0,1.0,2.0,37.0,1.0,5.0,299.0,15.0,54.0,68.0,115.0,22.0,57.0,1.0,12.0,47.0,5.0,31.0,59.0,15.0,38.0,7.0,18.0,9.0,14.0,14.0,9.0,43.0,29.0,,4.0,0.5633,1.0,,0.0,9.0,,,1.0,
14025262,2026-01-01,17:30:00,Fulham,Crystal Palace,False,1,1,60.0,1.76,3.0,17.0,1.0,3.0,10.0,586.0,16.0,7.0,5.0,5.0,1.0,6.0,6.0,12.0,5.0,0.0,3.0,31.0,0.0,1.0,502.0,17.0,75.0,104.0,147.0,30.0,56.0,7.0,19.0,53.0,7.0,28.0,59.0,23.0,38.0,5.0,12.0,9.0,16.0,16.0,9.0,49.0,35.0,,1.0,0.3725,0.0,,1.0,8.0,,,0.0,
14025264,2026-01-01,17:30:00,Liverpool FC,Leeds United,True,0,0,68.0,2.08,2.0,19.0,2.0,8.0,10.0,636.0,8.0,8.0,0.0,4.0,0.0,7.0,8.0,11.0,8.0,,2.0,35.0,2.0,6.0,549.0,21.0,90.0,215.0,255.0,16.0,40.0,4.0,25.0,48.0,11.0,27.0,63.0,26.0,48.0,12.0,19.0,3.0,8.0,8.0,6.0,48.0,21.0,,2.0,0.9702,1.0,,2.0,4.0,,2.0,1.0,
14025264,2026-01-01,17:30:00,Leeds United,Liverpool FC,False,0,0,32.0,0.69,1.0,4.0,4.0,3.0,8.0,295.0,18.0,10.0,2.0,2.0,0.0,1.0,1.0,3.0,1.0,,1.0,11.0,1.0,1.0,194.0,18.0,50.0,34.0,82.0,18.0,60.0,3.0,10.0,52.0,5.0,36.0,63.0,22.0,48.0,8.0,11.0,10.0,18.0,18.0,11.0,42.0,37.0,,4.0,0.7617,1.0,,0.0,9.0,,0.0,1.0,
14025256,2026-01-01,20:00:00,Brentford,Tottenham Hotspur,True,0,0,56.0,0.92,1.0,7.0,2.0,3.0,8.0,515.0,18.0,10.0,1.0,2.0,0.0,3.0,2.0,4.0,3.0,,1.0,20.0,3.0,4.0,426.0,18.0,72.0,97.0,145.0,24.0,58.0,4.0,20.0,48.0,10.0,31.0,66.0,17.0,35.0,3.0,11.0,12.0,18.0,18.0,9.0,64.0,20.0,,2.0,0.8925,0.0,2.0,0.0,5.0,,,0.0,
14025256,2026-01-01,20:00:00,Tottenham Hotspur,Brentford,False,0,0,44.0,0.86,0.0,9.0,2.0,1.0,10.0,412.0,18.0,8.0,2.0,3.0,0.0,2.0,4.0,7.0,2.0,,0.0,18.0,1.0,0.0,324.0,16.0,48.0,76.0,112.0,24.0,65.0,1.0,11.0,52.0,9.0,35.0,66.0,18.0,35.0,9.0,18.0,13.0,18.0,18.0,10.0,62.0,33.0,,2.0,0.2865,1.0,2.0,2.0,7.0,,,1.0,
14025270,2026-01-01,20:00:00,Sunderland,Manchester City,True,0,0,32.0,0.88,2.0,10.0,4.0,3.0,9.0,304.0,18.0,6.0,1.0,4.0,0.0,4.0,2.0,7.0,3.0,,2.0,22.0,,0.0,221.0,19.0,60.0,58.0,110.0,22.0,52.0,3.0,9.0,45.0,15.0,33.0,81.0,14.0,23.0,9.0,17.0,15.0,18.0,18.0,17.0,52.0,31.0,,4.0,0.7447,1.0,,,10.0,,1.0,0.0,
14025270,2026-01-01,20:00:00,Manchester City,Sunderland,False,0,0,68.0,2.24,5.0,14.0,4.0,5.0,6.0,640.0,23.0,9.0,1.0,4.0,1.0,5.0,5.0,12.0,2.0,,5.0,52.0,,1.0,548.0,24.0,62.0,156.0,192.0,21.0,50.0,6.0,21.0,55.0,8.0,48.0,81.0,9.0,23.0,16.0,26.0,17.0,23.0,23.0,12.0,59.0,21.0,,4.0,0.6132,0.0,,,7.0,,1.0,1.0,
14025276,2026-01-03,12:30:00,Aston Villa,Nottingham Forest,True,3,1,73.0,1.59,2.0,11.0,4.0,4.0,10.0,645.0,18.0,20.0,1.0,4.0,0.0,3.0,4.0,5.0,6.0,1.0,1.0,46.0,4.0,1.0,579.0,17.0,65.0,189.0,237.0,16.0,30.0,2.0,16.0,53.0,8.0,39.0,76.0,10.0,16.0,4.0,15.0,9.0,18.0,18.0,11.0,46.0,12.0,0.0,4.0,0.6719,2.0,1.0,1.0,4.0,,0.0,2.0,
14025276,2026-01-03,12:30:00,Nottingham Forest,Aston Villa,False,1,3,27.0,0.89,2.0,10.0,1.0,4.0,20.0,239.0,19.0,10.0,2.0,5.0,0.0,3.0,2.0,6.0,4.0,1.0,1.0,13.0,1.0,4.0,170.0,8.0,18.0,21.0,40.0,20.0,48.0,0.0,9.0,47.0,16.0,37.0,76.0,6.0,16.0,8.0,10.0,8.0,19.0,19.0,14.0,46.0,28.0,1.0,1.0,-1.5467,0.0,1.0,1.0,11.0,,1.0,1.0,
14025278,2026-01-03,15:00:00,Brighton & Hove Albion,Burnley,True,2,0,60.0,1.45,2.0,15.0,2.0,4.0,7.0,608.0,17.0,17.0,0.0,4.0,1.0,7.0,4.0,9.0,6.0,1.0,1.0,26.0,5.0,3.0,546.0,13.0,39.0,91.0,117.0,17.0,32.0,4.0,11.0,53.0,11.0,40.0,80.0,19.0,32.0,8.0,22.0,10.0,17.0,17.0,6.0,43.0,25.0,0.0,2.0,0.1589,,0.0,1.0,4.0,,,0.0,
14025278,2026-01-03,15:00:00,Burnley,Brighton & Hove Albion,False,0,2,40.0,0.3,0.0,5.0,2.0,4.0,17.0,396.0,25.0,7.0,4.0,3.0,1.0,2.0,0.0,4.0,1.0,0.0,0.0,12.0,1.0,1.0,325.0,22.0,43.0,65.0,94.0,21.0,42.0,1.0,16.0,47.0,9.0,40.0,80.0,13.0,32.0,8.0,16.0,13.0,25.0,25.0,3.0,42.0,21.0,1.0,2.0,-1.2782,,1.0,1.0,8.0,,,1.0,
14025292,2026-01-03,15:00:00,Wolverhampton,West Ham United,True,3,0,33.0,1.87,3.0,11.0,0.0,6.0,11.0,301.0,23.0,9.0,1.0,8.0,0.0,3.0,0.0,8.0,3.0,2.0,1.0,14.0,2.0,1.0,234.0,27.0,34.0,44.0,64.0,12.0,36.0,5.0,16.0,48.0,13.0,39.0,84.0,15.0,28.0,6.0,20.0,12.0,23.0,23.0,9.0,44.0,34.0,,0.0,0.0,0.0,3.0,5.0,8.0,,0.0,,
14025292,2026-01-03,15:00:00,West Ham United,Wolverhampton,False,0,3,67.0,0.25,0.0,6.0,5.0,7.0,10.0,624.0,27.0,11.0,0.0,0.0,0.0,6.0,0.0,4.0,2.0,0.0,0.0,25.0,4.0,1.0,546.0,16.0,80.0,130.0,180.0,26.0,42.0,7.0,28.0,52.0,13.0,45.0,84.0,13.0,28.0,8.0,18.0,17.0,27.0,27.0,6.0,44.0,15.0,,5.0,-0.8577,2.0,1.0,0.0,4.0,,2.0,,
14025274,2026-01-03,17:30:00,Bournemouth,Arsenal,True,2,3,43.0,1.43,1.0,15.0,2.0,7.0,13.0,339.0,16.0,8.0,3.0,3.0,0.0,7.0,5.0,5.0,10.0,1.0,,13.0,3.0,1.0,259.0,14.0,62.0,70.0,107.0,22.0,57.0,4.0,22.0,42.0,13.0,31.0,75.0,17.0,38.0,8.0,20.0,12.0,16.0,16.0,4.0,48.0,37.0,0.0,2.0,-1.2735,,0.0,3.0,10.0,,0.0,1.0,
14025274,2026-01-03,17:30:00,Arsenal,Bournemouth,False,3,2,57.0,1.13,2.0,12.0,1.0,5.0,8.0,462.0,25.0,13.0,1.0,5.0,0.0,3.0,4.0,7.0,5.0,2.0,,28.0,4.0,1.0,368.0,13.0,60.0,97.0,137.0,18.0,51.0,3.0,20.0,58.0,6.0,44.0,75.0,21.0,38.0,7.0,17.0,11.0,25.0,25.0,7.0,52.0,30.0,1.0,1.0,-0.9023,,1.0,0.0,8.0,,2.0,1.0,
14025284,2026-01-04,12:30:00,Leeds United,Manchester United,True,1,1,45.0,0.9,1.0,11.0,1.0,6.0,9.0,425.0,18.0,9.0,0.0,3.0,1.0,6.0,2.0,8.0,3.0,1.0,0.0,25.0,,1.0,312.0,20.0,67.0,72.0,123.0,21.0,61.0,3.0,20.0,50.0,13.0,31.0,70.0,23.0,39.0,4.0,16.0,10.0,18.0,18.0,17.0,52.0,23.0,,1.0,-0.6086,0.0,,,8.0,,0.0,,
14025284,2026-01-04,12:30:00,Manchester United,Leeds United,False,1,1,55.0,1.58,3.0,15.0,2.0,4.0,9.0,529.0,25.0,9.0,1.0,2.0,1.0,8.0,5.0,9.0,6.0,0.0,3.0,22.0,,3.0,419.0,16.0,66.0,69.0,118.0,23.0,63.0,2.0,10.0,50.0,11.0,39.0,70.0,16.0,39.0,5.0,12.0,15.0,25.0,25.0,8.0,50.0,38.0,,2.0,0.5242,2.0,,,11.0,,1.0,,
14025280,2026-01-04,15:00:00,Everton,Brentford,True,2,4,45.0,0.89,1.0,14.0,3.0,4.0,9.0,364.0,24.0,8.0,0.0,6.0,0.0,3.0,5.0,11.0,3.0,1.0,0.0,31.0,1.0,0.0,286.0,21.0,53.0,98.0,135.0,24.0,52.0,10.0,27.0,57.0,11.0,44.0,74.0,29.0,53.0,13.0,18.0,15.0,24.0,24.0,7.0,57.0,22.0,1.0,3.0,-0.9038,0.0,,0.0,6.0,,0.0,1.0,
14025280,2026-01-04,15:00:00,Brentford,Everton,False,4,2,55.0,2.66,6.0,11.0,4.0,5.0,8.0,455.0,16.0,9.0,2.0,7.0,0.0,2.0,2.0,9.0,2.0,4.0,2.0,23.0,0.0,2.0,355.0,19.0,61.0,57.0,104.0,21.0,74.0,6.0,12.0,43.0,12.0,30.0,74.0,24.0,53.0,6.0,18.0,8.0,16.0,16.0,10.0,64.0,24.0,0.0,4.0,-0.8367,1.0,,2.0,5.0,,4.0,2.0,
14025288,2026-01-04,15:00:00,Newcastle United,Crystal Palace,True,2,0,59.0,2.08,5.0,12.0,1.0,8.0,5.0,494.0,16.0,12.0,1.0,7.0,1.0,3.0,2.0,11.0,1.0,2.0,3.0,35.0,3.0,5.0,408.0,16.0,62.0,84.0,129.0,25.0,52.0,7.0,31.0,52.0,14.0,42.0,82.0,20.0,37.0,15.0,29.0,9.0,16.0,16.0,7.0,56.0,35.0,,1.0,0.0405,1.0,1.0,0.0,9.0,,2.0,,
14025288,2026-01-04,15:00:00,Crystal Palace,Newcastle United,False,0,2,41.0,0.7,1.0,11.0,5.0,6.0,12.0,344.0,28.0,5.0,3.0,1.0,0.0,5.0,5.0,9.0,2.0,0.0,1.0,26.0,0.0,2.0,239.0,17.0,43.0,74.0,127.0,11.0,44.0,2.0,15.0,48.0,12.0,40.0,82.0,17.0,37.0,8.0,12.0,11.0,28.0,28.0,11.0,53.0,45.0,,5.0,0.6492,2.0,0.0,3.0,4.0,,3.0,,
14025290,2026-01-04,15:00:00,Tottenham Hotspur,Sunderland,True,1,1,49.0,1.18,2.0,13.0,2.0,3.0,9.0,361.0,15.0,6.0,2.0,5.0,0.0,6.0,2.0,9.0,4.0,1.0,1.0,33.0,2.0,4.0,284.0,22.0,53.0,92.0,125.0,26.0,50.0,7.0,23.0,46.0,11.0,31.0,64.0,20.0,47.0,10.0,16.0,12.0,15.0,15.0,8.0,54.0,33.0,,2.0,0.6161,,0.0,1.0,7.0,,,1.0,
14025290,2026-01-04,15:00:00,Sunderland,Tottenham Hotspur,False,1,1,51.0,0.44,0.0,10.0,3.0,5.0,6.0,382.0,17.0,9.0,3.0,3.0,1.0,4.0,3.0,9.0,1.0,0.0,0.0,20.0,1.0,2.0,294.0,20.0,54.0,53.0,93.0,20.0,49.0,4.0,21.0,54.0,8.0,33.0,64.0,27.0,47.0,7.0,14.0,13.0,17.0,17.0,9.0,50.0,27.0,,3.0,0.1573,,1.0,1.0,10.0,,,1.0,
14025282,2026-01-04,15:15:00,Fulham,Liverpool FC,True,2,2,42.0,0.74,1.0,8.0,,3.0,11.0,462.0,15.0,4.0,1.0,2.0,1.0,3.0,3.0,5.0,3.0,1.0,0.0,15.0,0.0,2.0,386.0,17.0,39.0,69.0,103.0,14.0,46.0,1.0,13.0,55.0,3.0,24.0,45.0,13.0,22.0,5.0,9.0,9.0,15.0,15.0,10.0,40.0,40.0,2.0,,-0.7862,,,,9.0,,0.0,,
14025282,2026-01-04,15:15:00,Liverpool FC,Fulham,False,2,2,58.0,1.37,3.0,10.0,,8.0,4.0,639.0,7.0,11.0,1.0,2.0,1.0,5.0,3.0,7.0,3.0,2.0,1.0,33.0,2.0,4.0,563.0,27.0,87.0,164.0,214.0,26.0,49.0,1.0,23.0,45.0,10.0,21.0,45.0,9.0,22.0,4.0,9.0,5.0,7.0,7.0,5.0,36.0,24.0,0.0,,-0.7884,,,,4.0,,1.0,,
14025286,2026-01-04,17:30:00,Manchester City,Chelsea,True,1,1,57.0,1.02,0.0,14.0,2.0,8.0,12.0,580.0,24.0,14.0,3.0,3.0,1.0,6.0,5.0,12.0,2.0,0.0,0.0,35.0,2.0,2.0,504.0,10.0,57.0,126.0,171.0,22.0,36.0,5.0,15.0,59.0,14.0,47.0,83.0,10.0,13.0,9.0,15.0,18.0,24.0,24.0,9.0,58.0,6.0,,2.0,0.897,0.0,,,4.0,,1.0,0.0,
14025286,2026-01-04,17:30:00,Chelsea,Manchester City,False,1,1,43.0,1.85,3.0,8.0,2.0,2.0,14.0,436.0,20.0,12.0,3.0,3.0,0.0,4.0,1.0,8.0,0.0,1.0,2.0,16.0,0.0,2.0,363.0,21.0,24.0,57.0,79.0,15.0,35.0,2.0,4.0,41.0,11.0,36.0,83.0,3.0,13.0,7.0,20.0,10.0,20.0,20.0,14.0,48.0,23.0,,2.0,0.2312,1.0,,,7.0,,1.0,2.0,
14025055,2026-01-06,20:00:00,West Ham United,Nottingham Forest,True,1,2,47.0,0.95,3.0,14.0,3.0,6.0,15.0,379.0,28.0,9.0,3.0,3.0,0.0,6.0,5.0,11.0,3.0,0.0,3.0,17.0,0.0,1.0,290.0,23.0,70.0,82.0,127.0,19.0,63.0,2.0,19.0,56.0,9.0,39.0,70.0,27.0,48.0,2.0,8.0,19.0,28.0,28.0,7.0,48.0,33.0,,3.0,0.2785,1.0,1.0,,6.0,,,0.0,
14025055,2026-01-06,20:00:00,Nottingham Forest,West Ham United,False,2,1,53.0,1.38,1.0,13.0,3.0,5.0,9.0,418.0,15.0,14.0,0.0,5.0,1.0,4.0,4.0,7.0,6.0,1.0,0.0,26.0,6.0,0.0,337.0,27.0,70.0,128.0,167.0,19.0,53.0,5.0,28.0,44.0,14.0,31.0,70.0,21.0,48.0,2.0,16.0,9.0,15.0,15.0,6.0,55.0,32.0,,3.0,-0.6272,0.0,1.0,,5.0,,,1.0,
14025015,2026-01-07,19:30:00,Bournemouth,Tottenham Hotspur,True,3,2,42.0,1.27,1.0,11.0,2.0,3.0,19.0,321.0,17.0,10.0,3.0,3.0,0.0,3.0,5.0,5.0,6.0,1.0,0.0,14.0,1.0,4.0,240.0,19.0,44.0,46.0,84.0,9.0,45.0,3.0,12.0,41.0,10.0,31.0,88.0,19.0,35.0,4.0,18.0,8.0,17.0,17.0,10.0,54.0,35.0,,2.0,-0.2194,,1.0,1.0,7.0,,0.0,0.0,
14025015,2026-01-07,19:30:00,Tottenham Hotspur,Bournemouth,False,2,3,58.0,1.25,2.0,16.0,0.0,7.0,10.0,434.0,24.0,19.0,3.0,4.0,1.0,7.0,5.0,11.0,5.0,0.0,2.0,29.0,2.0,0.0,336.0,25.0,44.0,52.0,88.0,22.0,62.0,5.0,21.0,59.0,3.0,57.0,88.0,16.0,35.0,14.0,28.0,16.0,24.0,24.0,5.0,48.0,15.0,,0.0,-1.5318,,1.0,0.0,7.0,,1.0,1.0,
14025027,2026-01-07,19:30:00,Brentford,Sunderland,True,3,0,51.0,3.24,5.0,18.0,3.0,7.0,13.0,392.0,8.0,13.0,2.0,6.0,4.0,7.0,5.0,14.0,4.0,3.0,2.0,42.0,3.0,1.0,328.0,14.0,41.0,99.0,129.0,30.0,65.0,4.0,22.0,51.0,1.0,25.0,48.0,17.0,35.0,4.0,10.0,3.0,8.0,8.0,8.0,51.0,22.0,,3.0,0.9991,,1.0,0.0,5.0,,2.0,0.0,1.0
14025027,2026-01-07,19:30:00,Sunderland,Brentford,False,0,3,49.0,1.72,2.0,11.0,3.0,4.0,13.0,389.0,7.0,12.0,1.0,3.0,0.0,4.0,4.0,7.0,4.0,0.0,2.0,21.0,4.0,1.0,314.0,11.0,55.0,59.0,101.0,21.0,56.0,2.0,13.0,49.0,5.0,23.0,48.0,18.0,35.0,3.0,6.0,6.0,7.0,7.0,10.0,48.0,26.0,,3.0,0.1614,,3.0,1.0,10.0,,0.0,3.0,0.0
14025058,2026-01-07,19:30:00,Crystal Palace,Aston Villa,True,0,0,41.0,1.5,3.0,11.0,4.0,3.0,8.0,369.0,20.0,3.0,2.0,5.0,0.0,2.0,4.0,9.0,2.0,,3.0,21.0,1.0,2.0,297.0,17.0,46.0,60.0,95.0,12.0,44.0,3.0,11.0,49.0,9.0,25.0,53.0,11.0,21.0,2.0,7.0,6.0,20.0,20.0,4.0,40.0,31.0,,4.0,0.758,0.0,,2.0,11.0,,2.0,,
14025058,2026-01-07,19:30:00,Aston Villa,Crystal Palace,False,0,0,59.0,1.74,3.0,15.0,5.0,5.0,3.0,537.0,14.0,8.0,0.0,3.0,1.0,7.0,5.0,11.0,4.0,,3.0,37.0,0.0,0.0,470.0,18.0,49.0,100.0,133.0,19.0,35.0,4.0,16.0,51.0,11.0,28.0,53.0,10.0,21.0,7.0,16.0,8.0,14.0,14.0,9.0,40.0,21.0,,5.0,1.585,1.0,,0.0,10.0,,1.0,,
14025046,2026-01-07,19:30:00,Everton,Wolverhampton,True,1,1,45.0,0.89,2.0,13.0,3.0,2.0,13.0,364.0,17.0,15.0,3.0,2.0,1.0,8.0,3.0,9.0,4.0,1.0,1.0,30.0,4.0,,296.0,12.0,43.0,69.0,100.0,12.0,31.0,5.0,19.0,55.0,8.0,38.0,71.0,31.0,55.0,8.0,16.0,8.0,17.0,17.0,6.0,40.0,42.0,,3.0,0.7081,1.0,0.0,0.0,8.0,2.0,,1.0,
14025046,2026-01-07,19:30:00,Wolverhampton,Everton,False,1,1,55.0,0.73,1.0,13.0,1.0,7.0,15.0,434.0,16.0,13.0,3.0,4.0,0.0,6.0,3.0,9.0,4.0,1.0,0.0,28.0,1.0,,367.0,8.0,67.0,83.0,117.0,24.0,52.0,7.0,30.0,45.0,12.0,33.0,71.0,24.0,55.0,5.0,10.0,9.0,16.0,16.0,5.0,48.0,24.0,,1.0,-0.0627,0.0,2.0,1.0,6.0,0.0,,0.0,
14025049,2026-01-07,19:30:00,Fulham,Chelsea,True,2,1,55.0,1.2,0.0,16.0,4.0,2.0,11.0,572.0,16.0,6.0,3.0,5.0,0.0,3.0,8.0,9.0,7.0,0.0,0.0,34.0,1.0,1.0,503.0,15.0,55.0,159.0,195.0,24.0,40.0,4.0,19.0,56.0,3.0,33.0,64.0,19.0,29.0,12.0,22.0,10.0,16.0,16.0,9.0,40.0,28.0,,4.0,0.9258,,,1.0,8.0,0.0,0.0,,
14025049,2026-01-07,19:30:00,Chelsea,Fulham,False,1,2,45.0,2.39,4.0,14.0,3.0,11.0,6.0,459.0,13.0,11.0,3.0,6.0,2.0,5.0,3.0,11.0,3.0,1.0,3.0,25.0,0.0,2.0,392.0,11.0,54.0,72.0,105.0,27.0,58.0,4.0,22.0,44.0,12.0,31.0,64.0,10.0,29.0,7.0,11.0,9.0,13.0,13.0,8.0,46.0,30.0,,3.0,-0.2377,,,0.0,6.0,1.0,1.0,,
14025061,2026-01-07,19:30:00,Manchester City,Brighton & Hove Albion,True,1,1,60.0,2.55,7.0,21.0,2.0,6.0,6.0,608.0,14.0,15.0,1.0,6.0,1.0,9.0,6.0,16.0,5.0,1.0,6.0,53.0,5.0,2.0,530.0,19.0,54.0,147.0,186.0,23.0,43.0,6.0,13.0,61.0,10.0,45.0,75.0,14.0,22.0,16.0,28.0,11.0,14.0,14.0,19.0,47.0,7.0,,2.0,0.1013,,,,5.0,,2.0,0.0,
14025061,2026-01-07,19:30:00,Brighton & Hove Albion,Manchester City,False,1,1,40.0,1.16,5.0,6.0,3.0,2.0,16.0,399.0,22.0,6.0,6.0,3.0,1.0,3.0,0.0,5.0,1.0,0.0,5.0,15.0,0.0,3.0,313.0,22.0,36.0,30.0,60.0,18.0,53.0,3.0,9.0,39.0,10.0,30.0,75.0,8.0,22.0,2.0,6.0,12.0,22.0,22.0,20.0,44.0,24.0,,3.0,0.707,,,,12.0,,3.0,3.0,
14025037,2026-01-07,20:15:00,Burnley,Manchester United,True,2,2,35.0,0.24,0.0,7.0,6.0,2.0,9.0,315.0,16.0,8.0,2.0,1.0,0.0,1.0,5.0,6.0,1.0,0.0,0.0,9.0,2.0,3.0,240.0,16.0,36.0,64.0,88.0,20.0,55.0,0.0,7.0,39.0,9.0,33.0,76.0,9.0,31.0,10.0,20.0,10.0,16.0,16.0,7.0,55.0,25.0,,6.0,0.3985,1.0,1.0,1.0,18.0,,0.0,2.0,
14025037,2026-01-07,20:15:00,Manchester United,Burnley,False,2,2,65.0,2.55,5.0,30.0,0.0,6.0,8.0,593.0,19.0,9.0,0.0,10.0,2.0,13.0,7.0,21.0,9.0,2.0,3.0,43.0,1.0,0.0,519.0,16.0,74.0,131.0,167.0,17.0,32.0,9.0,26.0,61.0,10.0,43.0,76.0,22.0,31.0,16.0,22.0,16.0,19.0,19.0,6.0,57.0,13.0,,0.0,-1.1206,0.0,1.0,0.0,3.0,,2.0,0.0,
14025052,2026-01-07,20:15:00,Newcastle United,Leeds United,True,4,3,63.0,2.44,3.0,18.0,3.0,8.0,11.0,545.0,14.0,9.0,3.0,8.0,2.0,6.0,4.0,15.0,3.0,1.0,2.0,37.0,2.0,1.0,471.0,16.0,51.0,105.0,128.0,25.0,47.0,9.0,35.0,50.0,7.0,30.0,63.0,23.0,42.0,8.0,18.0,11.0,14.0,14.0,9.0,47.0,32.0,1.0,3.0,-0.7778,,2.0,0.0,11.0,,,3.0,
14025052,2026-01-07,20:15:00,Leeds United,Newcastle United,False,3,4,37.0,1.89,3.0,14.0,3.0,4.0,10.0,334.0,17.0,10.0,2.0,6.0,1.0,5.0,3.0,12.0,2.0,1.0,2.0,26.0,1.0,0.0,256.0,15.0,62.0,69.0,114.0,24.0,54.0,4.0,12.0,50.0,8.0,33.0,63.0,19.0,42.0,8.0,14.0,7.0,17.0,17.0,16.0,50.0,33.0,0.0,3.0,-1.1289,,2.0,2.0,7.0,,,0.0,
14025019,2026-01-08,20:00:00,Arsenal,Liverpool FC,True,0,0,48.0,0.57,1.0,9.0,0.0,3.0,10.0,459.0,11.0,9.0,2.0,4.0,0.0,1.0,4.0,6.0,3.0,,1.0,24.0,2.0,2.0,396.0,15.0,51.0,122.0,158.0,12.0,34.0,3.0,15.0,49.0,2.0,27.0,57.0,6.0,11.0,8.0,16.0,6.0,11.0,11.0,7.0,33.0,15.0,,0.0,0.0,,0.0,0.0,8.0,,2.0,2.0,
14025019,2026-01-08,20:00:00,Liverpool FC,Arsenal,False,0,0,52.0,0.31,0.0,8.0,4.0,0.0,9.0,509.0,10.0,10.0,2.0,0.0,1.0,5.0,3.0,2.0,6.0,,0.0,11.0,2.0,1.0,453.0,17.0,63.0,102.0,122.0,20.0,45.0,0.0,9.0,51.0,8.0,30.0,57.0,5.0,11.0,10.0,13.0,7.0,10.0,10.0,8.0,37.0,23.0,,4.0,0.6784,,2.0,1.0,6.0,,1.0,0.0,
14025079,2026-01-17,12:30:00,Manchester United,Manchester City,True,2,0,32.0,2.27,6.0,11.0,1.0,1.0,13.0,302.0,24.0,8.0,2.0,7.0,2.0,4.0,1.0,10.0,1.0,2.0,4.0,21.0,0.0,6.0,240.0,16.0,50.0,77.0,110.0,26.0,46.0,4.0,10.0,54.0,8.0,37.0,69.0,9.0,16.0,5.0,10.0,12.0,24.0,24.0,12.0,48.0,27.0,,1.0,0.3121,0.0,1.0,,7.0,,1.0,1.0,
14025079,2026-01-17,12:30:00,Manchester City,Manchester United,False,0,2,68.0,0.45,0.0,7.0,5.0,6.0,8.0,646.0,13.0,13.0,3.0,1.0,0.0,3.0,3.0,5.0,2.0,0.0,0.0,35.0,4.0,1.0,581.0,13.0,59.0,202.0,242.0,15.0,29.0,2.0,20.0,46.0,14.0,32.0,69.0,7.0,16.0,6.0,16.0,11.0,13.0,13.0,9.0,46.0,19.0,,5.0,-0.2533,2.0,1.0,,7.0,,0.0,0.0,
14025070,2026-01-17,15:00:00,Chelsea,Brentford,True,2,0,46.0,1.59,2.0,6.0,6.0,3.0,7.0,443.0,17.0,9.0,3.0,2.0,0.0,2.0,2.0,4.0,2.0,1.0,1.0,11.0,1.0,0.0,374.0,13.0,40.0,75.0,99.0,27.0,55.0,1.0,11.0,56.0,4.0,33.0,57.0,12.0,24.0,7.0,17.0,9.0,17.0,17.0,11.0,51.0,42.0,,6.0,0.6015,,3.0,,6.0,,0.0,1.0,
14025070,2026-01-17,15:00:00,Brentford,Chelsea,False,0,2,54.0,1.52,3.0,15.0,0.0,9.0,10.0,513.0,14.0,7.0,2.0,5.0,1.0,5.0,5.0,10.0,5.0,0.0,3.0,33.0,1.0,1.0,446.0,21.0,62.0,91.0,129.0,22.0,49.0,7.0,29.0,44.0,7.0,24.0,57.0,12.0,24.0,3.0,13.0,9.0,14.0,14.0,8.0,50.0,16.0,,0.0,-0.7569,,0.0,,6.0,,1.0,0.0,
14025073,2026-01-17,15:00:00,Leeds United,Fulham,True,1,0,46.0,1.43,5.0,14.0,1.0,7.0,6.0,402.0,10.0,11.0,1.0,5.0,0.0,8.0,1.0,10.0,4.0,1.0,4.0,22.0,3.0,8.0,311.0,21.0,55.0,51.0,94.0,18.0,58.0,5.0,21.0,47.0,11.0,24.0,49.0,22.0,49.0,4.0,9.0,8.0,10.0,10.0,7.0,47.0,13.0,,1.0,0.0899,0.0,0.0,,9.0,,1.0,1.0,
14025073,2026-01-17,15:00:00,Fulham,Leeds United,False,0,1,54.0,0.39,0.0,8.0,4.0,3.0,11.0,477.0,16.0,6.0,5.0,1.0,0.0,5.0,2.0,5.0,3.0,0.0,0.0,7.0,1.0,3.0,388.0,16.0,48.0,38.0,76.0,22.0,54.0,1.0,8.0,53.0,5.0,25.0,49.0,27.0,49.0,3.0,8.0,7.0,16.0,16.0,10.0,40.0,31.0,,4.0,0.119,1.0,3.0,,13.0,,1.0,1.0,
14025076,2026-01-17,15:00:00,Liverpool FC,Burnley,True,1,1,73.0,3.18,3.0,32.0,1.0,9.0,8.0,728.0,7.0,9.0,1.0,11.0,1.0,8.0,13.0,20.0,12.0,,3.0,78.0,3.0,1.0,635.0,25.0,80.0,304.0,355.0,26.0,49.0,9.0,34.0,53.0,9.0,32.0,66.0,20.0,32.0,15.0,25.0,4.0,7.0,7.0,8.0,44.0,13.0,,1.0,-0.9201,1.0,,1.0,7.0,,2.0,,
14025076,2026-01-17,15:00:00,Burnley,Liverpool FC,False,1,1,27.0,0.4,0.0,7.0,8.0,1.0,10.0,275.0,19.0,8.0,2.0,1.0,0.0,4.0,2.0,5.0,2.0,,0.0,15.0,0.0,2.0,191.0,12.0,35.0,51.0,82.0,12.0,60.0,0.0,7.0,47.0,6.0,34.0,66.0,12.0,32.0,7.0,8.0,7.0,19.0,19.0,9.0,44.0,41.0,,8.0,1.1689,2.0,,3.0,16.0,,0.0,,
14025085,2026-01-17,15:00:00,Sunderland,Crystal Palace,True,2,1,57.0,1.71,3.0,13.0,1.0,3.0,8.0,456.0,15.0,15.0,3.0,7.0,1.0,5.0,1.0,10.0,3.0,1.0,2.0,18.0,1.0,0.0,365.0,25.0,62.0,85.0,131.0,21.0,57.0,7.0,18.0,56.0,5.0,32.0,55.0,27.0,51.0,6.0,13.0,11.0,15.0,15.0,11.0,38.0,35.0,,1.0,0.0447,,1.0,2.0,7.0,,0.0,1.0,
14025085,2026-01-17,15:00:00,Crystal Palace,Sunderland,False,1,2,43.0,0.61,2.0,6.0,5.0,4.0,15.0,339.0,12.0,8.0,3.0,2.0,0.0,2.0,2.0,5.0,1.0,0.0,2.0,16.0,2.0,2.0,255.0,12.0,62.0,55.0,95.0,15.0,50.0,2.0,15.0,44.0,11.0,23.0,55.0,24.0,51.0,3.0,7.0,7.0,12.0,12.0,9.0,42.0,36.0,,5.0,0.6411,,0.0,0.0,12.0,,1.0,1.0,
14025089,2026-01-17,15:00:00,Tottenham Hotspur,West Ham United,True,1,2,62.0,1.44,3.0,21.0,2.0,11.0,12.0,481.0,19.0,17.0,5.0,6.0,0.0,11.0,4.0,15.0,6.0,1.0,2.0,52.0,5.0,1.0,401.0,18.0,64.0,133.0,177.0,21.0,36.0,10.0,43.0,51.0,9.0,49.0,90.0,20.0,46.0,13.0,29.0,15.0,19.0,19.0,7.0,58.0,15.0,1.0,2.0,0.5408,1.0,1.0,0.0,6.0,,,,
14025089,2026-01-17,15:00:00,West Ham United,Tottenham Hotspur,False,2,1,38.0,2.85,4.0,17.0,5.0,5.0,17.0,306.0,25.0,12.0,3.0,4.0,0.0,7.0,6.0,17.0,0.0,1.0,3.0,28.0,1.0,1.0,230.0,12.0,37.0,45.0,71.0,24.0,49.0,6.0,20.0,49.0,12.0,41.0,90.0,26.0,46.0,6.0,13.0,12.0,25.0,25.0,19.0,50.0,43.0,0.0,5.0,0.5888,2.0,0.0,1.0,10.0,,,,
14025082,2026-01-17,17:30:00,Nottingham Forest,Arsenal,True,0,0,40.0,0.34,0.0,6.0,3.0,4.0,8.0,321.0,12.0,14.0,1.0,0.0,0.0,3.0,3.0,1.0,5.0,,0.0,14.0,2.0,1.0,259.0,19.0,52.0,94.0,122.0,18.0,48.0,5.0,25.0,49.0,6.0,29.0,59.0,17.0,35.0,4.0,14.0,5.0,12.0,12.0,6.0,31.0,33.0,,3.0,0.8523,2.0,0.0,1.0,11.0,,,2.0,
14025082,2026-01-17,17:30:00,Arsenal,Nottingham Forest,False,0,0,60.0,2.1,4.0,15.0,0.0,9.0,14.0,494.0,16.0,8.0,1.0,3.0,0.0,4.0,8.0,14.0,1.0,,4.0,36.0,2.0,0.0,416.0,10.0,50.0,109.0,146.0,15.0,46.0,11.0,26.0,51.0,5.0,30.0,59.0,18.0,35.0,6.0,13.0,7.0,16.0,16.0,4.0,36.0,27.0,,0.0,0.0,0.0,2.0,1.0,6.0,,,0.0,
14025092,2026-01-18,14:00:00,Wolverhampton,Newcastle United,True,0,0,33.0,0.29,,6.0,2.0,4.0,14.0,303.0,11.0,8.0,2.0,2.0,0.0,2.0,2.0,6.0,0.0,,,14.0,0.0,1.0,235.0,14.0,37.0,43.0,74.0,18.0,52.0,3.0,17.0,43.0,5.0,26.0,56.0,11.0,30.0,7.0,12.0,9.0,11.0,11.0,8.0,39.0,28.0,,2.0,0.4824,,1.0,2.0,12.0,,1.0,1.0,
14025092,2026-01-18,14:00:00,Newcastle United,Wolverhampton,False,0,0,67.0,0.94,,12.0,2.0,7.0,8.0,614.0,10.0,14.0,2.0,2.0,0.0,6.0,4.0,9.0,3.0,,,24.0,5.0,3.0,563.0,12.0,60.0,163.0,196.0,22.0,34.0,10.0,34.0,57.0,4.0,30.0,56.0,19.0,30.0,6.0,13.0,7.0,10.0,10.0,8.0,45.0,20.0,,2.0,0.1512,,0.0,0.0,7.0,,1.0,0.0,
14025064,2026-01-18,16:30:00,Aston Villa,Everton,True,0,1,63.0,1.44,0.0,18.0,2.0,6.0,15.0,495.0,14.0,13.0,1.0,5.0,1.0,7.0,6.0,12.0,6.0,0.0,,31.0,0.0,1.0,434.0,20.0,50.0,113.0,138.0,22.0,44.0,4.0,19.0,47.0,10.0,31.0,65.0,16.0,35.0,5.0,12.0,7.0,14.0,14.0,4.0,49.0,16.0,2.0,2.0,-0.0165,0.0,2.0,0.0,6.0,,1.0,,
14025064,2026-01-18,16:30:00,Everton,Aston Villa,False,1,0,37.0,0.51,1.0,9.0,5.0,4.0,13.0,292.0,17.0,15.0,2.0,3.0,1.0,2.0,4.0,5.0,4.0,1.0,,16.0,2.0,4.0,227.0,12.0,43.0,53.0,82.0,26.0,52.0,2.0,7.0,53.0,9.0,34.0,65.0,19.0,35.0,2.0,7.0,10.0,17.0,17.0,13.0,55.0,28.0,0.0,5.0,0.9689,2.0,1.0,2.0,9.0,,0.0,,
15129445,2026-01-19,20:00:00,Brighton & Hove Albion,Bournemouth,True,1,1,67.0,1.02,1.0,17.0,1.0,11.0,7.0,580.0,21.0,6.0,2.0,5.0,1.0,5.0,7.0,12.0,5.0,0.0,1.0,45.0,3.0,1.0,490.0,22.0,74.0,140.0,183.0,24.0,40.0,5.0,23.0,54.0,4.0,39.0,70.0,22.0,42.0,12.0,26.0,10.0,21.0,21.0,2.0,50.0,24.0,,1.0,0.0284,0.0,1.0,1.0,6.0,,0.0,2.0,
15129445,2026-01-19,20:00:00,Bournemouth,Brighton & Hove Albion,False,1,1,33.0,1.29,1.0,11.0,4.0,6.0,6.0,282.0,18.0,6.0,3.0,2.0,1.0,4.0,5.0,7.0,4.0,1.0,1.0,18.0,1.0,3.0,194.0,21.0,49.0,53.0,94.0,27.0,70.0,2.0,15.0,46.0,12.0,31.0,70.0,20.0,42.0,6.0,15.0,6.0,18.0,18.0,17.0,52.0,31.0,,4.0,0.6002,2.0,0.0,2.0,8.0,,1.0,0.0,
14025122,2026-01-24,12:30:00,West Ham United,Sunderland,True,3,1,47.0,1.52,4.0,13.0,1.0,3.0,9.0,366.0,25.0,15.0,2.0,5.0,1.0,5.0,3.0,7.0,6.0,2.0,2.0,25.0,6.0,0.0,279.0,24.0,56.0,62.0,100.0,26.0,63.0,2.0,13.0,58.0,3.0,45.0,68.0,15.0,36.0,4.0,14.0,16.0,25.0,25.0,5.0,37.0,24.0,,1.0,0.094,,1.0,0.0,8.0,,,0.0,
14025122,2026-01-24,12:30:00,Sunderland,West Ham United,False,1,3,53.0,0.67,3.0,7.0,2.0,3.0,16.0,406.0,13.0,9.0,4.0,2.0,1.0,4.0,1.0,4.0,3.0,1.0,2.0,13.0,2.0,1.0,335.0,25.0,55.0,64.0,100.0,22.0,41.0,4.0,17.0,42.0,15.0,23.0,68.0,21.0,36.0,2.0,12.0,6.0,13.0,13.0,3.0,44.0,30.0,,2.0,-1.7839,,1.0,1.0,3.0,,,1.0,
14025104,2026-01-24,15:00:00,Burnley,Tottenham Hotspur,True,2,2,38.0,1.44,3.0,9.0,9.0,1.0,8.0,379.0,19.0,9.0,1.0,4.0,0.0,2.0,3.0,6.0,3.0,2.0,1.0,15.0,0.0,3.0,292.0,18.0,44.0,57.0,87.0,13.0,48.0,2.0,6.0,41.0,14.0,37.0,87.0,9.0,25.0,9.0,21.0,13.0,19.0,19.0,16.0,58.0,20.0,,9.0,1.3197,4.0,,2.0,8.0,,,,
14025104,2026-01-24,15:00:00,Tottenham Hotspur,Burnley,False,2,2,62.0,2.05,4.0,18.0,2.0,3.0,9.0,620.0,26.0,8.0,0.0,11.0,1.0,7.0,0.0,11.0,7.0,0.0,4.0,28.0,2.0,1.0,526.0,18.0,50.0,108.0,147.0,23.0,52.0,7.0,19.0,59.0,11.0,50.0,87.0,16.0,25.0,17.0,25.0,16.0,26.0,26.0,10.0,71.0,14.0,,2.0,-0.1088,0.0,,0.0,2.0,,,,
14025113,2026-01-24,15:00:00,Fulham,Brighton & Hove Albion,True,2,1,49.0,1.05,2.0,12.0,3.0,6.0,10.0,502.0,11.0,6.0,1.0,4.0,0.0,5.0,3.0,5.0,7.0,1.0,1.0,19.0,1.0,1.0,417.0,24.0,46.0,70.0,100.0,26.0,56.0,2.0,18.0,42.0,9.0,21.0,53.0,12.0,25.0,4.0,11.0,8.0,11.0,11.0,7.0,43.0,41.0,0.0,3.0,-0.4869,,1.0,0.0,11.0,,0.0,1.0,
14025113,2026-01-24,15:00:00,Brighton & Hove Albion,Fulham,False,1,2,51.0,1.59,4.0,13.0,2.0,6.0,6.0,517.0,16.0,10.0,1.0,5.0,0.0,4.0,4.0,10.0,3.0,1.0,4.0,28.0,2.0,3.0,432.0,14.0,47.0,84.0,131.0,15.0,50.0,8.0,26.0,58.0,6.0,32.0,53.0,13.0,25.0,7.0,12.0,9.0,16.0,16.0,12.0,48.0,23.0,1.0,2.0,-0.9388,,1.0,1.0,8.0,,1.0,0.0,
14025116,2026-01-24,15:00:00,Manchester City,Wolverhampton,True,2,0,64.0,0.86,1.0,11.0,1.0,4.0,16.0,644.0,16.0,14.0,1.0,4.0,2.0,7.0,0.0,8.0,3.0,1.0,0.0,24.0,3.0,0.0,581.0,21.0,70.0,128.0,159.0,27.0,45.0,3.0,9.0,44.0,10.0,31.0,75.0,10.0,18.0,2.0,11.0,6.0,16.0,16.0,17.0,42.0,11.0,,1.0,0.0688,,,0.0,6.0,,1.0,,
14025116,2026-01-24,15:00:00,Wolverhampton,Manchester City,False,0,2,36.0,0.61,1.0,11.0,2.0,6.0,14.0,349.0,19.0,16.0,3.0,1.0,1.0,5.0,5.0,5.0,6.0,0.0,1.0,17.0,3.0,6.0,278.0,24.0,29.0,27.0,49.0,12.0,35.0,4.0,12.0,56.0,8.0,44.0,75.0,8.0,18.0,9.0,17.0,13.0,19.0,19.0,10.0,41.0,21.0,,2.0,-1.0366,,,1.0,7.0,,0.0,,
14025095,2026-01-24,17:30:00,Bournemouth,Liverpool FC,True,3,2,33.0,2.35,6.0,12.0,2.0,3.0,7.0,298.0,20.0,7.0,1.0,5.0,1.0,4.0,3.0,9.0,3.0,3.0,3.0,26.0,2.0,,230.0,15.0,37.0,52.0,85.0,22.0,49.0,3.0,13.0,51.0,3.0,31.0,57.0,6.0,15.0,4.0,13.0,10.0,20.0,20.0,14.0,50.0,38.0,0.0,2.0,-0.8314,0.0,3.0,1.0,9.0,,1.0,,
14025095,2026-01-24,17:30:00,Liverpool FC,Bournemouth,False,2,3,67.0,0.93,1.0,14.0,2.0,11.0,7.0,616.0,12.0,7.0,1.0,4.0,0.0,4.0,6.0,7.0,7.0,0.0,1.0,40.0,2.0,,537.0,22.0,81.0,204.0,262.0,20.0,35.0,4.0,20.0,49.0,8.0,26.0,57.0,9.0,15.0,7.0,19.0,8.0,12.0,12.0,4.0,46.0,27.0,1.0,2.0,-1.5002,1.0,0.0,0.0,6.0,,0.0,,
14025101,2026-01-25,14:00:00,Brentford,Nottingham Forest,True,0,2,66.0,1.81,3.0,10.0,0.0,6.0,11.0,567.0,14.0,10.0,1.0,1.0,1.0,6.0,3.0,9.0,1.0,0.0,3.0,42.0,3.0,1.0,490.0,24.0,74.0,141.0,182.0,32.0,45.0,7.0,36.0,51.0,9.0,34.0,72.0,23.0,39.0,10.0,19.0,6.0,14.0,14.0,15.0,54.0,22.0,,0.0,-1.148,,1.0,0.0,5.0,,1.0,,
14025101,2026-01-25,14:00:00,Nottingham Forest,Brentford,False,2,0,34.0,0.78,1.0,7.0,1.0,5.0,10.0,295.0,18.0,11.0,0.0,2.0,0.0,2.0,3.0,5.0,2.0,1.0,0.0,16.0,2.0,0.0,219.0,14.0,43.0,59.0,85.0,19.0,53.0,3.0,16.0,49.0,8.0,38.0,72.0,16.0,39.0,9.0,15.0,11.0,18.0,18.0,8.0,52.0,54.0,,1.0,0.3632,,0.0,2.0,11.0,,0.0,,
14025107,2026-01-25,14:00:00,Crystal Palace,Chelsea,True,1,3,43.0,1.77,6.0,13.0,2.0,4.0,11.0,440.0,17.0,10.0,4.0,7.0,0.0,3.0,3.0,12.0,1.0,1.0,5.0,27.0,0.0,2.0,342.0,17.0,52.0,70.0,125.0,19.0,60.0,3.0,20.0,58.0,10.0,34.0,65.0,29.0,44.0,8.0,13.0,9.0,17.0,17.0,10.0,45.0,23.0,1.0,2.0,-1.307,,0.0,1.0,4.0,1.0,2.0,0.0,
14025107,2026-01-25,14:00:00,Chelsea,Crystal Palace,False,3,1,57.0,2.2,5.0,10.0,5.0,5.0,10.0,590.0,15.0,10.0,2.0,6.0,0.0,3.0,1.0,8.0,2.0,3.0,2.0,21.0,1.0,1.0,504.0,16.0,35.0,54.0,80.0,31.0,65.0,5.0,15.0,42.0,9.0,31.0,65.0,15.0,44.0,6.0,14.0,10.0,15.0,15.0,14.0,39.0,45.0,0.0,5.0,0.9039,,1.0,0.0,6.0,0.0,0.0,2.0,
14025119,2026-01-25,14:00:00,Newcastle United,Aston Villa,True,0,2,61.0,2.18,3.0,15.0,6.0,6.0,7.0,519.0,24.0,12.0,1.0,4.0,0.0,4.0,7.0,9.0,6.0,0.0,3.0,24.0,0.0,2.0,447.0,14.0,79.0,131.0,170.0,18.0,36.0,6.0,34.0,57.0,16.0,48.0,81.0,18.0,34.0,13.0,18.0,15.0,24.0,24.0,3.0,70.0,22.0,,6.0,-0.2024,3.0,0.0,0.0,8.0,,,3.0,
14025119,2026-01-25,14:00:00,Aston Villa,Newcastle United,False,2,0,39.0,1.16,2.0,14.0,4.0,5.0,12.0,353.0,21.0,7.0,2.0,8.0,0.0,4.0,2.0,7.0,7.0,1.0,1.0,26.0,1.0,0.0,272.0,12.0,58.0,92.0,135.0,16.0,58.0,5.0,10.0,43.0,9.0,33.0,81.0,16.0,34.0,6.0,21.0,13.0,21.0,21.0,7.0,66.0,29.0,,4.0,1.3053,0.0,6.0,1.0,12.0,,,0.0,
14025098,2026-01-25,16:30:00,Arsenal,Manchester United,True,2,3,56.0,1.19,1.0,15.0,0.0,9.0,11.0,443.0,11.0,9.0,2.0,4.0,0.0,5.0,6.0,9.0,6.0,1.0,0.0,28.0,4.0,3.0,371.0,17.0,47.0,126.0,157.0,14.0,35.0,4.0,25.0,51.0,8.0,27.0,55.0,14.0,26.0,7.0,13.0,7.0,11.0,11.0,11.0,42.0,20.0,1.0,0.0,-2.5589,0.0,1.0,0.0,5.0,,2.0,2.0,
14025098,2026-01-25,16:30:00,Manchester United,Arsenal,False,3,2,44.0,0.71,2.0,10.0,3.0,2.0,9.0,364.0,14.0,11.0,0.0,3.0,0.0,5.0,2.0,3.0,7.0,1.0,1.0,9.0,0.0,0.0,289.0,12.0,56.0,49.0,86.0,15.0,56.0,1.0,5.0,49.0,9.0,28.0,55.0,12.0,26.0,4.0,6.0,9.0,14.0,14.0,6.0,40.0,25.0,0.0,3.0,-0.0953,1.0,3.0,3.0,10.0,,1.0,2.0,
15129439,2026-01-26,20:00:00,Everton,Leeds United,True,1,1,58.0,0.7,1.0,10.0,3.0,4.0,9.0,542.0,20.0,13.0,0.0,3.0,1.0,3.0,4.0,6.0,4.0,1.0,0.0,25.0,1.0,1.0,450.0,25.0,79.0,134.0,176.0,16.0,51.0,3.0,20.0,54.0,16.0,42.0,82.0,31.0,54.0,10.0,25.0,15.0,20.0,20.0,6.0,53.0,32.0,,3.0,-0.2057,,0.0,,8.0,,2.0,0.0,
15129439,2026-01-26,20:00:00,Leeds United,Everton,False,1,1,42.0,1.38,3.0,14.0,2.0,4.0,13.0,394.0,31.0,9.0,3.0,4.0,1.0,7.0,3.0,10.0,4.0,1.0,2.0,23.0,1.0,0.0,304.0,22.0,57.0,62.0,98.0,27.0,66.0,2.0,12.0,46.0,7.0,40.0,82.0,23.0,54.0,1.0,14.0,20.0,31.0,31.0,10.0,60.0,44.0,,2.0,-0.0027,,1.0,,4.0,,1.0,2.0,
14025128,2026-01-31,15:00:00,Brighton & Hove Albion,Everton,True,1,1,54.0,1.44,2.0,11.0,3.0,5.0,13.0,492.0,20.0,14.0,1.0,2.0,0.0,5.0,4.0,9.0,2.0,0.0,2.0,23.0,1.0,3.0,408.0,10.0,50.0,74.0,113.0,13.0,42.0,4.0,13.0,44.0,11.0,36.0,75.0,14.0,39.0,4.0,16.0,9.0,20.0,20.0,9.0,56.0,30.0,,3.0,0.5463,,,,9.0,,,1.0,
14025128,2026-01-31,15:00:00,Everton,Brighton & Hove Albion,False,1,1,46.0,1.2,2.0,7.0,1.0,2.0,14.0,423.0,23.0,13.0,2.0,4.0,0.0,2.0,1.0,7.0,0.0,1.0,1.0,26.0,1.0,0.0,333.0,22.0,57.0,78.0,120.0,35.0,67.0,3.0,15.0,56.0,13.0,39.0,75.0,25.0,39.0,4.0,11.0,14.0,23.0,23.0,7.0,48.0,20.0,,1.0,-0.0024,,,,9.0,,,0.0,
14025134,2026-01-31,15:00:00,Leeds United,Arsenal,True,0,4,50.0,0.15,0.0,3.0,4.0,4.0,10.0,395.0,16.0,7.0,1.0,1.0,0.0,1.0,1.0,2.0,1.0,0.0,0.0,21.0,1.0,0.0,316.0,23.0,53.0,64.0,102.0,17.0,53.0,1.0,19.0,47.0,4.0,29.0,63.0,18.0,36.0,6.0,16.0,6.0,16.0,16.0,10.0,36.0,36.0,,4.0,-2.4862,,0.0,1.0,6.0,,0.0,1.0,
14025134,2026-01-31,15:00:00,Arsenal,Leeds United,False,4,0,50.0,2.19,6.0,15.0,1.0,12.0,7.0,395.0,14.0,10.0,1.0,9.0,0.0,4.0,2.0,12.0,3.0,1.0,5.0,28.0,2.0,1.0,313.0,23.0,57.0,92.0,132.0,23.0,55.0,8.0,26.0,53.0,7.0,34.0,63.0,18.0,36.0,10.0,19.0,7.0,14.0,14.0,6.0,42.0,31.0,,1.0,0.4179,,1.0,0.0,1.0,,1.0,0.0,
14025152,2026-01-31,15:00:00,Wolverhampton,Bournemouth,True,0,2,51.0,1.38,4.0,17.0,2.0,5.0,11.0,476.0,23.0,15.0,2.0,7.0,1.0,7.0,3.0,7.0,10.0,0.0,4.0,26.0,4.0,2.0,389.0,16.0,41.0,73.0,104.0,19.0,45.0,7.0,22.0,52.0,8.0,43.0,83.0,17.0,33.0,6.0,18.0,17.0,23.0,23.0,3.0,59.0,19.0,,2.0,-0.5421,2.0,2.0,1.0,5.0,,0.0,0.0,
14025152,2026-01-31,15:00:00,Bournemouth,Wolverhampton,False,2,0,49.0,1.36,2.0,9.0,7.0,6.0,15.0,469.0,20.0,11.0,3.0,4.0,0.0,4.0,1.0,7.0,2.0,1.0,1.0,15.0,3.0,2.0,397.0,13.0,49.0,63.0,99.0,24.0,53.0,3.0,11.0,48.0,11.0,40.0,83.0,16.0,33.0,9.0,21.0,11.0,20.0,20.0,13.0,56.0,32.0,,7.0,1.4017,0.0,1.0,1.0,9.0,,1.0,1.0,
14025131,2026-01-31,17:30:00,Chelsea,West Ham United,True,3,2,71.0,2.7,4.0,14.0,4.0,9.0,11.0,721.0,14.0,13.0,3.0,6.0,1.0,4.0,4.0,11.0,3.0,2.0,2.0,35.0,4.0,0.0,644.0,17.0,78.0,184.0,226.0,30.0,45.0,6.0,36.0,47.0,4.0,29.0,66.0,17.0,31.0,3.0,14.0,8.0,14.0,14.0,8.0,49.0,23.0,,4.0,-0.9523,1.0,,0.0,5.0,0.0,0.0,2.0,
14025131,2026-01-31,17:30:00,West Ham United,Chelsea,False,2,3,29.0,1.12,2.0,11.0,3.0,3.0,13.0,300.0,15.0,11.0,2.0,6.0,1.0,2.0,3.0,8.0,3.0,0.0,2.0,24.0,2.0,2.0,205.0,13.0,60.0,54.0,106.0,24.0,61.0,2.0,11.0,53.0,8.0,37.0,66.0,14.0,31.0,11.0,17.0,9.0,15.0,15.0,7.0,49.0,47.0,,3.0,-0.3639,1.0,,4.0,10.0,1.0,3.0,1.0,
14025137,2026-01-31,20:00:00,Liverpool FC,Newcastle United,True,4,1,54.0,2.28,7.0,17.0,1.0,7.0,11.0,411.0,18.0,7.0,1.0,7.0,0.0,7.0,3.0,11.0,6.0,4.0,3.0,41.0,2.0,1.0,345.0,15.0,63.0,105.0,147.0,21.0,46.0,4.0,16.0,57.0,6.0,31.0,58.0,15.0,22.0,7.0,14.0,11.0,18.0,18.0,6.0,46.0,38.0,0.0,1.0,-0.4673,,1.0,2.0,6.0,,1.0,0.0,
14025137,2026-01-31,20:00:00,Newcastle United,Liverpool FC,False,1,4,46.0,0.36,0.0,8.0,3.0,11.0,7.0,332.0,13.0,11.0,3.0,2.0,1.0,3.0,3.0,4.0,4.0,0.0,0.0,21.0,2.0,3.0,266.0,17.0,54.0,74.0,109.0,14.0,42.0,6.0,25.0,43.0,8.0,27.0,58.0,7.0,22.0,3.0,13.0,7.0,13.0,13.0,8.0,47.0,23.0,2.0,3.0,-0.8674,,1.0,0.0,9.0,,1.0,1.0,
14025125,2026-02-01,14:00:00,Aston Villa,Brentford,True,0,1,72.0,2.4,3.0,27.0,0.0,12.0,8.0,636.0,19.0,8.0,1.0,5.0,0.0,11.0,11.0,17.0,10.0,0.0,3.0,77.0,0.0,1.0,558.0,16.0,42.0,257.0,297.0,15.0,28.0,7.0,26.0,58.0,2.0,34.0,51.0,15.0,33.0,8.0,13.0,10.0,19.0,19.0,3.0,49.0,19.0,1.0,0.0,-0.3009,0.0,1.0,1.0,4.0,0.0,1.0,1.0,
14025125,2026-02-01,14:00:00,Brentford,Aston Villa,False,1,0,28.0,0.38,2.0,6.0,5.0,1.0,8.0,256.0,7.0,8.0,3.0,2.0,0.0,3.0,1.0,5.0,1.0,1.0,1.0,13.0,1.0,6.0,184.0,18.0,53.0,30.0,63.0,26.0,73.0,1.0,7.0,42.0,7.0,17.0,51.0,18.0,33.0,2.0,14.0,4.0,7.0,7.0,13.0,48.0,34.0,0.0,5.0,0.9796,1.0,0.0,2.0,18.0,1.0,0.0,1.0,
14025140,2026-02-01,14:00:00,Manchester United,Fulham,True,3,2,42.0,1.79,3.0,13.0,4.0,3.0,6.0,428.0,22.0,9.0,2.0,6.0,1.0,4.0,3.0,12.0,1.0,1.0,2.0,27.0,2.0,1.0,372.0,12.0,68.0,102.0,132.0,27.0,48.0,6.0,12.0,56.0,7.0,36.0,65.0,14.0,24.0,5.0,15.0,10.0,22.0,22.0,10.0,43.0,30.0,,4.0,1.3478,1.0,,2.0,6.0,,3.0,,
14025140,2026-02-01,14:00:00,Fulham,Manchester United,False,2,3,58.0,1.94,2.0,14.0,3.0,7.0,9.0,576.0,17.0,5.0,1.0,6.0,0.0,3.0,5.0,8.0,6.0,1.0,1.0,26.0,3.0,2.0,517.0,23.0,53.0,132.0,167.0,11.0,33.0,8.0,28.0,44.0,10.0,29.0,65.0,10.0,24.0,6.0,18.0,12.0,17.0,17.0,13.0,43.0,10.0,,3.0,-0.5575,1.0,,0.0,5.0,,2.0,,
14025143,2026-02-01,14:00:00,Nottingham Forest,Crystal Palace,True,1,1,33.0,0.49,2.0,9.0,1.0,5.0,4.0,282.0,16.0,12.0,1.0,1.0,0.0,5.0,3.0,6.0,3.0,1.0,1.0,19.0,3.0,2.0,206.0,17.0,47.0,53.0,89.0,31.0,61.0,2.0,13.0,63.0,9.0,43.0,60.0,20.0,40.0,15.0,20.0,11.0,16.0,16.0,10.0,45.0,25.0,,1.0,-0.1831,1.0,1.0,1.0,12.0,1.0,,2.0,
14025143,2026-02-01,14:00:00,Crystal Palace,Nottingham Forest,False,1,1,67.0,1.9,1.0,14.0,0.0,7.0,12.0,575.0,14.0,3.0,3.0,3.0,0.0,8.0,3.0,9.0,5.0,1.0,1.0,28.0,2.0,0.0,489.0,16.0,73.0,149.0,195.0,27.0,53.0,6.0,24.0,37.0,10.0,17.0,60.0,20.0,40.0,0.0,6.0,10.0,14.0,14.0,6.0,49.0,24.0,,0.0,-0.1203,0.0,2.0,2.0,6.0,0.0,,0.0,
14025149,2026-02-01,16:30:00,Tottenham Hotspur,Manchester City,True,2,2,40.0,1.05,2.0,12.0,1.0,3.0,15.0,385.0,24.0,12.0,3.0,6.0,0.0,1.0,5.0,7.0,5.0,1.0,1.0,28.0,2.0,1.0,311.0,19.0,45.0,67.0,101.0,23.0,53.0,5.0,13.0,46.0,14.0,46.0,90.0,5.0,22.0,10.0,19.0,10.0,24.0,24.0,6.0,43.0,19.0,2.0,1.0,-0.7414,1.0,0.0,,12.0,,1.0,,
14025149,2026-02-01,16:30:00,Manchester City,Tottenham Hotspur,False,2,2,60.0,2.08,2.0,15.0,4.0,4.0,12.0,578.0,23.0,15.0,3.0,3.0,0.0,8.0,4.0,14.0,1.0,1.0,1.0,30.0,1.0,2.0,522.0,14.0,56.0,93.0,119.0,25.0,42.0,7.0,17.0,54.0,10.0,44.0,90.0,17.0,22.0,7.0,21.0,12.0,23.0,23.0,4.0,48.0,25.0,0.0,4.0,-0.2741,2.0,1.0,,3.0,,1.0,,
15129444,2026-02-02,20:00:00,Sunderland,Burnley,True,3,0,44.0,1.52,3.0,14.0,0.0,1.0,12.0,426.0,9.0,10.0,1.0,5.0,0.0,7.0,2.0,10.0,4.0,1.0,2.0,25.0,3.0,0.0,355.0,17.0,70.0,68.0,106.0,27.0,54.0,1.0,10.0,51.0,9.0,26.0,51.0,15.0,30.0,9.0,14.0,7.0,9.0,9.0,9.0,52.0,25.0,0.0,0.0,0.0,,1.0,,6.0,,,,
15129444,2026-02-02,20:00:00,Burnley,Sunderland,False,0,3,56.0,0.06,0.0,5.0,3.0,2.0,10.0,529.0,14.0,12.0,4.0,0.0,0.0,3.0,2.0,2.0,3.0,0.0,0.0,8.0,2.0,2.0,460.0,24.0,57.0,102.0,128.0,22.0,47.0,2.0,22.0,49.0,8.0,25.0,51.0,15.0,30.0,1.0,2.0,11.0,14.0,14.0,5.0,35.0,27.0,1.0,3.0,-1.6193,,0.0,,10.0,,,,
14025170,2026-02-06,20:00:00,Leeds United,Nottingham Forest,True,3,1,56.0,2.5,7.0,14.0,5.0,5.0,9.0,477.0,22.0,12.0,1.0,5.0,1.0,3.0,6.0,13.0,1.0,3.0,4.0,30.0,2.0,1.0,398.0,12.0,48.0,72.0,104.0,17.0,50.0,7.0,17.0,55.0,9.0,45.0,78.0,18.0,37.0,11.0,16.0,16.0,22.0,22.0,5.0,33.0,36.0,,5.0,0.4936,3.0,,,11.0,,1.0,1.0,
14025170,2026-02-06,20:00:00,Nottingham Forest,Leeds United,False,1,3,44.0,1.33,2.0,16.0,2.0,10.0,12.0,350.0,14.0,9.0,1.0,6.0,0.0,6.0,4.0,9.0,7.0,1.0,1.0,24.0,3.0,4.0,274.0,22.0,53.0,75.0,106.0,24.0,53.0,10.0,34.0,45.0,10.0,33.0,78.0,19.0,37.0,10.0,22.0,10.0,14.0,14.0,8.0,43.0,18.0,,2.0,-0.0604,0.0,,,7.0,,0.0,0.0,
14025176,2026-02-07,12:30:00,Manchester United,Tottenham Hotspur,True,2,0,65.0,1.78,3.0,23.0,1.0,7.0,12.0,649.0,18.0,11.0,1.0,10.0,0.0,7.0,6.0,10.0,13.0,1.0,2.0,37.0,4.0,3.0,582.0,18.0,78.0,205.0,243.0,12.0,27.0,5.0,20.0,54.0,7.0,38.0,72.0,9.0,15.0,9.0,18.0,11.0,18.0,18.0,5.0,42.0,11.0,,1.0,0.1871,0.0,1.0,,4.0,0.0,1.0,1.0,
14025176,2026-02-07,12:30:00,Tottenham Hotspur,Manchester United,False,0,2,35.0,0.49,1.0,7.0,8.0,0.0,11.0,342.0,16.0,12.0,2.0,1.0,0.0,1.0,5.0,4.0,3.0,0.0,1.0,17.0,3.0,1.0,283.0,8.0,38.0,51.0,71.0,17.0,46.0,4.0,10.0,46.0,7.0,34.0,72.0,6.0,15.0,6.0,17.0,6.0,16.0,16.0,9.0,41.0,30.0,,8.0,-0.5114,3.0,3.0,,8.0,1.0,0.0,3.0,
14025158,2026-02-07,15:00:00,Arsenal,Sunderland,True,3,0,49.0,1.49,1.0,16.0,2.0,5.0,11.0,389.0,15.0,8.0,1.0,5.0,0.0,6.0,5.0,10.0,6.0,1.0,0.0,34.0,0.0,3.0,325.0,12.0,44.0,112.0,145.0,22.0,41.0,2.0,19.0,51.0,8.0,29.0,58.0,17.0,33.0,6.0,11.0,8.0,15.0,15.0,12.0,52.0,22.0,,2.0,0.5989,,1.0,,4.0,,,,
14025158,2026-02-07,15:00:00,Sunderland,Arsenal,False,0,3,51.0,0.19,1.0,5.0,2.0,2.0,8.0,408.0,13.0,11.0,2.0,3.0,0.0,1.0,1.0,4.0,1.0,0.0,1.0,13.0,1.0,1.0,327.0,16.0,58.0,62.0,104.0,19.0,53.0,2.0,12.0,49.0,9.0,29.0,58.0,16.0,33.0,5.0,11.0,7.0,13.0,13.0,6.0,46.0,30.0,,2.0,-1.7685,,0.0,,9.0,,,,
14025155,2026-02-07,15:00:00,Bournemouth,Aston Villa,True,1,1,53.0,2.06,3.0,20.0,3.0,11.0,4.0,413.0,10.0,11.0,1.0,9.0,1.0,7.0,4.0,12.0,8.0,0.0,3.0,26.0,3.0,3.0,343.0,21.0,64.0,86.0,128.0,25.0,48.0,3.0,27.0,45.0,10.0,23.0,49.0,17.0,39.0,3.0,11.0,6.0,10.0,10.0,11.0,57.0,25.0,0.0,3.0,0.3316,2.0,0.0,0.0,2.0,,2.0,0.0,
14025155,2026-02-07,15:00:00,Aston Villa,Bournemouth,False,1,1,47.0,0.59,1.0,7.0,7.0,4.0,11.0,382.0,18.0,4.0,1.0,4.0,0.0,0.0,3.0,5.0,2.0,1.0,0.0,20.0,0.0,3.0,310.0,17.0,51.0,79.0,111.0,21.0,51.0,4.0,11.0,55.0,7.0,26.0,49.0,22.0,39.0,5.0,8.0,12.0,18.0,18.0,7.0,43.0,40.0,1.0,7.0,1.1357,1.0,3.0,1.0,16.0,,0.0,1.0,
14025164,2026-02-07,15:00:00,Burnley,West Ham United,True,0,2,54.0,1.34,2.0,18.0,2.0,5.0,11.0,470.0,16.0,10.0,3.0,5.0,0.0,5.0,8.0,11.0,7.0,0.0,2.0,24.0,2.0,0.0,400.0,25.0,57.0,119.0,151.0,15.0,36.0,7.0,35.0,52.0,9.0,33.0,68.0,11.0,16.0,7.0,12.0,9.0,16.0,16.0,2.0,50.0,23.0,,2.0,-0.9081,0.0,0.0,1.0,5.0,,1.0,0.0,
14025164,2026-02-07,15:00:00,West Ham United,Burnley,False,2,0,46.0,0.69,2.0,6.0,5.0,2.0,10.0,424.0,14.0,11.0,1.0,4.0,0.0,2.0,0.0,3.0,3.0,2.0,0.0,16.0,1.0,1.0,345.0,18.0,53.0,59.0,97.0,18.0,60.0,2.0,8.0,48.0,6.0,35.0,68.0,5.0,16.0,11.0,21.0,10.0,14.0,14.0,17.0,55.0,34.0,,5.0,0.626,1.0,2.0,1.0,5.0,,1.0,2.0,
14025167,2026-02-07,15:00:00,Fulham,Everton,True,1,2,55.0,1.97,4.0,13.0,2.0,6.0,11.0,483.0,20.0,12.0,1.0,3.0,2.0,8.0,2.0,11.0,2.0,,4.0,26.0,2.0,2.0,419.0,12.0,44.0,107.0,131.0,16.0,38.0,10.0,19.0,50.0,7.0,34.0,64.0,14.0,32.0,3.0,11.0,12.0,20.0,20.0,9.0,46.0,22.0,,2.0,-1.266,0.0,3.0,1.0,7.0,,2.0,0.0,
14025167,2026-02-07,15:00:00,Everton,Fulham,False,2,1,45.0,1.88,3.0,16.0,3.0,6.0,12.0,392.0,15.0,11.0,5.0,3.0,1.0,10.0,3.0,12.0,4.0,,3.0,28.0,4.0,2.0,334.0,15.0,49.0,76.0,108.0,24.0,50.0,6.0,21.0,50.0,10.0,30.0,64.0,18.0,32.0,4.0,14.0,10.0,15.0,15.0,8.0,46.0,29.0,,3.0,0.6746,1.0,0.0,1.0,10.0,,0.0,1.0,
14025182,2026-02-07,15:00:00,Wolverhampton,Chelsea,True,1,3,34.0,1.06,1.0,11.0,3.0,3.0,9.0,365.0,12.0,10.0,1.0,3.0,1.0,4.0,4.0,9.0,2.0,1.0,0.0,24.0,2.0,2.0,307.0,13.0,38.0,56.0,79.0,15.0,33.0,6.0,20.0,47.0,13.0,34.0,72.0,9.0,19.0,13.0,21.0,8.0,12.0,12.0,8.0,46.0,21.0,,3.0,0.0274,,0.0,,4.0,,1.0,4.0,
14025182,2026-02-07,15:00:00,Chelsea,Wolverhampton,False,3,1,66.0,3.44,6.0,15.0,2.0,4.0,10.0,747.0,21.0,7.0,1.0,6.0,0.0,3.0,6.0,11.0,4.0,3.0,3.0,28.0,3.0,1.0,694.0,9.0,51.0,110.0,142.0,16.0,30.0,2.0,13.0,53.0,9.0,38.0,72.0,10.0,19.0,8.0,11.0,10.0,21.0,21.0,10.0,47.0,28.0,,2.0,-0.3029,,1.0,,6.0,,3.0,0.0,
14025179,2026-02-07,17:30:00,Newcastle United,Brentford,True,2,3,54.0,2.24,4.0,16.0,3.0,9.0,14.0,428.0,9.0,17.0,2.0,4.0,0.0,8.0,4.0,10.0,6.0,1.0,3.0,24.0,3.0,1.0,351.0,12.0,65.0,99.0,133.0,28.0,56.0,4.0,21.0,55.0,11.0,36.0,69.0,23.0,39.0,10.0,14.0,6.0,9.0,9.0,4.0,58.0,31.0,,3.0,-1.3746,1.0,,0.0,4.0,,,1.0,
14025179,2026-02-07,17:30:00,Brentford,Newcastle United,False,3,2,46.0,1.79,4.0,11.0,1.0,3.0,18.0,379.0,15.0,13.0,2.0,5.0,0.0,2.0,4.0,6.0,5.0,2.0,2.0,21.0,5.0,2.0,286.0,21.0,64.0,61.0,109.0,20.0,66.0,2.0,13.0,45.0,5.0,33.0,69.0,16.0,39.0,6.0,10.0,10.0,15.0,15.0,3.0,53.0,22.0,,1.0,-0.2531,1.0,,2.0,8.0,,,0.0,
14025161,2026-02-08,14:00:00,Brighton & Hove Albion,Crystal Palace,True,0,1,64.0,0.74,1.0,7.0,3.0,3.0,12.0,557.0,17.0,9.0,1.0,2.0,0.0,2.0,3.0,5.0,2.0,0.0,1.0,13.0,1.0,3.0,476.0,12.0,61.0,68.0,102.0,32.0,57.0,2.0,15.0,48.0,11.0,31.0,71.0,22.0,39.0,5.0,15.0,7.0,17.0,17.0,3.0,58.0,34.0,,3.0,-0.1335,,,1.0,9.0,,,2.0,
14025161,2026-02-08,14:00:00,Crystal Palace,Brighton & Hove Albion,False,1,0,36.0,1.16,1.0,7.0,2.0,4.0,9.0,311.0,21.0,12.0,3.0,4.0,0.0,3.0,0.0,6.0,1.0,1.0,0.0,25.0,1.0,3.0,217.0,18.0,58.0,47.0,98.0,22.0,67.0,3.0,12.0,52.0,11.0,40.0,71.0,17.0,39.0,7.0,13.0,11.0,21.0,21.0,10.0,53.0,33.0,,2.0,0.2412,,,0.0,7.0,,,2.0,
14025173,2026-02-08,16:30:00,Liverpool FC,Manchester City,True,1,2,47.0,1.0,1.0,15.0,5.0,5.0,13.0,390.0,17.0,16.0,2.0,4.0,0.0,8.0,3.0,9.0,6.0,0.0,1.0,32.0,3.0,6.0,306.0,15.0,55.0,97.0,144.0,30.0,65.0,6.0,21.0,49.0,7.0,41.0,72.0,8.0,28.0,8.0,16.0,9.0,17.0,17.0,7.0,51.0,20.0,,5.0,-0.0064,1.0,0.0,0.0,8.0,1.0,1.0,2.0,
14025173,2026-02-08,16:30:00,Manchester City,Liverpool FC,False,2,1,53.0,2.75,3.0,17.0,3.0,4.0,16.0,465.0,15.0,12.0,4.0,7.0,0.0,6.0,4.0,9.0,8.0,2.0,1.0,25.0,5.0,2.0,393.0,16.0,50.0,109.0,137.0,20.0,53.0,3.0,11.0,51.0,8.0,31.0,72.0,20.0,28.0,3.0,12.0,8.0,15.0,15.0,10.0,45.0,31.0,,3.0,-0.5016,1.0,1.0,4.0,10.0,0.0,2.0,2.0,
14025188,2026-02-10,19:30:00,Chelsea,Leeds United,True,2,2,66.0,3.13,5.0,19.0,0.0,4.0,9.0,644.0,14.0,12.0,4.0,4.0,0.0,8.0,7.0,14.0,5.0,2.0,3.0,34.0,4.0,4.0,593.0,20.0,54.0,123.0,158.0,18.0,34.0,6.0,19.0,55.0,5.0,32.0,53.0,14.0,31.0,5.0,11.0,6.0,14.0,14.0,7.0,36.0,22.0,1.0,0.0,-0.2561,,1.0,0.0,2.0,,4.0,0.0,
14025188,2026-02-10,19:30:00,Leeds United,Chelsea,False,2,2,34.0,1.44,2.0,4.0,2.0,1.0,13.0,336.0,11.0,8.0,4.0,2.0,0.0,0.0,2.0,2.0,2.0,2.0,0.0,17.0,2.0,1.0,274.0,17.0,40.0,45.0,74.0,21.0,52.0,1.0,4.0,45.0,12.0,21.0,53.0,17.0,31.0,2.0,4.0,6.0,11.0,11.0,9.0,30.0,33.0,0.0,2.0,-0.5463,,0.0,1.0,14.0,,0.0,1.0,
14025191,2026-02-10,19:30:00,Everton,Bournemouth,True,1,2,53.0,2.94,3.0,16.0,2.0,7.0,14.0,443.0,11.0,14.0,1.0,6.0,1.0,5.0,5.0,14.0,2.0,1.0,2.0,37.0,6.0,1.0,357.0,20.0,67.0,107.0,153.0,22.0,52.0,11.0,24.0,51.0,9.0,30.0,65.0,28.0,48.0,5.0,17.0,6.0,11.0,11.0,8.0,48.0,20.0,,2.0,0.0616,0.0,1.0,0.0,4.0,1.0,0.0,2.0,
14025191,2026-02-10,19:30:00,Bournemouth,Everton,False,2,1,47.0,1.34,2.0,11.0,5.0,2.0,15.0,403.0,21.0,14.0,3.0,4.0,0.0,2.0,5.0,5.0,6.0,2.0,0.0,14.0,2.0,0.0,310.0,18.0,48.0,54.0,89.0,16.0,53.0,2.0,12.0,49.0,3.0,35.0,65.0,20.0,48.0,3.0,11.0,9.0,21.0,21.0,8.0,51.0,35.0,,5.0,1.4692,1.0,0.0,1.0,9.0,0.0,1.0,2.0,
14025200,2026-02-10,19:30:00,Tottenham Hotspur,Newcastle United,True,1,2,53.0,1.85,2.0,16.0,3.0,2.0,15.0,407.0,16.0,11.0,3.0,2.0,0.0,6.0,8.0,10.0,6.0,1.0,1.0,29.0,2.0,0.0,341.0,15.0,56.0,75.0,108.0,23.0,51.0,7.0,13.0,46.0,14.0,36.0,75.0,12.0,30.0,9.0,18.0,11.0,16.0,16.0,7.0,44.0,42.0,,3.0,-0.4133,0.0,1.0,1.0,13.0,,,,
14025200,2026-02-10,19:30:00,Newcastle United,Tottenham Hotspur,False,2,1,47.0,2.48,3.0,21.0,1.0,12.0,11.0,339.0,23.0,15.0,2.0,5.0,0.0,7.0,9.0,17.0,4.0,1.0,2.0,53.0,1.0,2.0,277.0,14.0,53.0,98.0,136.0,24.0,45.0,8.0,34.0,54.0,8.0,39.0,75.0,18.0,30.0,3.0,11.0,15.0,23.0,23.0,3.0,46.0,26.0,,1.0,-0.2725,1.0,2.0,1.0,7.0,,,,
14025203,2026-02-10,20:15:00,West Ham United,Manchester United,True,1,1,35.0,1.11,2.0,7.0,2.0,5.0,10.0,329.0,15.0,4.0,1.0,3.0,0.0,1.0,3.0,4.0,3.0,1.0,1.0,9.0,2.0,1.0,261.0,14.0,47.0,61.0,87.0,21.0,46.0,3.0,14.0,40.0,11.0,23.0,61.0,10.0,22.0,4.0,12.0,10.0,15.0,15.0,16.0,45.0,24.0,,2.0,-0.5189,0.0,1.0,1.0,11.0,,,,
14025203,2026-02-10,20:15:00,Manchester United,West Ham United,False,1,1,65.0,0.57,1.0,9.0,2.0,3.0,4.0,629.0,19.0,10.0,1.0,3.0,0.0,4.0,2.0,8.0,1.0,1.0,1.0,22.0,2.0,3.0,551.0,28.0,73.0,150.0,193.0,21.0,40.0,6.0,20.0,60.0,7.0,38.0,61.0,12.0,22.0,10.0,18.0,12.0,19.0,19.0,8.0,47.0,12.0,,2.0,0.4547,1.0,0.0,1.0,4.0,,,,
14025206,2026-02-11,19:30:00,Aston Villa,Brighton & Hove Albion,True,1,0,50.0,0.81,,15.0,3.0,7.0,9.0,418.0,11.0,15.0,2.0,1.0,0.0,10.0,4.0,10.0,5.0,,,31.0,1.0,0.0,342.0,12.0,50.0,86.0,121.0,25.0,55.0,5.0,14.0,49.0,6.0,27.0,57.0,12.0,23.0,2.0,12.0,5.0,11.0,11.0,7.0,50.0,22.0,,3.0,0.3344,1.0,3.0,1.0,7.0,,0.0,1.0,
14025206,2026-02-11,19:30:00,Brighton & Hove Albion,Aston Villa,False,0,1,50.0,0.56,,9.0,2.0,5.0,15.0,418.0,16.0,9.0,3.0,3.0,1.0,5.0,1.0,7.0,2.0,,,24.0,0.0,3.0,348.0,23.0,57.0,71.0,105.0,24.0,52.0,5.0,27.0,51.0,4.0,30.0,57.0,11.0,23.0,5.0,12.0,10.0,16.0,16.0,13.0,41.0,13.0,,2.0,-0.9082,0.0,0.0,0.0,11.0,,1.0,0.0,
14025209,2026-02-11,19:30:00,Crystal Palace,Burnley,True,2,3,65.0,1.8,3.0,21.0,1.0,8.0,11.0,572.0,14.0,8.0,2.0,3.0,0.0,7.0,11.0,15.0,6.0,2.0,1.0,39.0,,1.0,462.0,17.0,67.0,111.0,161.0,21.0,54.0,11.0,25.0,48.0,11.0,23.0,55.0,28.0,51.0,2.0,7.0,8.0,14.0,14.0,8.0,51.0,25.0,1.0,1.0,-1.4949,,2.0,,8.0,,2.0,1.0,
14025209,2026-02-11,19:30:00,Burnley,Crystal Palace,False,3,2,35.0,0.53,1.0,8.0,1.0,2.0,8.0,316.0,16.0,11.0,1.0,3.0,0.0,4.0,1.0,4.0,4.0,0.0,1.0,19.0,,1.0,212.0,15.0,54.0,49.0,94.0,16.0,66.0,3.0,13.0,52.0,7.0,32.0,55.0,23.0,51.0,5.0,12.0,8.0,16.0,16.0,7.0,57.0,37.0,0.0,1.0,-0.9508,,0.0,,12.0,,0.0,0.0,
14025212,2026-02-11,19:30:00,Manchester City,Fulham,True,3,0,56.0,1.37,2.0,13.0,3.0,4.0,8.0,634.0,22.0,10.0,3.0,5.0,0.0,3.0,5.0,5.0,8.0,2.0,0.0,18.0,2.0,3.0,577.0,11.0,59.0,103.0,126.0,27.0,41.0,1.0,9.0,52.0,8.0,36.0,70.0,8.0,15.0,5.0,20.0,11.0,22.0,22.0,7.0,49.0,16.0,0.0,3.0,0.4596,2.0,,1.0,9.0,,1.0,2.0,
14025212,2026-02-11,19:30:00,Fulham,Manchester City,False,0,3,44.0,1.42,1.0,14.0,2.0,4.0,10.0,492.0,23.0,8.0,1.0,3.0,0.0,8.0,3.0,12.0,2.0,0.0,1.0,21.0,0.0,1.0,418.0,22.0,33.0,66.0,87.0,22.0,47.0,4.0,14.0,48.0,14.0,34.0,70.0,7.0,15.0,3.0,11.0,14.0,23.0,23.0,8.0,47.0,11.0,1.0,2.0,-1.3791,1.0,,0.0,6.0,,1.0,3.0,
14025194,2026-02-11,19:30:00,Nottingham Forest,Wolverhampton,True,0,0,63.0,2.55,4.0,35.0,3.0,8.0,12.0,480.0,18.0,13.0,0.0,10.0,0.0,16.0,9.0,16.0,19.0,,4.0,40.0,4.0,2.0,426.0,16.0,55.0,161.0,191.0,27.0,37.0,10.0,38.0,56.0,10.0,37.0,72.0,23.0,36.0,6.0,16.0,10.0,18.0,18.0,6.0,48.0,26.0,,3.0,0.2105,0.0,0.0,0.0,7.0,,,,
14025194,2026-02-11,19:30:00,Wolverhampton,Nottingham Forest,False,0,0,37.0,0.42,0.0,7.0,10.0,2.0,13.0,287.0,20.0,12.0,2.0,3.0,0.0,4.0,0.0,4.0,3.0,,0.0,13.0,2.0,0.0,216.0,10.0,50.0,42.0,74.0,24.0,65.0,1.0,11.0,44.0,8.0,35.0,72.0,13.0,36.0,5.0,15.0,14.0,20.0,20.0,6.0,39.0,39.0,,10.0,2.0366,1.0,3.0,2.0,21.0,,,,
14025197,2026-02-11,20:15:00,Sunderland,Liverpool FC,True,0,1,43.0,0.63,1.0,11.0,2.0,3.0,8.0,372.0,14.0,10.0,1.0,2.0,0.0,5.0,4.0,8.0,3.0,0.0,1.0,27.0,0.0,2.0,311.0,12.0,44.0,63.0,93.0,18.0,52.0,4.0,25.0,43.0,3.0,32.0,65.0,10.0,32.0,8.0,20.0,7.0,14.0,14.0,8.0,41.0,39.0,,2.0,0.4428,1.0,2.0,3.0,9.0,,2.0,1.0,
14025197,2026-02-11,20:15:00,Liverpool FC,Sunderland,False,1,0,57.0,2.53,4.0,23.0,2.0,11.0,10.0,501.0,15.0,8.0,0.0,3.0,1.0,7.0,13.0,16.0,7.0,1.0,3.0,42.0,1.0,1.0,432.0,12.0,64.0,147.0,187.0,24.0,52.0,3.0,26.0,57.0,9.0,33.0,65.0,22.0,32.0,10.0,15.0,9.0,15.0,15.0,4.0,47.0,37.0,,2.0,0.5249,0.0,2.0,2.0,6.0,,0.0,1.0,
14025185,2026-02-12,20:00:00,Brentford,Arsenal,True,1,1,41.0,1.51,3.0,12.0,1.0,6.0,12.0,314.0,11.0,11.0,3.0,3.0,0.0,4.0,5.0,9.0,3.0,1.0,2.0,23.0,2.0,,235.0,23.0,39.0,40.0,78.0,23.0,63.0,5.0,15.0,38.0,8.0,28.0,65.0,7.0,28.0,6.0,20.0,6.0,11.0,11.0,12.0,42.0,28.0,,1.0,-0.0543,,0.0,,4.0,,1.0,1.0,
14025185,2026-02-12,20:00:00,Arsenal,Brentford,False,1,1,59.0,0.6,1.0,7.0,2.0,4.0,11.0,452.0,22.0,12.0,2.0,2.0,0.0,2.0,3.0,6.0,1.0,0.0,1.0,32.0,0.0,,384.0,19.0,46.0,138.0,176.0,29.0,48.0,8.0,23.0,62.0,6.0,37.0,65.0,21.0,28.0,3.0,8.0,12.0,22.0,22.0,4.0,42.0,37.0,,2.0,0.8674,,1.0,,8.0,,1.0,2.0,
14025215,2026-02-21,15:00:00,Aston Villa,Leeds United,True,1,1,67.0,1.46,1.0,16.0,3.0,7.0,11.0,520.0,14.0,16.0,1.0,4.0,1.0,7.0,5.0,6.0,10.0,,1.0,30.0,5.0,4.0,443.0,23.0,64.0,156.0,204.0,16.0,36.0,7.0,28.0,54.0,9.0,38.0,76.0,23.0,38.0,8.0,21.0,8.0,14.0,14.0,8.0,45.0,20.0,,3.0,0.1031,1.0,0.0,1.0,6.0,,,,
14025215,2026-02-21,15:00:00,Leeds United,Aston Villa,False,1,1,33.0,1.35,2.0,14.0,3.0,2.0,16.0,256.0,22.0,11.0,4.0,4.0,0.0,6.0,4.0,9.0,5.0,,2.0,21.0,3.0,5.0,182.0,16.0,36.0,37.0,72.0,17.0,44.0,5.0,13.0,46.0,9.0,38.0,76.0,15.0,38.0,5.0,10.0,13.0,22.0,22.0,11.0,43.0,40.0,,3.0,0.8303,0.0,3.0,2.0,13.0,,,,
14024006,2026-02-21,15:00:00,Brentford,Brighton & Hove Albion,True,0,2,52.0,1.6,3.0,13.0,5.0,6.0,9.0,439.0,8.0,14.0,1.0,3.0,0.0,10.0,0.0,9.0,4.0,0.0,3.0,24.0,3.0,1.0,343.0,25.0,54.0,74.0,105.0,22.0,66.0,6.0,21.0,46.0,10.0,25.0,53.0,21.0,47.0,5.0,11.0,6.0,8.0,8.0,10.0,40.0,21.0,1.0,5.0,-0.6659,0.0,0.0,,5.0,,1.0,0.0,
14024006,2026-02-21,15:00:00,Brighton & Hove Albion,Brentford,False,2,0,48.0,1.09,2.0,11.0,4.0,4.0,14.0,416.0,16.0,9.0,2.0,7.0,1.0,3.0,1.0,6.0,5.0,1.0,1.0,19.0,2.0,1.0,319.0,14.0,63.0,80.0,127.0,18.0,60.0,2.0,13.0,54.0,5.0,28.0,53.0,26.0,47.0,3.0,6.0,8.0,16.0,16.0,9.0,43.0,26.0,0.0,4.0,0.595,1.0,2.0,,11.0,,0.0,1.0,
14024007,2026-02-21,15:00:00,Chelsea,Burnley,True,1,1,67.0,1.99,3.0,12.0,3.0,9.0,13.0,605.0,13.0,11.0,4.0,2.0,0.0,5.0,5.0,6.0,6.0,1.0,2.0,25.0,2.0,2.0,533.0,13.0,72.0,155.0,191.0,23.0,46.0,2.0,18.0,54.0,1.0,32.0,57.0,11.0,22.0,8.0,16.0,8.0,13.0,13.0,9.0,44.0,13.0,,3.0,0.1153,,0.0,,4.0,1.0,1.0,0.0,
14024007,2026-02-21,15:00:00,Burnley,Chelsea,False,1,1,33.0,0.85,1.0,12.0,1.0,5.0,11.0,302.0,9.0,13.0,2.0,4.0,0.0,6.0,2.0,9.0,3.0,1.0,0.0,15.0,3.0,4.0,240.0,15.0,39.0,55.0,76.0,17.0,43.0,5.0,11.0,46.0,5.0,25.0,57.0,11.0,22.0,4.0,12.0,6.0,9.0,9.0,15.0,40.0,20.0,,1.0,0.1619,,1.0,,8.0,0.0,0.0,3.0,
14023969,2026-02-21,17:30:00,West Ham United,Bournemouth,True,0,0,42.0,3.27,3.0,20.0,5.0,9.0,10.0,334.0,21.0,11.0,1.0,3.0,0.0,10.0,7.0,16.0,4.0,,3.0,35.0,1.0,2.0,242.0,17.0,51.0,53.0,101.0,15.0,41.0,8.0,22.0,59.0,9.0,36.0,69.0,27.0,38.0,5.0,13.0,13.0,21.0,21.0,8.0,58.0,30.0,,5.0,0.2981,,1.0,2.0,2.0,,,0.0,
14023969,2026-02-21,17:30:00,Bournemouth,West Ham United,False,0,0,58.0,0.65,0.0,10.0,3.0,5.0,11.0,484.0,17.0,10.0,1.0,5.0,1.0,1.0,4.0,4.0,6.0,,0.0,17.0,2.0,3.0,384.0,19.0,58.0,60.0,108.0,17.0,56.0,1.0,15.0,41.0,9.0,33.0,69.0,11.0,38.0,7.0,19.0,12.0,17.0,17.0,8.0,48.0,25.0,,3.0,1.5778,,1.0,1.0,12.0,,,2.0,
14024010,2026-02-21,20:00:00,Manchester City,Newcastle United,True,2,1,55.0,1.35,5.0,15.0,6.0,5.0,12.0,467.0,21.0,13.0,2.0,7.0,0.0,6.0,2.0,10.0,5.0,1.0,4.0,31.0,1.0,1.0,393.0,14.0,39.0,113.0,140.0,19.0,49.0,6.0,11.0,55.0,7.0,48.0,81.0,13.0,29.0,14.0,25.0,13.0,21.0,21.0,5.0,47.0,23.0,,6.0,0.1039,1.0,1.0,1.0,5.0,,2.0,,
14024010,2026-02-21,20:00:00,Newcastle United,Manchester City,False,1,2,45.0,0.62,0.0,13.0,5.0,5.0,13.0,375.0,18.0,12.0,5.0,7.0,0.0,3.0,3.0,8.0,5.0,0.0,0.0,20.0,2.0,5.0,305.0,12.0,45.0,65.0,99.0,27.0,59.0,4.0,13.0,45.0,11.0,33.0,81.0,16.0,29.0,3.0,13.0,10.0,18.0,18.0,8.0,50.0,18.0,,5.0,-0.1402,2.0,0.0,1.0,7.0,,0.0,,
14024008,2026-02-22,14:00:00,Crystal Palace,Wolverhampton,True,1,0,61.0,2.0,3.0,14.0,7.0,7.0,19.0,425.0,15.0,13.0,5.0,3.0,1.0,7.0,4.0,9.0,5.0,1.0,2.0,23.0,4.0,0.0,340.0,26.0,61.0,100.0,134.0,18.0,49.0,5.0,24.0,43.0,8.0,28.0,74.0,24.0,47.0,2.0,11.0,12.0,15.0,15.0,7.0,49.0,31.0,,7.0,2.0645,1.0,0.0,2.0,3.0,0.0,0.0,0.0,1.0
14024008,2026-02-22,14:00:00,Wolverhampton,Crystal Palace,False,0,1,39.0,1.63,2.0,12.0,2.0,3.0,13.0,277.0,17.0,18.0,3.0,7.0,0.0,2.0,3.0,7.0,5.0,0.0,2.0,16.0,4.0,1.0,210.0,21.0,56.0,62.0,96.0,12.0,43.0,7.0,15.0,57.0,8.0,46.0,74.0,23.0,47.0,10.0,17.0,9.0,17.0,17.0,13.0,46.0,48.0,,2.0,0.4823,0.0,2.0,2.0,6.0,1.0,1.0,1.0,0.0
14024013,2026-02-22,14:00:00,Nottingham Forest,Liverpool FC,True,0,1,47.0,1.19,1.0,18.0,3.0,7.0,13.0,421.0,18.0,9.0,2.0,2.0,0.0,8.0,8.0,7.0,11.0,0.0,1.0,23.0,3.0,1.0,348.0,14.0,42.0,114.0,150.0,24.0,52.0,7.0,30.0,52.0,11.0,31.0,65.0,17.0,27.0,6.0,9.0,14.0,18.0,18.0,10.0,58.0,35.0,,3.0,0.8597,,,1.0,3.0,,1.0,1.0,
14024013,2026-02-22,14:00:00,Liverpool FC,Nottingham Forest,False,1,0,53.0,1.73,4.0,10.0,2.0,2.0,9.0,489.0,14.0,13.0,0.0,4.0,0.0,2.0,4.0,8.0,2.0,1.0,3.0,18.0,1.0,1.0,412.0,18.0,59.0,91.0,131.0,28.0,49.0,4.0,13.0,48.0,12.0,34.0,65.0,10.0,27.0,8.0,14.0,7.0,14.0,14.0,9.0,48.0,27.0,,2.0,0.653,,,1.0,17.0,,0.0,3.0,
14024011,2026-02-22,14:00:00,Sunderland,Fulham,True,1,3,53.0,1.85,3.0,12.0,1.0,6.0,6.0,406.0,12.0,12.0,1.0,2.0,0.0,5.0,5.0,8.0,4.0,1.0,2.0,34.0,1.0,1.0,334.0,18.0,64.0,72.0,118.0,24.0,53.0,1.0,14.0,47.0,13.0,27.0,58.0,14.0,30.0,4.0,13.0,5.0,12.0,12.0,5.0,53.0,25.0,,1.0,-0.8309,0.0,,,4.0,,0.0,0.0,
14024011,2026-02-22,14:00:00,Fulham,Sunderland,False,3,1,47.0,1.88,3.0,12.0,1.0,4.0,13.0,355.0,22.0,5.0,1.0,4.0,0.0,5.0,3.0,9.0,3.0,3.0,0.0,19.0,2.0,1.0,287.0,23.0,44.0,62.0,86.0,19.0,57.0,3.0,17.0,53.0,5.0,31.0,58.0,16.0,30.0,3.0,10.0,10.0,22.0,22.0,9.0,47.0,37.0,,1.0,0.016,1.0,,,10.0,,1.0,3.0,
14024012,2026-02-22,16:30:00,Tottenham Hotspur,Arsenal,True,1,4,40.0,0.76,0.0,6.0,2.0,2.0,17.0,320.0,24.0,11.0,2.0,5.0,0.0,0.0,1.0,3.0,3.0,0.0,0.0,7.0,2.0,,232.0,30.0,29.0,28.0,50.0,10.0,50.0,2.0,11.0,41.0,17.0,37.0,88.0,12.0,32.0,2.0,16.0,13.0,24.0,24.0,15.0,49.0,42.0,2.0,2.0,-1.9357,0.0,0.0,0.0,10.0,,0.0,3.0,
14024012,2026-02-22,16:30:00,Arsenal,Tottenham Hotspur,False,4,1,60.0,2.07,6.0,20.0,4.0,5.0,11.0,480.0,31.0,17.0,1.0,7.0,0.0,6.0,7.0,13.0,7.0,3.0,3.0,45.0,1.0,,378.0,16.0,80.0,137.0,193.0,17.0,50.0,3.0,15.0,59.0,12.0,51.0,88.0,20.0,32.0,4.0,16.0,21.0,31.0,31.0,8.0,61.0,15.0,1.0,4.0,0.657,1.0,3.0,1.0,4.0,,2.0,0.0,
15238290,2026-02-23,20:00:00,Everton,Manchester United,True,0,1,48.0,0.63,0.0,12.0,1.0,10.0,12.0,413.0,18.0,7.0,2.0,4.0,0.0,2.0,6.0,5.0,7.0,0.0,0.0,16.0,3.0,1.0,316.0,22.0,57.0,119.0,165.0,21.0,55.0,5.0,35.0,58.0,3.0,34.0,62.0,27.0,43.0,10.0,19.0,8.0,18.0,18.0,14.0,62.0,13.0,,1.0,0.0958,1.0,0.0,0.0,7.0,,,,
15238290,2026-02-23,20:00:00,Manchester United,Everton,False,1,0,52.0,1.27,2.0,11.0,4.0,1.0,7.0,483.0,12.0,12.0,3.0,3.0,0.0,6.0,2.0,6.0,5.0,1.0,1.0,16.0,1.0,0.0,388.0,14.0,52.0,89.0,125.0,23.0,59.0,1.0,6.0,42.0,8.0,28.0,62.0,16.0,43.0,5.0,15.0,8.0,12.0,12.0,8.0,62.0,38.0,,4.0,0.865,0.0,2.0,4.0,7.0,,,,
14023979,2026-02-27,20:00:00,Wolverhampton,Aston Villa,True,2,0,39.0,0.86,2.0,9.0,4.0,0.0,13.0,328.0,16.0,19.0,3.0,2.0,0.0,4.0,3.0,6.0,3.0,2.0,1.0,12.0,2.0,1.0,256.0,15.0,39.0,37.0,61.0,14.0,47.0,2.0,11.0,52.0,6.0,44.0,73.0,4.0,19.0,9.0,14.0,12.0,16.0,16.0,10.0,47.0,25.0,,4.0,0.8466,,1.0,,8.0,,,,
14023979,2026-02-27,20:00:00,Aston Villa,Wolverhampton,False,0,2,61.0,1.03,2.0,14.0,0.0,5.0,19.0,502.0,11.0,13.0,3.0,5.0,0.0,3.0,6.0,10.0,4.0,0.0,2.0,24.0,0.0,0.0,439.0,15.0,54.0,90.0,124.0,24.0,35.0,7.0,26.0,48.0,8.0,29.0,73.0,15.0,19.0,5.0,13.0,5.0,11.0,11.0,11.0,45.0,15.0,,0.0,-1.1207,,0.0,,7.0,,,,
14023970,2026-02-28,12:30:00,Bournemouth,Sunderland,True,1,1,62.0,1.71,2.0,21.0,3.0,7.0,15.0,464.0,16.0,12.0,4.0,5.0,0.0,9.0,7.0,10.0,11.0,1.0,1.0,28.0,3.0,1.0,358.0,18.0,79.0,113.0,162.0,28.0,68.0,4.0,26.0,52.0,14.0,40.0,85.0,25.0,41.0,12.0,24.0,10.0,16.0,16.0,14.0,51.0,27.0,0.0,3.0,0.2662,1.0,0.0,1.0,10.0,,,1.0,
14023970,2026-02-28,12:30:00,Sunderland,Bournemouth,False,1,1,38.0,1.42,1.0,8.0,4.0,3.0,12.0,287.0,26.0,15.0,2.0,4.0,0.0,2.0,2.0,6.0,2.0,1.0,0.0,14.0,4.0,2.0,193.0,24.0,58.0,41.0,86.0,18.0,53.0,1.0,12.0,48.0,5.0,45.0,85.0,16.0,41.0,4.0,15.0,16.0,26.0,26.0,6.0,45.0,46.0,1.0,4.0,0.0597,1.0,3.0,2.0,10.0,,,3.0,
14023975,2026-02-28,15:00:00,Burnley,Brentford,True,3,4,41.0,0.97,1.0,12.0,2.0,4.0,9.0,326.0,13.0,9.0,2.0,3.0,0.0,7.0,2.0,9.0,3.0,1.0,0.0,13.0,0.0,2.0,256.0,20.0,47.0,69.0,101.0,20.0,55.0,5.0,17.0,44.0,6.0,36.0,73.0,16.0,45.0,16.0,24.0,8.0,13.0,13.0,4.0,42.0,39.0,0.0,2.0,-1.191,1.0,1.0,2.0,6.0,,1.0,0.0,
14023975,2026-02-28,15:00:00,Brentford,Burnley,False,4,3,59.0,2.25,5.0,16.0,1.0,8.0,9.0,463.0,14.0,9.0,2.0,7.0,0.0,4.0,5.0,13.0,3.0,4.0,1.0,44.0,2.0,0.0,376.0,14.0,48.0,68.0,108.0,28.0,62.0,5.0,22.0,56.0,4.0,37.0,73.0,29.0,45.0,15.0,24.0,11.0,14.0,14.0,8.0,51.0,28.0,1.0,1.0,-1.7175,0.0,0.0,0.0,8.0,,1.0,1.0,
14023976,2026-02-28,15:00:00,Liverpool FC,West Ham United,True,5,2,49.0,1.84,2.0,18.0,3.0,10.0,12.0,405.0,21.0,11.0,2.0,7.0,0.0,4.0,7.0,13.0,5.0,0.0,2.0,34.0,1.0,1.0,328.0,20.0,52.0,104.0,140.0,17.0,39.0,2.0,20.0,48.0,8.0,35.0,66.0,11.0,29.0,4.0,9.0,10.0,21.0,21.0,6.0,47.0,22.0,,3.0,-0.049,0.0,1.0,0.0,9.0,,,2.0,
14023976,2026-02-28,15:00:00,West Ham United,Liverpool FC,False,2,5,51.0,1.86,2.0,11.0,2.0,5.0,11.0,422.0,13.0,12.0,2.0,4.0,0.0,4.0,3.0,8.0,3.0,2.0,0.0,31.0,0.0,1.0,332.0,21.0,51.0,67.0,116.0,25.0,57.0,4.0,21.0,52.0,16.0,31.0,66.0,18.0,29.0,6.0,11.0,8.0,13.0,13.0,13.0,52.0,19.0,,2.0,-2.5682,1.0,1.0,1.0,4.0,,,0.0,
14023977,2026-02-28,15:00:00,Newcastle United,Everton,True,2,3,66.0,1.03,1.0,17.0,2.0,7.0,15.0,587.0,13.0,7.0,2.0,7.0,1.0,6.0,4.0,7.0,10.0,0.0,1.0,32.0,2.0,0.0,510.0,27.0,67.0,182.0,227.0,10.0,31.0,4.0,30.0,38.0,19.0,32.0,86.0,16.0,42.0,12.0,20.0,5.0,13.0,13.0,5.0,46.0,11.0,2.0,2.0,-0.1294,0.0,,1.0,4.0,,,1.0,
14023977,2026-02-28,15:00:00,Everton,Newcastle United,False,3,2,34.0,2.13,3.0,9.0,4.0,2.0,7.0,311.0,27.0,15.0,3.0,5.0,1.0,3.0,1.0,5.0,4.0,2.0,1.0,11.0,1.0,4.0,231.0,13.0,47.0,54.0,89.0,18.0,51.0,2.0,4.0,62.0,8.0,54.0,86.0,26.0,42.0,12.0,17.0,14.0,27.0,27.0,9.0,54.0,41.0,0.0,4.0,-1.3217,1.0,,0.0,8.0,,,0.0,
14023974,2026-02-28,17:30:00,Leeds United,Manchester City,True,0,1,33.0,1.49,3.0,14.0,4.0,5.0,10.0,311.0,14.0,8.0,0.0,2.0,0.0,7.0,5.0,7.0,7.0,0.0,3.0,25.0,0.0,1.0,229.0,21.0,40.0,50.0,86.0,18.0,46.0,6.0,22.0,35.0,7.0,23.0,66.0,9.0,25.0,1.0,11.0,5.0,14.0,14.0,9.0,41.0,26.0,,4.0,1.6259,,0.0,0.0,4.0,,0.0,1.0,
14023974,2026-02-28,17:30:00,Manchester City,Leeds United,False,1,0,67.0,2.0,4.0,14.0,2.0,3.0,8.0,655.0,17.0,10.0,3.0,5.0,0.0,5.0,4.0,11.0,3.0,1.0,3.0,25.0,3.0,4.0,587.0,13.0,70.0,179.0,210.0,23.0,46.0,5.0,21.0,65.0,8.0,43.0,66.0,16.0,25.0,16.0,22.0,8.0,17.0,17.0,0.0,37.0,39.0,,2.0,0.4695,,1.0,1.0,12.0,,1.0,1.0,
14023972,2026-03-01,14:00:00,Brighton & Hove Albion,Nottingham Forest,True,2,1,54.0,1.32,2.0,14.0,3.0,4.0,12.0,522.0,17.0,13.0,3.0,7.0,0.0,5.0,2.0,7.0,7.0,,2.0,28.0,2.0,0.0,453.0,15.0,55.0,103.0,141.0,25.0,53.0,6.0,11.0,54.0,5.0,31.0,62.0,17.0,27.0,2.0,6.0,11.0,17.0,17.0,6.0,44.0,20.0,0.0,3.0,-0.4187,0.0,,,5.0,,1.0,,
14023972,2026-03-01,14:00:00,Nottingham Forest,Brighton & Hove Albion,False,1,2,46.0,0.79,1.0,13.0,5.0,4.0,13.0,444.0,9.0,12.0,1.0,4.0,0.0,3.0,6.0,7.0,6.0,,1.0,17.0,1.0,4.0,380.0,14.0,40.0,71.0,95.0,29.0,50.0,4.0,17.0,46.0,9.0,31.0,62.0,10.0,27.0,11.0,19.0,5.0,9.0,9.0,8.0,50.0,15.0,1.0,5.0,-0.8208,1.0,,,10.0,,0.0,,
14023973,2026-03-01,14:00:00,Fulham,Tottenham Hotspur,True,2,1,54.0,2.28,3.0,18.0,0.0,5.0,11.0,480.0,12.0,14.0,3.0,4.0,0.0,10.0,4.0,15.0,3.0,1.0,2.0,34.0,1.0,1.0,384.0,16.0,51.0,65.0,107.0,23.0,54.0,5.0,13.0,54.0,7.0,32.0,65.0,23.0,37.0,8.0,17.0,8.0,12.0,12.0,10.0,45.0,34.0,,0.0,-0.2413,0.0,0.0,3.0,12.0,,,0.0,
14023973,2026-03-01,14:00:00,Tottenham Hotspur,Fulham,False,1,2,46.0,0.88,1.0,13.0,2.0,8.0,14.0,395.0,16.0,11.0,3.0,1.0,0.0,5.0,7.0,10.0,3.0,1.0,0.0,30.0,0.0,1.0,293.0,22.0,51.0,51.0,94.0,21.0,64.0,6.0,21.0,46.0,9.0,33.0,65.0,14.0,37.0,6.0,9.0,11.0,16.0,16.0,10.0,50.0,18.0,,2.0,-1.2122,1.0,1.0,0.0,9.0,,,1.0,
14023978,2026-03-01,14:00:00,Manchester United,Crystal Palace,True,2,1,61.0,2.16,3.0,20.0,2.0,7.0,13.0,612.0,14.0,11.0,2.0,11.0,0.0,4.0,5.0,11.0,9.0,2.0,1.0,32.0,3.0,1.0,527.0,10.0,58.0,138.0,177.0,22.0,38.0,11.0,25.0,56.0,8.0,33.0,65.0,24.0,37.0,7.0,15.0,6.0,14.0,14.0,4.0,50.0,16.0,,2.0,-0.3107,0.0,1.0,0.0,8.0,0.0,1.0,0.0,
14023978,2026-03-01,14:00:00,Crystal Palace,Manchester United,False,1,2,39.0,0.38,0.0,8.0,9.0,1.0,12.0,399.0,16.0,13.0,2.0,3.0,0.0,3.0,2.0,5.0,3.0,0.0,0.0,13.0,1.0,2.0,308.0,11.0,49.0,43.0,80.0,17.0,61.0,1.0,6.0,44.0,8.0,32.0,65.0,13.0,37.0,3.0,9.0,5.0,16.0,16.0,6.0,51.0,29.0,,9.0,0.3732,2.0,2.0,1.0,8.0,1.0,0.0,2.0,
14023971,2026-03-01,16:30:00,Arsenal,Chelsea,True,2,1,41.0,1.09,2.0,12.0,4.0,5.0,11.0,338.0,17.0,14.0,1.0,5.0,0.0,3.0,4.0,7.0,5.0,2.0,0.0,30.0,4.0,0.0,277.0,8.0,57.0,72.0,110.0,21.0,43.0,2.0,11.0,49.0,12.0,37.0,70.0,11.0,27.0,7.0,15.0,9.0,17.0,17.0,5.0,41.0,21.0,,4.0,0.0925,2.0,1.0,,10.0,0.0,0.0,1.0,
14023971,2026-03-01,16:30:00,Chelsea,Arsenal,False,1,2,59.0,1.07,3.0,9.0,3.0,10.0,14.0,482.0,20.0,11.0,5.0,3.0,1.0,5.0,1.0,5.0,4.0,0.0,3.0,13.0,1.0,1.0,425.0,9.0,29.0,59.0,76.0,19.0,47.0,4.0,18.0,51.0,10.0,33.0,70.0,16.0,27.0,3.0,10.0,8.0,20.0,20.0,13.0,44.0,22.0,,3.0,0.0828,0.0,0.0,,9.0,1.0,1.0,1.0,
14023980,2026-03-03,19:30:00,Bournemouth,Brentford,True,0,0,48.0,1.92,4.0,13.0,2.0,4.0,9.0,413.0,13.0,10.0,2.0,2.0,2.0,8.0,3.0,9.0,4.0,,4.0,27.0,0.0,2.0,320.0,23.0,56.0,97.0,146.0,20.0,55.0,3.0,16.0,52.0,5.0,30.0,58.0,27.0,51.0,8.0,17.0,9.0,13.0,13.0,12.0,65.0,43.0,,2.0,0.2186,0.0,1.0,1.0,5.0,,4.0,,
14023980,2026-03-03,19:30:00,Brentford,Bournemouth,False,0,0,52.0,0.4,2.0,5.0,2.0,3.0,10.0,454.0,14.0,9.0,1.0,2.0,0.0,1.0,2.0,3.0,2.0,,2.0,15.0,2.0,0.0,348.0,21.0,54.0,61.0,108.0,34.0,77.0,2.0,15.0,48.0,10.0,28.0,58.0,24.0,51.0,5.0,8.0,3.0,14.0,14.0,6.0,60.0,30.0,,2.0,0.4472,1.0,1.0,1.0,15.0,,0.0,,
14023941,2026-03-03,19:30:00,Everton,Burnley,True,2,0,55.0,1.3,2.0,14.0,2.0,6.0,10.0,581.0,18.0,12.0,0.0,5.0,1.0,5.0,4.0,9.0,5.0,2.0,0.0,24.0,2.0,1.0,509.0,22.0,67.0,158.0,199.0,26.0,49.0,3.0,20.0,56.0,9.0,39.0,66.0,10.0,22.0,9.0,17.0,12.0,18.0,18.0,10.0,51.0,25.0,,2.0,0.5364,,0.0,,5.0,,1.0,,
14023941,2026-03-03,19:30:00,Burnley,Everton,False,0,2,45.0,0.79,1.0,5.0,3.0,3.0,12.0,476.0,17.0,10.0,1.0,2.0,0.0,2.0,1.0,3.0,2.0,0.0,1.0,11.0,0.0,2.0,407.0,22.0,55.0,74.0,112.0,23.0,51.0,1.0,7.0,44.0,9.0,27.0,66.0,12.0,22.0,1.0,10.0,10.0,17.0,17.0,14.0,53.0,29.0,,3.0,-0.7721,,1.0,,4.0,,0.0,,
14023982,2026-03-03,19:30:00,Leeds United,Sunderland,True,0,1,70.0,1.15,0.0,18.0,0.0,9.0,15.0,550.0,16.0,19.0,1.0,4.0,1.0,5.0,9.0,12.0,6.0,0.0,,25.0,6.0,2.0,455.0,22.0,65.0,83.0,125.0,30.0,66.0,4.0,29.0,53.0,8.0,38.0,69.0,24.0,49.0,3.0,11.0,6.0,16.0,16.0,6.0,51.0,20.0,,0.0,-0.3532,0.0,1.0,0.0,1.0,,,0.0,
14023982,2026-03-03,19:30:00,Sunderland,Leeds United,False,1,0,30.0,0.86,1.0,3.0,4.0,2.0,19.0,233.0,16.0,14.0,3.0,1.0,0.0,1.0,2.0,3.0,0.0,1.0,,8.0,2.0,5.0,143.0,19.0,41.0,35.0,72.0,17.0,73.0,1.0,8.0,47.0,8.0,31.0,69.0,25.0,49.0,2.0,10.0,11.0,16.0,16.0,7.0,44.0,50.0,,4.0,0.7287,1.0,0.0,2.0,6.0,,,1.0,
14023985,2026-03-03,20:15:00,Wolverhampton,Liverpool FC,True,2,1,34.0,0.44,1.0,4.0,5.0,2.0,10.0,315.0,25.0,13.0,2.0,3.0,0.0,1.0,0.0,2.0,2.0,1.0,1.0,11.0,2.0,1.0,249.0,13.0,32.0,33.0,57.0,6.0,33.0,2.0,9.0,55.0,10.0,44.0,75.0,8.0,19.0,7.0,13.0,16.0,25.0,25.0,9.0,54.0,35.0,2.0,5.0,0.2204,1.0,1.0,4.0,9.0,,1.0,,
14023985,2026-03-03,20:15:00,Liverpool FC,Wolverhampton,False,1,2,66.0,2.56,5.0,20.0,1.0,11.0,13.0,609.0,16.0,10.0,1.0,7.0,2.0,10.0,3.0,14.0,6.0,1.0,4.0,47.0,2.0,1.0,540.0,18.0,68.0,167.0,209.0,21.0,33.0,5.0,27.0,45.0,10.0,31.0,75.0,11.0,19.0,6.0,21.0,9.0,16.0,16.0,8.0,53.0,11.0,0.0,1.0,-1.2741,0.0,1.0,0.0,3.0,,1.0,,
14023986,2026-03-04,19:30:00,Aston Villa,Chelsea,True,1,4,43.0,0.78,3.0,9.0,4.0,3.0,10.0,431.0,11.0,9.0,3.0,4.0,1.0,4.0,1.0,6.0,3.0,1.0,3.0,17.0,2.0,2.0,371.0,16.0,43.0,83.0,106.0,18.0,32.0,1.0,11.0,44.0,9.0,22.0,53.0,7.0,13.0,2.0,8.0,8.0,11.0,11.0,7.0,43.0,14.0,,4.0,0.0965,,2.0,,3.0,,1.0,,
14023986,2026-03-04,19:30:00,Chelsea,Aston Villa,False,4,1,57.0,3.6,5.0,15.0,3.0,8.0,9.0,565.0,15.0,10.0,2.0,8.0,0.0,3.0,4.0,14.0,1.0,3.0,2.0,34.0,1.0,2.0,515.0,20.0,37.0,76.0,93.0,13.0,28.0,3.0,19.0,56.0,6.0,31.0,53.0,6.0,13.0,6.0,11.0,6.0,15.0,15.0,9.0,43.0,15.0,,3.0,-0.4607,,3.0,,6.0,,2.0,,
14023933,2026-03-04,19:30:00,Brighton & Hove Albion,Arsenal,True,0,1,60.0,0.82,2.0,11.0,1.0,4.0,14.0,470.0,23.0,12.0,4.0,3.0,0.0,3.0,5.0,6.0,5.0,,2.0,29.0,1.0,3.0,385.0,23.0,62.0,99.0,142.0,23.0,52.0,5.0,30.0,51.0,8.0,40.0,75.0,18.0,38.0,5.0,13.0,15.0,23.0,23.0,11.0,43.0,28.0,1.0,1.0,-0.8597,1.0,0.0,1.0,5.0,,0.0,1.0,
14023933,2026-03-04,19:30:00,Arsenal,Brighton & Hove Albion,False,1,0,40.0,0.47,0.0,7.0,2.0,3.0,12.0,322.0,16.0,14.0,1.0,2.0,0.0,4.0,1.0,6.0,1.0,,0.0,18.0,2.0,0.0,226.0,24.0,60.0,41.0,92.0,25.0,61.0,1.0,7.0,49.0,14.0,35.0,75.0,20.0,38.0,5.0,14.0,6.0,16.0,16.0,8.0,38.0,50.0,0.0,2.0,0.5554,0.0,2.0,1.0,12.0,,2.0,2.0,
14023947,2026-03-04,19:30:00,Fulham,West Ham United,True,0,1,60.0,0.89,0.0,13.0,3.0,6.0,14.0,563.0,9.0,12.0,2.0,5.0,0.0,4.0,4.0,10.0,3.0,0.0,0.0,29.0,3.0,0.0,470.0,18.0,64.0,96.0,144.0,28.0,56.0,9.0,25.0,51.0,5.0,25.0,52.0,16.0,29.0,6.0,8.0,4.0,9.0,9.0,3.0,53.0,21.0,1.0,3.0,0.1335,1.0,1.0,,6.0,,,,
14023947,2026-03-04,19:30:00,West Ham United,Fulham,False,1,0,40.0,1.09,3.0,9.0,5.0,5.0,12.0,379.0,7.0,14.0,4.0,3.0,0.0,4.0,2.0,6.0,3.0,1.0,2.0,13.0,3.0,7.0,302.0,16.0,42.0,48.0,82.0,13.0,42.0,2.0,15.0,49.0,5.0,27.0,52.0,13.0,29.0,8.0,12.0,4.0,7.0,7.0,14.0,49.0,31.0,0.0,5.0,0.5562,1.0,1.0,,7.0,,,,
14023984,2026-03-04,19:30:00,Manchester City,Nottingham Forest,True,2,2,70.0,2.12,5.0,21.0,2.0,6.0,10.0,774.0,10.0,6.0,0.0,7.0,1.0,8.0,6.0,16.0,5.0,2.0,3.0,46.0,3.0,1.0,714.0,17.0,83.0,240.0,272.0,24.0,36.0,4.0,24.0,52.0,7.0,30.0,65.0,16.0,23.0,14.0,27.0,6.0,10.0,10.0,6.0,49.0,6.0,,2.0,-0.8395,0.0,0.0,,2.0,,2.0,0.0,
14023984,2026-03-04,19:30:00,Nottingham Forest,Manchester City,False,2,2,30.0,0.97,2.0,9.0,3.0,1.0,6.0,329.0,20.0,10.0,4.0,4.0,0.0,2.0,3.0,6.0,3.0,1.0,1.0,13.0,0.0,3.0,269.0,6.0,26.0,35.0,54.0,18.0,47.0,2.0,11.0,48.0,5.0,35.0,65.0,7.0,23.0,6.0,11.0,14.0,20.0,20.0,6.0,47.0,27.0,,3.0,-0.478,1.0,2.0,,13.0,,0.0,1.0,
14023983,2026-03-04,20:15:00,Newcastle United,Manchester United,True,2,1,45.0,2.48,3.0,12.0,4.0,2.0,15.0,381.0,18.0,15.0,4.0,5.0,1.0,6.0,1.0,8.0,4.0,1.0,2.0,23.0,4.0,,291.0,21.0,48.0,71.0,108.0,32.0,74.0,5.0,15.0,53.0,6.0,38.0,71.0,22.0,42.0,4.0,10.0,14.0,18.0,18.0,9.0,46.0,30.0,,4.0,-0.2763,2.0,0.0,,12.0,1.0,0.0,1.0,
14023983,2026-03-04,20:15:00,Manchester United,Newcastle United,False,1,2,55.0,1.48,4.0,14.0,3.0,4.0,16.0,469.0,12.0,15.0,3.0,5.0,0.0,4.0,5.0,8.0,6.0,1.0,3.0,33.0,3.0,,384.0,18.0,49.0,110.0,148.0,18.0,47.0,2.0,14.0,47.0,9.0,33.0,71.0,20.0,42.0,7.0,16.0,9.0,12.0,12.0,9.0,49.0,18.0,,3.0,0.5331,0.0,2.0,,8.0,0.0,2.0,2.0,
14023981,2026-03-05,20:00:00,Tottenham Hotspur,Crystal Palace,True,1,3,40.0,1.09,1.0,12.0,1.0,6.0,14.0,311.0,17.0,14.0,3.0,4.0,0.0,3.0,5.0,10.0,2.0,1.0,,23.0,4.0,1.0,242.0,22.0,43.0,42.0,76.0,19.0,41.0,5.0,12.0,49.0,14.0,37.0,78.0,23.0,44.0,7.0,17.0,10.0,17.0,17.0,10.0,31.0,28.0,1.0,1.0,-1.4556,1.0,0.0,1.0,3.0,1.0,0.0,,
14023981,2026-03-05,20:00:00,Crystal Palace,Tottenham Hotspur,False,3,1,60.0,1.78,3.0,9.0,3.0,3.0,14.0,463.0,24.0,13.0,2.0,4.0,0.0,2.0,3.0,8.0,1.0,3.0,,21.0,4.0,1.0,402.0,13.0,51.0,63.0,90.0,22.0,49.0,2.0,20.0,51.0,11.0,41.0,78.0,21.0,44.0,3.0,9.0,13.0,24.0,24.0,6.0,31.0,30.0,0.0,3.0,0.0932,0.0,1.0,1.0,7.0,0.0,2.0,,
14023988,2026-03-14,15:00:00,Burnley,Bournemouth,True,0,0,38.0,1.4,3.0,15.0,2.0,5.0,11.0,283.0,13.0,5.0,1.0,2.0,1.0,5.0,8.0,12.0,3.0,,3.0,25.0,2.0,1.0,199.0,34.0,56.0,61.0,102.0,23.0,57.0,6.0,20.0,42.0,12.0,25.0,66.0,20.0,42.0,7.0,15.0,8.0,13.0,13.0,3.0,50.0,38.0,,2.0,0.1692,0.0,0.0,,17.0,,0.0,1.0,
14023988,2026-03-14,15:00:00,Bournemouth,Burnley,False,0,0,62.0,2.55,3.0,22.0,2.0,8.0,5.0,471.0,20.0,11.0,0.0,3.0,1.0,10.0,9.0,14.0,8.0,,3.0,32.0,1.0,1.0,377.0,18.0,56.0,101.0,149.0,15.0,54.0,7.0,26.0,58.0,5.0,41.0,66.0,22.0,42.0,10.0,18.0,16.0,20.0,20.0,11.0,60.0,42.0,,2.0,0.2056,2.0,1.0,,8.0,,1.0,0.0,
14023996,2026-03-14,15:00:00,Sunderland,Brighton & Hove Albion,True,0,1,48.0,0.9,0.0,14.0,3.0,7.0,7.0,422.0,7.0,12.0,1.0,4.0,0.0,5.0,5.0,8.0,6.0,,0.0,28.0,4.0,3.0,332.0,28.0,66.0,77.0,118.0,22.0,57.0,1.0,20.0,42.0,16.0,27.0,67.0,13.0,29.0,9.0,19.0,4.0,7.0,7.0,5.0,57.0,22.0,,3.0,0.3338,1.0,,1.0,5.0,,2.0,2.0,
14023996,2026-03-14,15:00:00,Brighton & Hove Albion,Sunderland,False,1,0,52.0,1.68,1.0,12.0,3.0,3.0,12.0,471.0,26.0,7.0,2.0,4.0,0.0,3.0,5.0,9.0,3.0,,1.0,31.0,0.0,1.0,371.0,9.0,54.0,74.0,113.0,15.0,57.0,5.0,13.0,58.0,2.0,40.0,67.0,16.0,29.0,7.0,12.0,17.0,26.0,26.0,12.0,54.0,43.0,,3.0,0.7197,2.0,,0.0,12.0,,1.0,2.0,
14023987,2026-03-14,17:30:00,Arsenal,Everton,True,2,0,65.0,2.7,2.0,25.0,3.0,8.0,11.0,581.0,16.0,12.0,,7.0,0.0,9.0,9.0,12.0,13.0,2.0,0.0,40.0,2.0,2.0,503.0,15.0,61.0,209.0,249.0,14.0,36.0,4.0,21.0,54.0,6.0,35.0,66.0,21.0,38.0,7.0,16.0,12.0,16.0,16.0,4.0,43.0,29.0,0.0,3.0,0.4285,1.0,,2.0,3.0,,,1.0,
14023987,2026-03-14,17:30:00,Everton,Arsenal,False,0,2,35.0,1.05,2.0,9.0,4.0,3.0,12.0,321.0,15.0,11.0,,3.0,1.0,2.0,4.0,5.0,4.0,0.0,2.0,15.0,2.0,1.0,238.0,18.0,48.0,46.0,85.0,14.0,53.0,2.0,9.0,46.0,11.0,31.0,66.0,17.0,38.0,5.0,10.0,8.0,15.0,15.0,16.0,39.0,33.0,1.0,4.0,0.2378,1.0,,0.0,12.0,,,0.0,
14023990,2026-03-14,17:30:00,Chelsea,Newcastle United,True,0,1,67.0,1.39,2.0,22.0,4.0,8.0,9.0,675.0,11.0,10.0,2.0,3.0,1.0,10.0,9.0,10.0,12.0,0.0,2.0,33.0,3.0,,620.0,24.0,55.0,204.0,233.0,17.0,28.0,7.0,28.0,47.0,6.0,25.0,56.0,16.0,32.0,5.0,15.0,6.0,11.0,11.0,9.0,37.0,22.0,,4.0,0.4816,1.0,1.0,0.0,5.0,,2.0,1.0,
14023990,2026-03-14,17:30:00,Newcastle United,Chelsea,False,1,0,33.0,1.41,1.0,7.0,3.0,1.0,10.0,331.0,16.0,9.0,2.0,5.0,1.0,1.0,1.0,3.0,4.0,1.0,0.0,12.0,1.0,,259.0,17.0,54.0,66.0,104.0,17.0,51.0,2.0,12.0,53.0,4.0,31.0,56.0,16.0,32.0,6.0,13.0,9.0,16.0,16.0,7.0,38.0,29.0,,3.0,0.4396,2.0,4.0,1.0,13.0,,2.0,1.0,
14023993,2026-03-14,20:00:00,West Ham United,Manchester City,True,1,1,29.0,0.54,1.0,1.0,5.0,1.0,14.0,304.0,25.0,5.0,2.0,1.0,0.0,0.0,0.0,1.0,0.0,1.0,0.0,6.0,0.0,3.0,224.0,21.0,32.0,26.0,52.0,13.0,48.0,1.0,6.0,45.0,6.0,34.0,67.0,7.0,25.0,5.0,7.0,15.0,25.0,25.0,12.0,44.0,34.0,,5.0,0.8585,2.0,2.0,,10.0,,0.0,1.0,
14023993,2026-03-14,20:00:00,Manchester City,West Ham United,False,1,1,71.0,2.03,1.0,24.0,0.0,15.0,5.0,755.0,8.0,14.0,2.0,6.0,1.0,11.0,7.0,19.0,5.0,0.0,1.0,40.0,3.0,2.0,684.0,16.0,86.0,191.0,234.0,21.0,39.0,10.0,33.0,55.0,12.0,33.0,67.0,18.0,25.0,12.0,25.0,7.0,8.0,8.0,13.0,50.0,16.0,,0.0,-0.0095,0.0,0.0,,2.0,,1.0,0.0,
14023991,2026-03-15,14:00:00,Crystal Palace,Leeds United,True,0,0,67.0,0.67,0.0,12.0,3.0,8.0,12.0,463.0,9.0,11.0,2.0,0.0,0.0,5.0,7.0,7.0,5.0,,0.0,26.0,3.0,5.0,364.0,22.0,68.0,80.0,137.0,27.0,64.0,4.0,21.0,52.0,8.0,23.0,52.0,38.0,66.0,5.0,12.0,8.0,9.0,9.0,3.0,39.0,51.0,,3.0,0.3586,,1.0,1.0,11.0,0.0,,1.0,
14023991,2026-03-15,14:00:00,Leeds United,Crystal Palace,False,0,0,33.0,1.12,1.0,10.0,0.0,3.0,11.0,228.0,15.0,11.0,3.0,3.0,0.0,4.0,3.0,7.0,3.0,,1.0,20.0,1.0,2.0,142.0,24.0,50.0,33.0,80.0,18.0,56.0,4.0,14.0,48.0,3.0,29.0,52.0,28.0,66.0,4.0,10.0,8.0,15.0,15.0,6.0,38.0,55.0,,0.0,0.0,,1.0,0.0,7.0,1.0,,0.0,
14023994,2026-03-15,14:00:00,Manchester United,Aston Villa,True,3,1,52.0,1.1,3.0,16.0,1.0,6.0,10.0,479.0,19.0,5.0,3.0,6.0,0.0,6.0,4.0,11.0,5.0,1.0,2.0,20.0,0.0,1.0,410.0,11.0,56.0,108.0,144.0,22.0,45.0,2.0,21.0,51.0,10.0,27.0,58.0,13.0,21.0,4.0,10.0,9.0,19.0,19.0,12.0,47.0,22.0,0.0,1.0,-0.1602,0.0,,,6.0,,3.0,,
14023994,2026-03-15,14:00:00,Aston Villa,Manchester United,False,1,3,48.0,1.0,3.0,9.0,3.0,6.0,5.0,442.0,16.0,10.0,2.0,2.0,0.0,5.0,2.0,6.0,3.0,1.0,2.0,31.0,3.0,1.0,376.0,11.0,51.0,110.0,146.0,15.0,40.0,6.0,17.0,49.0,10.0,31.0,58.0,8.0,21.0,5.0,14.0,10.0,16.0,16.0,8.0,45.0,31.0,1.0,3.0,-0.7906,2.0,,,7.0,,1.0,,
14023995,2026-03-15,14:00:00,Nottingham Forest,Fulham,True,0,0,46.0,0.95,1.0,11.0,1.0,5.0,8.0,401.0,8.0,11.0,2.0,2.0,1.0,4.0,5.0,5.0,6.0,,1.0,18.0,4.0,3.0,321.0,28.0,53.0,65.0,104.0,28.0,52.0,3.0,14.0,48.0,6.0,28.0,60.0,14.0,27.0,10.0,20.0,7.0,8.0,8.0,7.0,54.0,22.0,,1.0,0.288,,,,5.0,,2.0,1.0,
14023995,2026-03-15,14:00:00,Fulham,Nottingham Forest,False,0,0,54.0,1.03,1.0,6.0,2.0,4.0,11.0,474.0,16.0,8.0,3.0,1.0,0.0,3.0,2.0,5.0,1.0,,1.0,15.0,2.0,1.0,378.0,21.0,60.0,77.0,122.0,26.0,57.0,3.0,18.0,52.0,7.0,32.0,60.0,13.0,27.0,8.0,9.0,10.0,16.0,16.0,10.0,48.0,22.0,,2.0,0.4413,,,,12.0,,0.0,0.0,
14023992,2026-03-15,16:30:00,Liverpool FC,Tottenham Hotspur,True,1,1,63.0,1.7,1.0,17.0,6.0,3.0,8.0,553.0,12.0,13.0,,4.0,1.0,7.0,6.0,10.0,7.0,0.0,1.0,45.0,6.0,0.0,465.0,23.0,64.0,159.0,203.0,21.0,48.0,3.0,20.0,51.0,12.0,35.0,74.0,14.0,22.0,12.0,20.0,8.0,12.0,12.0,11.0,59.0,17.0,1.0,6.0,0.9431,2.0,,1.0,5.0,,0.0,1.0,
14023992,2026-03-15,16:30:00,Tottenham Hotspur,Liverpool FC,False,1,1,37.0,1.18,2.0,13.0,3.0,4.0,13.0,320.0,20.0,8.0,,7.0,0.0,3.0,3.0,7.0,6.0,1.0,1.0,18.0,0.0,1.0,233.0,25.0,46.0,60.0,99.0,26.0,68.0,4.0,12.0,49.0,8.0,39.0,74.0,8.0,22.0,12.0,16.0,11.0,20.0,20.0,12.0,51.0,36.0,0.0,3.0,0.1826,1.0,,0.0,15.0,,1.0,1.0,
15408501,2026-03-16,20:00:00,Brentford,Wolverhampton,True,2,2,50.0,2.56,5.0,10.0,2.0,1.0,12.0,438.0,15.0,10.0,2.0,3.0,1.0,7.0,0.0,9.0,1.0,2.0,3.0,23.0,2.0,0.0,336.0,16.0,49.0,63.0,105.0,24.0,60.0,7.0,14.0,58.0,4.0,28.0,53.0,20.0,30.0,3.0,7.0,10.0,15.0,15.0,11.0,52.0,25.0,,2.0,-0.7632,,1.0,0.0,7.0,,2.0,0.0,
15408501,2026-03-16,20:00:00,Wolverhampton,Brentford,False,2,2,50.0,1.33,3.0,13.0,1.0,5.0,10.0,428.0,8.0,12.0,4.0,4.0,2.0,6.0,3.0,9.0,4.0,1.0,2.0,28.0,1.0,2.0,346.0,26.0,51.0,74.0,103.0,30.0,62.0,7.0,27.0,42.0,5.0,25.0,53.0,10.0,30.0,6.0,16.0,7.0,8.0,8.0,8.0,44.0,27.0,,1.0,-0.1653,,1.0,2.0,13.0,,0.0,1.0,
14025018,2026-02-18,20:00:00,Wolverhampton,Arsenal,True,2,2,43.0,0.29,1.0,5.0,2.0,1.0,6.0,361.0,26.0,8.0,2.0,2.0,0.0,3.0,0.0,2.0,3.0,1.0,1.0,10.0,,1.0,269.0,31.0,45.0,52.0,83.0,24.0,59.0,3.0,14.0,43.0,13.0,36.0,75.0,15.0,43.0,2.0,9.0,14.0,26.0,26.0,8.0,49.0,18.0,0.0,2.0,-0.739,,2.0,1.0,9.0,,0.0,1.0,
14025018,2026-02-18,20:00:00,Arsenal,Wolverhampton,False,2,2,57.0,1.6,3.0,10.0,0.0,3.0,8.0,486.0,20.0,6.0,1.0,4.0,0.0,4.0,2.0,9.0,1.0,2.0,1.0,31.0,,3.0,395.0,16.0,81.0,129.0,171.0,12.0,49.0,6.0,21.0,57.0,17.0,39.0,75.0,28.0,43.0,14.0,23.0,12.0,20.0,20.0,13.0,60.0,25.0,1.0,0.0,-0.8628,,0.0,0.0,4.0,,2.0,0.0,
14023997,2026-03-20,20:00:00,Bournemouth,Manchester United,True,2,2,55.0,1.8,2.0,16.0,4.0,6.0,10.0,502.0,13.0,8.0,2.0,5.0,1.0,7.0,4.0,6.0,10.0,1.0,1.0,23.0,3.0,2.0,426.0,15.0,72.0,121.0,164.0,19.0,40.0,2.0,22.0,47.0,7.0,29.0,57.0,13.0,32.0,7.0,16.0,8.0,13.0,13.0,9.0,63.0,24.0,,4.0,-0.6313,1.0,1.0,0.0,4.0,0.0,0.0,,
14023997,2026-03-20,20:00:00,Manchester United,Bournemouth,False,2,2,45.0,1.77,2.0,14.0,3.0,8.0,9.0,415.0,16.0,9.0,2.0,5.0,0.0,2.0,7.0,8.0,6.0,1.0,1.0,27.0,2.0,0.0,320.0,12.0,44.0,78.0,113.0,20.0,49.0,3.0,15.0,53.0,8.0,28.0,57.0,19.0,32.0,3.0,8.0,10.0,16.0,16.0,12.0,54.0,30.0,,3.0,-0.5395,1.0,3.0,1.0,11.0,1.0,2.0,,
14024015,2026-03-21,12:45:00,Brighton & Hove Albion,Liverpool FC,True,2,1,47.0,2.17,5.0,16.0,4.0,4.0,11.0,380.0,11.0,11.0,5.0,7.0,0.0,7.0,2.0,11.0,5.0,2.0,3.0,32.0,2.0,2.0,297.0,22.0,58.0,91.0,132.0,23.0,49.0,6.0,16.0,46.0,5.0,28.0,61.0,8.0,18.0,6.0,13.0,6.0,11.0,11.0,7.0,47.0,25.0,1.0,4.0,0.0119,2.0,1.0,1.0,9.0,,1.0,1.0,
14024015,2026-03-21,12:45:00,Liverpool FC,Brighton & Hove Albion,False,1,2,53.0,1.03,1.0,12.0,4.0,8.0,11.0,431.0,12.0,11.0,5.0,5.0,0.0,4.0,3.0,10.0,2.0,1.0,0.0,29.0,3.0,1.0,346.0,30.0,46.0,100.0,132.0,24.0,61.0,5.0,18.0,54.0,3.0,33.0,61.0,10.0,18.0,10.0,18.0,6.0,12.0,12.0,12.0,39.0,30.0,0.0,4.0,0.4538,2.0,0.0,0.0,11.0,,0.0,0.0,
14024016,2026-03-21,15:00:00,Fulham,Burnley,True,3,1,56.0,3.15,4.0,22.0,4.0,6.0,6.0,518.0,18.0,8.0,2.0,6.0,0.0,10.0,6.0,17.0,5.0,2.0,2.0,42.0,2.0,1.0,442.0,19.0,68.0,130.0,168.0,30.0,55.0,5.0,22.0,59.0,8.0,30.0,51.0,19.0,32.0,3.0,8.0,13.0,18.0,18.0,6.0,57.0,25.0,0.0,4.0,0.174,1.0,0.0,,4.0,0.0,1.0,,
14024016,2026-03-21,15:00:00,Burnley,Fulham,False,1,3,44.0,1.24,4.0,9.0,3.0,6.0,9.0,413.0,13.0,6.0,2.0,5.0,0.0,1.0,3.0,6.0,3.0,1.0,3.0,16.0,2.0,0.0,343.0,12.0,57.0,72.0,107.0,36.0,70.0,4.0,18.0,41.0,13.0,21.0,51.0,13.0,32.0,3.0,8.0,6.0,13.0,13.0,7.0,49.0,24.0,1.0,3.0,0.1582,0.0,4.0,,15.0,1.0,0.0,,
14024017,2026-03-21,17:30:00,Everton,Chelsea,True,3,0,36.0,1.18,2.0,10.0,4.0,3.0,6.0,392.0,22.0,7.0,0.0,9.0,0.0,0.0,1.0,9.0,1.0,1.0,1.0,25.0,2.0,,318.0,16.0,43.0,76.0,106.0,20.0,53.0,6.0,18.0,53.0,11.0,36.0,66.0,13.0,27.0,8.0,12.0,11.0,22.0,22.0,7.0,47.0,29.0,0.0,4.0,1.0671,2.0,,1.0,8.0,,1.0,1.0,
14024017,2026-03-21,17:30:00,Chelsea,Everton,False,0,3,64.0,0.93,2.0,12.0,5.0,9.0,7.0,690.0,15.0,6.0,2.0,4.0,1.0,4.0,4.0,9.0,3.0,0.0,2.0,32.0,1.0,,617.0,15.0,65.0,160.0,198.0,15.0,32.0,1.0,24.0,47.0,13.0,30.0,66.0,14.0,27.0,9.0,18.0,7.0,15.0,15.0,7.0,48.0,22.0,1.0,5.0,-0.9719,0.0,,1.0,1.0,,1.0,2.0,
14024018,2026-03-21,20:00:00,Leeds United,Brentford,True,0,0,57.0,0.52,,14.0,2.0,6.0,6.0,461.0,15.0,9.0,2.0,4.0,0.0,3.0,7.0,6.0,8.0,,,33.0,1.0,1.0,369.0,23.0,55.0,111.0,150.0,26.0,50.0,5.0,32.0,52.0,4.0,29.0,52.0,39.0,80.0,5.0,12.0,6.0,15.0,15.0,8.0,53.0,38.0,,2.0,0.1875,,,0.0,9.0,,2.0,0.0,
14024018,2026-03-21,20:00:00,Brentford,Leeds United,False,0,0,43.0,0.46,,6.0,4.0,2.0,9.0,358.0,11.0,6.0,0.0,2.0,0.0,3.0,1.0,4.0,2.0,,,19.0,1.0,3.0,234.0,26.0,56.0,31.0,84.0,16.0,83.0,5.0,13.0,48.0,7.0,23.0,52.0,41.0,80.0,7.0,15.0,8.0,11.0,11.0,7.0,57.0,47.0,,4.0,0.7239,,,2.0,12.0,,0.0,1.0,
14024021,2026-03-22,12:00:00,Newcastle United,Sunderland,True,1,2,60.0,1.29,1.0,16.0,4.0,9.0,8.0,403.0,13.0,19.0,1.0,4.0,1.0,8.0,4.0,8.0,8.0,1.0,0.0,22.0,3.0,1.0,328.0,19.0,49.0,72.0,108.0,19.0,57.0,7.0,23.0,56.0,7.0,36.0,64.0,17.0,30.0,4.0,14.0,9.0,13.0,13.0,6.0,45.0,38.0,0.0,4.0,0.5376,2.0,1.0,1.0,7.0,,,,
14024021,2026-03-22,12:00:00,Sunderland,Newcastle United,False,2,1,40.0,2.44,3.0,17.0,3.0,5.0,19.0,262.0,17.0,8.0,6.0,7.0,0.0,5.0,5.0,11.0,6.0,2.0,1.0,30.0,0.0,0.0,187.0,17.0,43.0,59.0,90.0,13.0,53.0,6.0,23.0,44.0,6.0,28.0,64.0,13.0,30.0,5.0,12.0,14.0,17.0,17.0,4.0,39.0,32.0,1.0,3.0,-0.4563,0.0,0.0,0.0,12.0,,,,
14024014,2026-03-22,14:15:00,Aston Villa,West Ham United,True,2,0,59.0,1.69,3.0,23.0,1.0,6.0,3.0,507.0,18.0,7.0,0.0,7.0,0.0,9.0,7.0,12.0,11.0,1.0,2.0,35.0,2.0,0.0,452.0,20.0,64.0,126.0,150.0,22.0,39.0,5.0,17.0,54.0,8.0,31.0,56.0,14.0,28.0,6.0,11.0,13.0,18.0,18.0,4.0,38.0,17.0,0.0,1.0,0.156,0.0,1.0,0.0,10.0,,1.0,1.0,
14024014,2026-03-22,14:15:00,West Ham United,Aston Villa,False,0,2,41.0,0.85,1.0,9.0,4.0,6.0,7.0,342.0,13.0,3.0,1.0,1.0,0.0,3.0,5.0,8.0,1.0,0.0,1.0,19.0,0.0,4.0,283.0,14.0,35.0,49.0,73.0,23.0,49.0,6.0,19.0,46.0,12.0,25.0,56.0,14.0,28.0,9.0,15.0,8.0,13.0,13.0,10.0,37.0,21.0,1.0,4.0,-0.5779,1.0,1.0,1.0,12.0,,0.0,1.0,
14024020,2026-03-22,14:15:00,Tottenham Hotspur,Nottingham Forest,True,0,3,59.0,1.25,3.0,14.0,4.0,13.0,13.0,459.0,19.0,13.0,1.0,3.0,1.0,5.0,6.0,7.0,7.0,0.0,3.0,27.0,2.0,2.0,365.0,16.0,61.0,98.0,150.0,14.0,42.0,6.0,31.0,56.0,10.0,44.0,83.0,28.0,46.0,13.0,24.0,11.0,19.0,19.0,7.0,48.0,14.0,,4.0,-0.8278,1.0,,0.0,5.0,,,,
14024020,2026-03-22,14:15:00,Nottingham Forest,Tottenham Hotspur,False,3,0,41.0,1.34,3.0,8.0,3.0,3.0,13.0,336.0,21.0,13.0,2.0,7.0,0.0,0.0,1.0,6.0,2.0,2.0,1.0,16.0,1.0,0.0,252.0,12.0,48.0,57.0,91.0,21.0,68.0,3.0,11.0,44.0,10.0,39.0,83.0,18.0,46.0,6.0,15.0,14.0,21.0,21.0,9.0,39.0,40.0,,3.0,1.2249,1.0,,1.0,11.0,,,,
15999228,2026-05-13,19:00:00,Manchester City,Crystal Palace,True,3,0,73.0,1.66,3.0,15.0,2.0,9.0,10.0,743.0,11.0,7.0,0.0,4.0,0.0,8.0,3.0,10.0,5.0,3.0,,40.0,1.0,0.0,662.0,19.0,73.0,223.0,278.0,21.0,43.0,4.0,18.0,43.0,16.0,27.0,64.0,8.0,18.0,11.0,23.0,5.0,11.0,11.0,7.0,42.0,6.0,,2.0,0.2892,1.0,2.0,,6.0,,2.0,1.0,
15999228,2026-05-13,19:00:00,Crystal Palace,Manchester City,False,0,3,27.0,0.73,0.0,6.0,1.0,4.0,7.0,281.0,28.0,10.0,2.0,2.0,0.0,2.0,2.0,6.0,0.0,0.0,,9.0,0.0,4.0,216.0,13.0,24.0,15.0,36.0,18.0,49.0,2.0,7.0,57.0,6.0,37.0,64.0,10.0,18.0,0.0,5.0,14.0,28.0,28.0,5.0,42.0,40.0,,1.0,-1.0125,0.0,0.0,,8.0,,0.0,1.0,
14025029,2026-04-10,19:00:00,West Ham United,Wolverhampton,True,4,0,44.0,2.35,6.0,18.0,4.0,5.0,11.0,355.0,23.0,7.0,2.0,7.0,1.0,7.0,4.0,14.0,4.0,3.0,3.0,24.0,0.0,0.0,288.0,25.0,53.0,59.0,95.0,28.0,60.0,4.0,17.0,50.0,9.0,35.0,72.0,14.0,26.0,5.0,13.0,9.0,23.0,23.0,5.0,47.0,21.0,0.0,4.0,0.4503,0.0,0.0,0.0,10.0,,3.0,2.0,
14025029,2026-04-10,19:00:00,Wolverhampton,West Ham United,False,0,4,56.0,0.59,0.0,14.0,3.0,2.0,7.0,456.0,17.0,11.0,2.0,3.0,1.0,8.0,3.0,9.0,5.0,0.0,0.0,22.0,5.0,1.0,393.0,25.0,40.0,71.0,98.0,8.0,26.0,3.0,17.0,50.0,13.0,37.0,72.0,12.0,26.0,10.0,20.0,10.0,17.0,17.0,8.0,43.0,19.0,2.0,3.0,-0.5509,1.0,2.0,1.0,9.0,,0.0,3.0,
14025021,2026-04-11,11:30:00,Arsenal,Bournemouth,True,1,2,52.0,2.32,5.0,15.0,1.0,10.0,12.0,389.0,17.0,17.0,1.0,3.0,0.0,4.0,8.0,10.0,5.0,1.0,4.0,33.0,6.0,2.0,314.0,30.0,47.0,84.0,119.0,21.0,47.0,5.0,22.0,49.0,9.0,43.0,82.0,13.0,32.0,9.0,20.0,11.0,17.0,17.0,7.0,41.0,23.0,,1.0,-0.5867,,2.0,0.0,9.0,,,,
14025021,2026-04-11,11:30:00,Bournemouth,Arsenal,False,2,1,48.0,1.19,2.0,8.0,2.0,1.0,18.0,367.0,20.0,12.0,3.0,3.0,0.0,3.0,2.0,5.0,3.0,2.0,0.0,18.0,2.0,0.0,292.0,20.0,50.0,56.0,87.0,13.0,51.0,1.0,8.0,51.0,7.0,39.0,82.0,19.0,32.0,8.0,18.0,11.0,20.0,20.0,9.0,46.0,28.0,,2.0,0.0805,,1.0,3.0,11.0,,,,
14025022,2026-04-11,14:00:00,Brentford,Everton,True,2,2,55.0,2.84,4.0,17.0,4.0,2.0,6.0,457.0,15.0,6.0,0.0,4.0,2.0,7.0,6.0,12.0,5.0,1.0,3.0,35.0,2.0,0.0,380.0,18.0,70.0,93.0,135.0,38.0,72.0,9.0,22.0,53.0,9.0,30.0,54.0,16.0,33.0,8.0,15.0,8.0,15.0,15.0,8.0,57.0,30.0,1.0,4.0,0.1859,2.0,1.0,2.0,9.0,,1.0,2.0,
14025022,2026-04-11,14:00:00,Everton,Brentford,False,2,2,45.0,1.53,2.0,14.0,2.0,3.0,7.0,376.0,16.0,6.0,2.0,7.0,0.0,3.0,4.0,9.0,5.0,1.0,1.0,22.0,0.0,1.0,304.0,22.0,54.0,85.0,126.0,14.0,41.0,2.0,20.0,47.0,13.0,24.0,54.0,17.0,33.0,2.0,4.0,9.0,16.0,16.0,7.0,49.0,44.0,0.0,2.0,-0.3686,2.0,1.0,0.0,10.0,,0.0,0.0,
14024002,2026-04-11,14:00:00,Burnley,Brighton & Hove Albion,True,0,2,50.0,0.88,1.0,10.0,3.0,8.0,7.0,475.0,11.0,11.0,2.0,5.0,0.0,3.0,2.0,8.0,2.0,,1.0,15.0,1.0,2.0,387.0,27.0,51.0,73.0,103.0,28.0,61.0,6.0,22.0,46.0,15.0,33.0,76.0,12.0,21.0,12.0,26.0,6.0,11.0,11.0,10.0,55.0,25.0,1.0,3.0,0.5025,1.0,0.0,,9.0,,,1.0,
14024002,2026-04-11,14:00:00,Brighton & Hove Albion,Burnley,False,2,0,50.0,1.93,1.0,13.0,4.0,2.0,11.0,477.0,29.0,7.0,1.0,6.0,0.0,3.0,4.0,9.0,4.0,,1.0,39.0,2.0,1.0,397.0,11.0,55.0,87.0,133.0,19.0,46.0,8.0,16.0,54.0,7.0,43.0,76.0,9.0,21.0,7.0,11.0,19.0,29.0,29.0,18.0,61.0,26.0,0.0,4.0,1.092,1.0,1.0,,6.0,,,0.0,
14024000,2026-04-11,16:30:00,Liverpool FC,Fulham,True,2,0,53.0,1.59,4.0,18.0,4.0,6.0,10.0,510.0,17.0,4.0,,5.0,0.0,7.0,6.0,14.0,4.0,,4.0,47.0,0.0,4.0,447.0,26.0,45.0,139.0,168.0,29.0,52.0,2.0,17.0,41.0,10.0,26.0,61.0,8.0,22.0,5.0,15.0,11.0,17.0,17.0,7.0,44.0,26.0,,4.0,0.2753,1.0,1.0,1.0,8.0,,1.0,,
14024000,2026-04-11,16:30:00,Fulham,Liverpool FC,False,0,2,47.0,1.04,2.0,19.0,3.0,9.0,4.0,435.0,20.0,10.0,,4.0,0.0,7.0,8.0,13.0,6.0,,2.0,42.0,1.0,2.0,371.0,18.0,44.0,102.0,129.0,24.0,40.0,11.0,30.0,59.0,9.0,35.0,61.0,14.0,22.0,6.0,14.0,11.0,20.0,20.0,15.0,41.0,28.0,,3.0,-0.3829,0.0,1.0,0.0,6.0,,0.0,,
14023999,2026-04-12,13:00:00,Crystal Palace,Newcastle United,True,2,1,41.0,2.56,4.0,11.0,2.0,2.0,17.0,380.0,21.0,11.0,0.0,5.0,1.0,3.0,3.0,9.0,2.0,2.0,2.0,21.0,2.0,1.0,303.0,20.0,60.0,72.0,99.0,23.0,60.0,5.0,14.0,51.0,3.0,33.0,63.0,16.0,34.0,1.0,4.0,13.0,21.0,21.0,12.0,64.0,41.0,1.0,2.0,0.2255,,0.0,1.0,2.0,,1.0,1.0,
14023999,2026-04-12,13:00:00,Newcastle United,Crystal Palace,False,1,2,59.0,1.13,2.0,7.0,3.0,4.0,12.0,542.0,6.0,17.0,3.0,3.0,0.0,1.0,3.0,5.0,2.0,1.0,1.0,14.0,3.0,0.0,437.0,28.0,64.0,100.0,159.0,20.0,54.0,1.0,20.0,49.0,12.0,30.0,63.0,18.0,34.0,8.0,17.0,4.0,6.0,6.0,12.0,52.0,16.0,0.0,3.0,1.2208,,1.0,0.0,8.0,,0.0,0.0,
14025025,2026-04-12,13:00:00,Nottingham Forest,Aston Villa,True,1,1,41.0,1.15,1.0,15.0,5.0,7.0,15.0,336.0,15.0,10.0,2.0,4.0,0.0,6.0,5.0,9.0,6.0,,1.0,35.0,,1.0,278.0,5.0,41.0,84.0,111.0,19.0,39.0,6.0,22.0,47.0,9.0,28.0,66.0,15.0,25.0,5.0,11.0,12.0,15.0,15.0,9.0,43.0,21.0,,5.0,-0.2186,2.0,0.0,,8.0,,,,
14025025,2026-04-12,13:00:00,Aston Villa,Nottingham Forest,False,1,1,59.0,1.02,3.0,12.0,4.0,3.0,10.0,501.0,15.0,15.0,2.0,5.0,1.0,7.0,1.0,8.0,4.0,,3.0,22.0,,2.0,442.0,15.0,50.0,107.0,128.0,21.0,43.0,3.0,14.0,53.0,9.0,38.0,66.0,10.0,25.0,10.0,16.0,6.0,15.0,15.0,8.0,45.0,12.0,,4.0,-0.4742,2.0,1.0,,10.0,,,,
14025026,2026-04-12,13:00:00,Sunderland,Tottenham Hotspur,True,1,0,52.0,1.33,3.0,13.0,7.0,2.0,14.0,403.0,22.0,15.0,3.0,2.0,0.0,8.0,3.0,8.0,5.0,,3.0,20.0,5.0,,318.0,12.0,63.0,77.0,120.0,19.0,50.0,6.0,18.0,54.0,6.0,43.0,71.0,7.0,22.0,8.0,12.0,13.0,22.0,22.0,9.0,50.0,22.0,,7.0,1.82,1.0,,0.0,9.0,,0.0,,
14025026,2026-04-12,13:00:00,Tottenham Hotspur,Sunderland,False,0,1,48.0,0.84,1.0,11.0,1.0,6.0,15.0,365.0,10.0,14.0,3.0,7.0,0.0,3.0,1.0,10.0,1.0,,1.0,25.0,2.0,,301.0,16.0,39.0,53.0,76.0,22.0,46.0,8.0,24.0,46.0,11.0,28.0,71.0,15.0,22.0,5.0,16.0,5.0,10.0,10.0,8.0,41.0,28.0,,1.0,-0.39,0.0,,1.0,13.0,,1.0,,
14023998,2026-04-12,15:30:00,Chelsea,Manchester City,True,0,3,37.0,1.14,1.0,12.0,5.0,4.0,10.0,407.0,21.0,15.0,3.0,3.0,0.0,4.0,5.0,7.0,5.0,0.0,1.0,15.0,3.0,6.0,342.0,12.0,42.0,77.0,100.0,12.0,35.0,4.0,9.0,47.0,12.0,42.0,83.0,3.0,12.0,7.0,15.0,10.0,21.0,21.0,5.0,46.0,21.0,1.0,5.0,0.4995,1.0,0.0,0.0,7.0,,1.0,,
14023998,2026-04-12,15:30:00,Manchester City,Chelsea,False,3,0,63.0,2.29,3.0,18.0,3.0,12.0,15.0,685.0,20.0,10.0,1.0,8.0,0.0,4.0,6.0,14.0,4.0,3.0,0.0,47.0,2.0,0.0,627.0,13.0,70.0,210.0,243.0,20.0,29.0,6.0,22.0,53.0,7.0,41.0,83.0,9.0,12.0,11.0,25.0,8.0,20.0,20.0,8.0,46.0,10.0,0.0,3.0,1.1422,2.0,1.0,1.0,6.0,,1.0,,
14025024,2026-04-13,19:00:00,Manchester United,Leeds United,True,1,2,53.0,1.27,1.0,20.0,3.0,11.0,12.0,497.0,18.0,15.0,3.0,9.0,0.0,5.0,6.0,15.0,5.0,1.0,0.0,36.0,1.0,1.0,420.0,17.0,53.0,104.0,136.0,29.0,47.0,6.0,25.0,58.0,8.0,38.0,70.0,24.0,37.0,7.0,11.0,13.0,18.0,18.0,15.0,43.0,25.0,,3.0,-0.5621,0.0,0.0,0.0,8.0,1.0,,3.0,
14025024,2026-04-13,19:00:00,Leeds United,Manchester United,False,2,1,47.0,2.57,4.0,15.0,6.0,4.0,15.0,453.0,12.0,12.0,2.0,6.0,0.0,4.0,5.0,11.0,4.0,0.0,4.0,32.0,2.0,0.0,376.0,15.0,59.0,99.0,136.0,31.0,58.0,8.0,17.0,42.0,10.0,32.0,70.0,13.0,37.0,9.0,17.0,8.0,12.0,12.0,7.0,45.0,37.0,,6.0,0.8,2.0,1.0,2.0,10.0,0.0,,0.0,
14025031,2026-04-18,11:30:00,Brentford,Fulham,True,0,0,48.0,1.43,4.0,13.0,0.0,9.0,8.0,391.0,12.0,13.0,0.0,4.0,0.0,6.0,3.0,12.0,1.0,,4.0,22.0,2.0,1.0,310.0,19.0,58.0,58.0,95.0,16.0,60.0,8.0,22.0,51.0,5.0,30.0,56.0,18.0,38.0,7.0,15.0,7.0,12.0,12.0,3.0,45.0,15.0,,0.0,0.0,0.0,2.0,0.0,9.0,,0.0,1.0,
14025031,2026-04-18,11:30:00,Fulham,Brentford,False,0,0,52.0,0.77,1.0,11.0,4.0,3.0,13.0,435.0,13.0,8.0,1.0,0.0,0.0,5.0,6.0,8.0,3.0,,1.0,20.0,1.0,1.0,355.0,20.0,41.0,64.0,95.0,16.0,50.0,2.0,13.0,49.0,7.0,26.0,56.0,20.0,38.0,5.0,10.0,10.0,13.0,13.0,5.0,37.0,22.0,,4.0,0.2715,1.0,1.0,2.0,14.0,,2.0,1.0,
14025036,2026-04-18,14:00:00,Leeds United,Wolverhampton,True,3,0,56.0,2.82,7.0,17.0,1.0,5.0,9.0,465.0,12.0,16.0,2.0,6.0,0.0,7.0,4.0,15.0,2.0,3.0,4.0,29.0,4.0,0.0,378.0,31.0,51.0,56.0,87.0,24.0,49.0,4.0,17.0,45.0,17.0,32.0,69.0,11.0,27.0,5.0,11.0,6.0,12.0,12.0,15.0,38.0,22.0,0.0,1.0,0.2952,1.0,1.0,0.0,3.0,,,,
14025036,2026-04-18,14:00:00,Wolverhampton,Leeds United,False,0,3,44.0,0.57,2.0,7.0,3.0,6.0,17.0,357.0,23.0,9.0,1.0,2.0,0.0,2.0,3.0,7.0,0.0,0.0,2.0,19.0,1.0,1.0,264.0,16.0,48.0,55.0,91.0,29.0,72.0,4.0,18.0,55.0,6.0,37.0,69.0,16.0,27.0,5.0,11.0,13.0,23.0,23.0,4.0,39.0,35.0,1.0,3.0,-0.4926,0.0,1.0,1.0,9.0,,,,
14025040,2026-04-18,14:00:00,Newcastle United,Bournemouth,True,1,2,54.0,1.59,2.0,12.0,1.0,2.0,11.0,436.0,15.0,12.0,2.0,3.0,0.0,4.0,5.0,11.0,1.0,1.0,1.0,41.0,2.0,1.0,346.0,22.0,66.0,108.0,160.0,22.0,57.0,5.0,19.0,46.0,13.0,34.0,77.0,24.0,48.0,7.0,19.0,8.0,15.0,15.0,2.0,43.0,25.0,,1.0,0.0121,,0.0,1.0,12.0,,0.0,,
14025040,2026-04-18,14:00:00,Bournemouth,Newcastle United,False,2,1,46.0,2.99,4.0,12.0,2.0,3.0,12.0,386.0,25.0,11.0,4.0,3.0,0.0,6.0,3.0,7.0,5.0,2.0,2.0,23.0,0.0,1.0,288.0,18.0,56.0,61.0,102.0,17.0,61.0,4.0,12.0,54.0,5.0,43.0,77.0,24.0,48.0,7.0,17.0,14.0,25.0,25.0,6.0,52.0,27.0,,2.0,0.124,,1.0,0.0,11.0,,2.0,,
14025042,2026-04-18,16:30:00,Tottenham Hotspur,Brighton & Hove Albion,True,2,2,42.0,1.09,3.0,13.0,1.0,7.0,14.0,328.0,14.0,14.0,3.0,6.0,1.0,4.0,3.0,10.0,3.0,1.0,2.0,32.0,1.0,2.0,263.0,15.0,34.0,51.0,76.0,12.0,42.0,3.0,14.0,49.0,6.0,40.0,73.0,13.0,36.0,13.0,21.0,10.0,14.0,14.0,11.0,40.0,32.0,1.0,1.0,-0.9412,1.0,,1.0,7.0,,,,
14025042,2026-04-18,16:30:00,Brighton & Hove Albion,Tottenham Hotspur,False,2,2,58.0,0.82,2.0,10.0,4.0,5.0,14.0,435.0,14.0,14.0,1.0,3.0,1.0,4.0,3.0,8.0,2.0,0.0,2.0,30.0,2.0,0.0,364.0,20.0,59.0,96.0,134.0,14.0,35.0,8.0,28.0,51.0,10.0,33.0,73.0,23.0,36.0,5.0,9.0,7.0,14.0,14.0,8.0,40.0,28.0,2.0,4.0,-0.3973,0.0,,1.0,6.0,,,,
14025032,2026-04-18,19:00:00,Chelsea,Manchester United,True,0,1,59.0,1.57,0.0,21.0,1.0,7.0,12.0,605.0,10.0,13.0,1.0,3.0,3.0,5.0,13.0,11.0,10.0,0.0,,40.0,5.0,2.0,541.0,10.0,75.0,134.0,171.0,30.0,51.0,8.0,28.0,46.0,9.0,26.0,55.0,6.0,15.0,5.0,12.0,6.0,10.0,10.0,10.0,49.0,14.0,,1.0,-0.2069,1.0,,,5.0,,1.0,1.0,
14025032,2026-04-18,19:00:00,Manchester United,Chelsea,False,1,0,41.0,0.29,1.0,4.0,3.0,1.0,13.0,431.0,16.0,12.0,3.0,1.0,0.0,1.0,2.0,1.0,3.0,1.0,,10.0,1.0,0.0,362.0,14.0,36.0,65.0,87.0,15.0,40.0,1.0,11.0,54.0,5.0,29.0,55.0,9.0,15.0,2.0,7.0,11.0,16.0,16.0,6.0,36.0,29.0,,3.0,0.704,0.0,,,8.0,,0.0,2.0,
14025030,2026-04-19,13:00:00,Aston Villa,Sunderland,True,4,3,50.0,2.84,7.0,15.0,4.0,4.0,11.0,403.0,10.0,11.0,1.0,7.0,1.0,5.0,3.0,10.0,5.0,4.0,3.0,26.0,3.0,0.0,341.0,13.0,41.0,81.0,112.0,31.0,52.0,6.0,16.0,49.0,8.0,27.0,55.0,11.0,23.0,6.0,12.0,6.0,10.0,10.0,5.0,46.0,20.0,1.0,4.0,-0.0684,,1.0,,8.0,,0.0,1.0,
14025030,2026-04-19,13:00:00,Sunderland,Aston Villa,False,3,4,50.0,1.73,3.0,10.0,3.0,5.0,11.0,406.0,14.0,11.0,3.0,7.0,0.0,2.0,1.0,8.0,2.0,2.0,1.0,16.0,2.0,3.0,340.0,14.0,48.0,70.0,102.0,13.0,41.0,4.0,16.0,51.0,6.0,28.0,55.0,12.0,23.0,5.0,9.0,9.0,14.0,14.0,7.0,49.0,23.0,1.0,3.0,-0.4406,,0.0,,4.0,,2.0,1.0,
14025035,2026-04-19,13:00:00,Everton,Liverpool FC,True,1,2,44.0,0.79,2.0,10.0,3.0,1.0,8.0,377.0,29.0,12.0,2.0,4.0,0.0,5.0,1.0,7.0,3.0,1.0,1.0,20.0,1.0,4.0,288.0,18.0,64.0,65.0,113.0,25.0,65.0,4.0,16.0,63.0,6.0,44.0,67.0,19.0,33.0,4.0,10.0,18.0,29.0,29.0,10.0,54.0,28.0,1.0,3.0,-0.5425,0.0,0.0,,5.0,,0.0,1.0,
14025035,2026-04-19,13:00:00,Liverpool FC,Everton,False,2,1,56.0,1.45,2.0,14.0,3.0,6.0,12.0,498.0,12.0,8.0,0.0,6.0,0.0,4.0,4.0,7.0,7.0,2.0,0.0,18.0,0.0,0.0,413.0,21.0,61.0,89.0,128.0,15.0,55.0,2.0,10.0,37.0,20.0,23.0,67.0,14.0,33.0,5.0,14.0,8.0,12.0,12.0,10.0,50.0,25.0,0.0,3.0,0.5576,1.0,1.0,,7.0,,3.0,0.0,
14025041,2026-04-19,13:00:00,Nottingham Forest,Burnley,True,4,1,51.0,1.19,2.0,10.0,2.0,4.0,8.0,474.0,22.0,12.0,0.0,4.0,0.0,4.0,2.0,8.0,2.0,2.0,,24.0,3.0,2.0,389.0,29.0,60.0,69.0,111.0,21.0,53.0,5.0,20.0,55.0,14.0,43.0,74.0,11.0,24.0,9.0,17.0,8.0,22.0,22.0,5.0,51.0,17.0,1.0,2.0,0.293,2.0,1.0,0.0,1.0,,1.0,,
14025041,2026-04-19,13:00:00,Burnley,Nottingham Forest,False,1,4,49.0,0.36,1.0,4.0,1.0,4.0,12.0,453.0,22.0,8.0,2.0,3.0,0.0,0.0,1.0,3.0,1.0,1.0,,12.0,1.0,0.0,370.0,21.0,51.0,66.0,104.0,23.0,58.0,4.0,14.0,45.0,13.0,31.0,74.0,13.0,24.0,2.0,11.0,11.0,22.0,22.0,13.0,47.0,34.0,1.0,1.0,-2.3496,0.0,3.0,1.0,7.0,,0.0,,
14025039,2026-04-19,15:30:00,Manchester City,Arsenal,True,2,1,59.0,1.36,5.0,15.0,1.0,8.0,5.0,498.0,12.0,12.0,2.0,5.0,2.0,5.0,5.0,13.0,2.0,2.0,3.0,40.0,0.0,0.0,424.0,17.0,44.0,128.0,161.0,24.0,51.0,3.0,16.0,54.0,11.0,32.0,62.0,19.0,32.0,9.0,20.0,10.0,12.0,12.0,9.0,52.0,27.0,1.0,1.0,0.3167,,,1.0,9.0,,1.0,0.0,
14025039,2026-04-19,15:30:00,Arsenal,Manchester City,False,1,2,41.0,1.62,5.0,9.0,2.0,5.0,12.0,348.0,22.0,5.0,2.0,3.0,2.0,3.0,3.0,8.0,1.0,1.0,4.0,14.0,1.0,4.0,262.0,17.0,50.0,77.0,119.0,22.0,60.0,2.0,12.0,46.0,7.0,30.0,62.0,13.0,32.0,3.0,8.0,14.0,22.0,22.0,9.0,44.0,26.0,0.0,2.0,-0.6352,,,0.0,13.0,,2.0,2.0,
14025034,2026-04-20,19:00:00,Crystal Palace,West Ham United,True,0,0,54.0,0.73,1.0,9.0,3.0,4.0,13.0,454.0,13.0,12.0,2.0,1.0,0.0,7.0,1.0,5.0,4.0,,1.0,18.0,2.0,0.0,370.0,26.0,60.0,81.0,121.0,16.0,50.0,4.0,24.0,44.0,10.0,27.0,65.0,17.0,34.0,4.0,10.0,10.0,13.0,13.0,5.0,49.0,41.0,,3.0,0.1979,,1.0,2.0,7.0,,,,
14025034,2026-04-20,19:00:00,West Ham United,Crystal Palace,False,0,0,46.0,0.61,1.0,9.0,1.0,6.0,12.0,366.0,16.0,13.0,1.0,4.0,0.0,3.0,2.0,7.0,2.0,,1.0,28.0,2.0,2.0,271.0,17.0,54.0,72.0,121.0,19.0,60.0,4.0,30.0,56.0,6.0,38.0,65.0,17.0,34.0,10.0,17.0,13.0,16.0,16.0,6.0,54.0,30.0,,1.0,0.0491,,1.0,0.0,10.0,,,,
14024001,2026-04-21,19:00:00,Brighton & Hove Albion,Chelsea,True,3,0,53.0,2.14,5.0,15.0,0.0,6.0,15.0,532.0,14.0,6.0,1.0,9.0,0.0,4.0,2.0,13.0,2.0,3.0,2.0,31.0,1.0,0.0,456.0,17.0,58.0,110.0,155.0,21.0,55.0,3.0,23.0,49.0,3.0,25.0,55.0,15.0,26.0,5.0,9.0,8.0,14.0,14.0,8.0,46.0,20.0,0.0,0.0,0.0,0.0,2.0,,3.0,,0.0,0.0,
14024001,2026-04-21,19:00:00,Chelsea,Brighton & Hove Albion,False,0,3,47.0,0.37,0.0,6.0,4.0,5.0,6.0,475.0,7.0,15.0,1.0,0.0,0.0,2.0,4.0,3.0,3.0,0.0,0.0,15.0,0.0,4.0,400.0,19.0,44.0,73.0,101.0,15.0,43.0,2.0,12.0,51.0,7.0,30.0,55.0,11.0,26.0,8.0,15.0,3.0,7.0,7.0,8.0,37.0,25.0,1.0,4.0,0.2164,3.0,2.0,,9.0,,1.0,1.0,
14025044,2026-04-22,19:00:00,Bournemouth,Leeds United,True,2,2,60.0,1.65,4.0,17.0,2.0,12.0,6.0,473.0,10.0,10.0,3.0,7.0,1.0,5.0,5.0,12.0,5.0,2.0,2.0,45.0,0.0,1.0,378.0,27.0,71.0,123.0,183.0,26.0,62.0,11.0,32.0,46.0,13.0,30.0,66.0,24.0,52.0,11.0,20.0,6.0,10.0,10.0,13.0,47.0,24.0,,2.0,-1.0533,0.0,1.0,0.0,7.0,,1.0,1.0,
14025044,2026-04-22,19:00:00,Leeds United,Bournemouth,False,2,2,40.0,0.81,1.0,10.0,5.0,1.0,10.0,315.0,22.0,6.0,0.0,3.0,2.0,5.0,2.0,10.0,0.0,0.0,1.0,27.0,1.0,1.0,236.0,19.0,53.0,55.0,88.0,23.0,49.0,3.0,13.0,54.0,4.0,36.0,66.0,28.0,52.0,8.0,14.0,14.0,22.0,22.0,6.0,48.0,62.0,,5.0,0.0244,1.0,1.0,2.0,7.0,,0.0,1.0,
14024003,2026-04-22,19:00:00,Burnley,Manchester City,True,0,1,35.0,0.63,1.0,9.0,8.0,3.0,10.0,356.0,24.0,12.0,,1.0,0.0,4.0,4.0,6.0,3.0,0.0,1.0,21.0,0.0,4.0,281.0,10.0,28.0,28.0,53.0,18.0,61.0,2.0,9.0,54.0,8.0,41.0,73.0,8.0,18.0,6.0,9.0,13.0,24.0,24.0,12.0,50.0,29.0,,8.0,2.1608,1.0,,1.0,10.0,,0.0,0.0,
14024003,2026-04-22,19:00:00,Manchester City,Burnley,False,1,0,65.0,3.36,4.0,28.0,1.0,11.0,12.0,689.0,11.0,10.0,,9.0,2.0,9.0,10.0,19.0,9.0,1.0,3.0,73.0,2.0,1.0,620.0,16.0,59.0,217.0,264.0,9.0,24.0,1.0,12.0,46.0,8.0,32.0,73.0,10.0,18.0,11.0,27.0,10.0,11.0,11.0,13.0,52.0,17.0,,1.0,0.5111,1.0,,0.0,3.0,,2.0,1.0,
14023932,2026-04-24,19:00:00,Sunderland,Nottingham Forest,True,0,5,61.0,0.7,1.0,14.0,2.0,3.0,13.0,436.0,9.0,15.0,2.0,4.0,0.0,3.0,7.0,7.0,7.0,1.0,,34.0,4.0,1.0,358.0,21.0,72.0,113.0,159.0,20.0,51.0,4.0,22.0,50.0,5.0,33.0,64.0,17.0,36.0,9.0,19.0,8.0,9.0,9.0,8.0,35.0,20.0,1.0,2.0,-3.6679,2.0,1.0,,3.0,,,2.0,
14023932,2026-04-24,19:00:00,Nottingham Forest,Sunderland,False,5,0,39.0,1.1,3.0,10.0,4.0,6.0,15.0,273.0,15.0,13.0,5.0,6.0,0.0,2.0,2.0,6.0,4.0,3.0,,17.0,2.0,1.0,199.0,16.0,38.0,60.0,90.0,21.0,49.0,4.0,16.0,50.0,6.0,31.0,64.0,19.0,36.0,3.0,6.0,9.0,15.0,15.0,7.0,41.0,53.0,0.0,4.0,0.2753,1.0,1.0,,7.0,,,0.0,
14024004,2026-04-25,11:30:00,Fulham,Aston Villa,True,1,0,39.0,1.18,2.0,13.0,1.0,2.0,14.0,337.0,18.0,12.0,2.0,6.0,0.0,2.0,5.0,6.0,7.0,1.0,1.0,19.0,2.0,7.0,276.0,13.0,53.0,66.0,95.0,16.0,36.0,4.0,15.0,58.0,4.0,36.0,67.0,20.0,30.0,7.0,16.0,12.0,18.0,18.0,16.0,38.0,25.0,,1.0,0.0666,,1.0,2.0,17.0,,,0.0,
14024004,2026-04-25,11:30:00,Aston Villa,Fulham,False,0,1,61.0,0.93,1.0,10.0,5.0,5.0,12.0,529.0,13.0,14.0,2.0,1.0,0.0,8.0,1.0,6.0,4.0,0.0,1.0,16.0,1.0,0.0,456.0,23.0,58.0,93.0,128.0,24.0,44.0,1.0,18.0,42.0,14.0,31.0,67.0,10.0,30.0,6.0,10.0,10.0,13.0,13.0,6.0,39.0,9.0,,5.0,1.0149,,0.0,0.0,7.0,,,2.0,
14024005,2026-04-25,14:00:00,Liverpool FC,Crystal Palace,True,3,1,53.0,1.15,3.0,9.0,5.0,5.0,10.0,465.0,9.0,10.0,1.0,3.0,0.0,2.0,4.0,6.0,3.0,3.0,0.0,32.0,2.0,1.0,378.0,10.0,52.0,67.0,117.0,27.0,58.0,4.0,12.0,52.0,8.0,23.0,51.0,22.0,36.0,4.0,9.0,6.0,9.0,9.0,4.0,44.0,36.0,,5.0,0.4792,,,0.0,8.0,,1.0,2.0,
14024005,2026-04-25,14:00:00,Crystal Palace,Liverpool FC,False,1,3,47.0,2.26,5.0,14.0,0.0,8.0,10.0,400.0,13.0,10.0,3.0,7.0,2.0,6.0,1.0,11.0,3.0,0.0,5.0,25.0,0.0,4.0,326.0,16.0,52.0,43.0,89.0,24.0,55.0,6.0,18.0,48.0,5.0,28.0,51.0,14.0,36.0,6.0,10.0,10.0,13.0,13.0,9.0,38.0,29.0,,0.0,-1.0743,,,2.0,8.0,,1.0,1.0,
14023934,2026-04-25,14:00:00,West Ham United,Everton,True,2,1,44.0,1.17,3.0,10.0,1.0,3.0,9.0,374.0,22.0,11.0,3.0,3.0,0.0,4.0,3.0,9.0,1.0,2.0,1.0,23.0,2.0,1.0,301.0,16.0,56.0,83.0,119.0,18.0,57.0,4.0,12.0,50.0,6.0,44.0,80.0,15.0,37.0,12.0,23.0,14.0,22.0,22.0,10.0,43.0,27.0,,1.0,-0.5297,,1.0,1.0,8.0,,0.0,,
14023934,2026-04-25,14:00:00,Everton,West Ham United,False,1,2,56.0,1.45,1.0,11.0,1.0,4.0,11.0,477.0,17.0,9.0,4.0,3.0,1.0,3.0,5.0,8.0,3.0,0.0,1.0,28.0,1.0,2.0,397.0,23.0,58.0,105.0,141.0,24.0,51.0,1.0,19.0,50.0,15.0,36.0,80.0,22.0,37.0,10.0,17.0,10.0,17.0,17.0,6.0,39.0,21.0,,1.0,-0.1246,,2.0,0.0,9.0,,2.0,,
14024022,2026-04-25,14:00:00,Wolverhampton,Tottenham Hotspur,True,0,1,41.0,0.7,1.0,11.0,1.0,5.0,8.0,309.0,32.0,14.0,3.0,2.0,0.0,5.0,4.0,6.0,5.0,0.0,1.0,14.0,4.0,1.0,234.0,28.0,42.0,41.0,73.0,18.0,48.0,9.0,21.0,50.0,15.0,56.0,104.0,13.0,34.0,10.0,24.0,22.0,32.0,32.0,6.0,39.0,22.0,,1.0,0.0963,0.0,1.0,1.0,11.0,,,2.0,
14024022,2026-04-25,14:00:00,Tottenham Hotspur,Wolverhampton,False,1,0,59.0,0.92,2.0,11.0,2.0,5.0,14.0,468.0,29.0,8.0,4.0,2.0,0.0,7.0,2.0,6.0,5.0,1.0,1.0,24.0,1.0,2.0,401.0,16.0,73.0,99.0,139.0,36.0,56.0,1.0,16.0,50.0,16.0,48.0,104.0,21.0,34.0,12.0,28.0,19.0,29.0,29.0,15.0,47.0,23.0,,2.0,0.6004,2.0,1.0,0.0,8.0,,,1.0,
14025045,2026-04-25,16:30:00,Arsenal,Newcastle United,True,1,0,45.0,0.49,0.0,11.0,3.0,7.0,13.0,400.0,15.0,10.0,2.0,4.0,0.0,2.0,5.0,6.0,5.0,,0.0,27.0,3.0,2.0,323.0,11.0,54.0,103.0,142.0,13.0,47.0,2.0,13.0,45.0,7.0,28.0,57.0,10.0,28.0,5.0,12.0,9.0,15.0,15.0,10.0,43.0,24.0,,3.0,0.1023,0.0,2.0,,6.0,,0.0,1.0,
14025045,2026-04-25,16:30:00,Newcastle United,Arsenal,False,0,1,55.0,1.0,2.0,13.0,3.0,2.0,10.0,486.0,14.0,13.0,2.0,3.0,0.0,5.0,5.0,6.0,7.0,,2.0,20.0,4.0,1.0,415.0,11.0,63.0,109.0,138.0,18.0,48.0,4.0,18.0,55.0,7.0,29.0,57.0,18.0,28.0,3.0,11.0,7.0,14.0,14.0,12.0,43.0,21.0,,3.0,-0.1281,1.0,1.0,,8.0,,1.0,0.0,
14023926,2026-04-27,19:00:00,Manchester United,Brentford,True,2,1,45.0,1.36,4.0,11.0,5.0,7.0,6.0,414.0,29.0,9.0,2.0,6.0,0.0,5.0,0.0,7.0,4.0,2.0,2.0,21.0,0.0,1.0,340.0,10.0,42.0,70.0,98.0,29.0,54.0,3.0,15.0,68.0,7.0,45.0,68.0,23.0,32.0,7.0,9.0,15.0,29.0,29.0,8.0,48.0,45.0,,5.0,-0.0865,1.0,2.0,1.0,8.0,,1.0,1.0,
14023926,2026-04-27,19:00:00,Brentford,Manchester United,False,1,2,55.0,1.17,2.0,12.0,3.0,8.0,9.0,497.0,9.0,6.0,4.0,4.0,1.0,4.0,4.0,9.0,3.0,0.0,2.0,42.0,1.0,2.0,433.0,11.0,56.0,139.0,180.0,24.0,45.0,8.0,33.0,32.0,13.0,23.0,68.0,9.0,32.0,8.0,24.0,5.0,9.0,9.0,15.0,53.0,21.0,,3.0,-0.2149,0.0,0.0,0.0,5.0,,2.0,0.0,
14023940,2026-05-01,19:00:00,Leeds United,Burnley,True,3,1,48.0,1.64,2.0,18.0,2.0,5.0,12.0,452.0,10.0,12.0,4.0,8.0,0.0,5.0,5.0,11.0,7.0,2.0,,26.0,1.0,0.0,359.0,14.0,66.0,68.0,123.0,25.0,58.0,6.0,20.0,46.0,8.0,22.0,54.0,23.0,44.0,2.0,7.0,7.0,10.0,10.0,12.0,50.0,13.0,,2.0,-0.6349,0.0,,,4.0,,0.0,0.0,
14023940,2026-05-01,19:00:00,Burnley,Leeds United,False,1,3,52.0,0.57,0.0,9.0,5.0,0.0,12.0,508.0,13.0,12.0,3.0,3.0,0.0,2.0,4.0,5.0,4.0,0.0,,17.0,0.0,1.0,421.0,22.0,44.0,67.0,101.0,20.0,50.0,5.0,8.0,54.0,4.0,32.0,54.0,21.0,44.0,7.0,13.0,6.0,13.0,13.0,8.0,47.0,33.0,,5.0,-0.7039,1.0,,,7.0,,1.0,1.0,
14023945,2026-05-02,14:00:00,Brentford,West Ham United,True,3,0,48.0,2.27,4.0,14.0,4.0,2.0,8.0,333.0,19.0,11.0,1.0,6.0,1.0,5.0,3.0,7.0,7.0,1.0,3.0,23.0,3.0,0.0,263.0,19.0,46.0,65.0,94.0,22.0,50.0,5.0,13.0,50.0,7.0,37.0,73.0,19.0,39.0,7.0,25.0,12.0,19.0,19.0,5.0,42.0,20.0,,4.0,0.54,1.0,0.0,1.0,11.0,,,1.0,
14023945,2026-05-02,14:00:00,West Ham United,Brentford,False,0,3,52.0,0.92,1.0,13.0,4.0,6.0,12.0,348.0,25.0,8.0,3.0,4.0,4.0,9.0,0.0,8.0,5.0,0.0,1.0,23.0,1.0,1.0,269.0,23.0,60.0,81.0,120.0,26.0,56.0,7.0,21.0,50.0,9.0,36.0,73.0,20.0,39.0,5.0,15.0,15.0,25.0,25.0,8.0,41.0,19.0,,4.0,-1.5837,0.0,1.0,1.0,11.0,,,1.0,
14023949,2026-05-02,14:00:00,Newcastle United,Brighton & Hove Albion,True,3,1,32.0,3.16,5.0,13.0,3.0,2.0,10.0,237.0,11.0,12.0,3.0,6.0,0.0,6.0,1.0,12.0,1.0,2.0,3.0,24.0,2.0,1.0,164.0,13.0,24.0,35.0,56.0,18.0,46.0,5.0,13.0,60.0,6.0,31.0,56.0,22.0,32.0,9.0,14.0,9.0,11.0,11.0,6.0,46.0,44.0,0.0,3.0,-0.1045,1.0,1.0,1.0,14.0,,1.0,,
14023949,2026-05-02,14:00:00,Brighton & Hove Albion,Newcastle United,False,1,3,68.0,1.53,4.0,13.0,4.0,10.0,12.0,506.0,11.0,10.0,3.0,4.0,2.0,6.0,3.0,10.0,3.0,1.0,3.0,28.0,2.0,1.0,426.0,22.0,70.0,133.0,178.0,23.0,63.0,6.0,38.0,40.0,4.0,25.0,56.0,10.0,32.0,6.0,13.0,9.0,11.0,11.0,3.0,47.0,18.0,2.0,4.0,1.2116,0.0,2.0,1.0,9.0,,0.0,,
14023951,2026-05-02,14:00:00,Wolverhampton,Sunderland,True,1,1,58.0,1.72,3.0,20.0,1.0,6.0,11.0,438.0,12.0,11.0,0.0,7.0,0.0,8.0,5.0,13.0,7.0,1.0,2.0,42.0,3.0,1.0,377.0,14.0,41.0,99.0,128.0,23.0,40.0,12.0,29.0,51.0,13.0,29.0,62.0,24.0,41.0,6.0,10.0,5.0,12.0,12.0,6.0,48.0,28.0,,1.0,0.3913,0.0,1.0,,5.0,0.0,,2.0,
14023951,2026-05-02,14:00:00,Sunderland,Wolverhampton,False,1,1,42.0,0.66,1.0,10.0,6.0,3.0,11.0,327.0,17.0,11.0,4.0,2.0,0.0,3.0,5.0,8.0,2.0,1.0,0.0,18.0,3.0,0.0,249.0,16.0,60.0,94.0,139.0,30.0,59.0,3.0,16.0,49.0,6.0,33.0,62.0,17.0,41.0,5.0,11.0,10.0,17.0,17.0,9.0,44.0,23.0,,6.0,0.5544,1.0,1.0,,13.0,1.0,,1.0,
14023931,2026-05-02,16:30:00,Arsenal,Fulham,True,3,0,54.0,3.23,6.0,18.0,1.0,3.0,7.0,511.0,6.0,12.0,0.0,9.0,1.0,6.0,3.0,14.0,4.0,2.0,4.0,36.0,2.0,7.0,453.0,15.0,52.0,103.0,127.0,23.0,48.0,3.0,9.0,49.0,15.0,30.0,61.0,14.0,28.0,12.0,19.0,2.0,6.0,6.0,11.0,51.0,15.0,,1.0,0.0538,,0.0,0.0,8.0,,3.0,0.0,
14023931,2026-05-02,16:30:00,Fulham,Arsenal,False,0,3,46.0,0.37,1.0,10.0,6.0,4.0,12.0,433.0,22.0,7.0,1.0,1.0,0.0,3.0,6.0,5.0,5.0,0.0,1.0,12.0,2.0,0.0,359.0,12.0,43.0,72.0,96.0,13.0,40.0,1.0,12.0,51.0,5.0,31.0,61.0,14.0,28.0,3.0,4.0,16.0,22.0,22.0,5.0,45.0,20.0,,6.0,0.6589,,1.0,1.0,7.0,,1.0,2.0,
14024023,2026-05-03,13:00:00,Bournemouth,Crystal Palace,True,3,0,50.0,2.08,2.0,16.0,1.0,7.0,10.0,391.0,17.0,10.0,0.0,5.0,0.0,5.0,6.0,10.0,6.0,2.0,0.0,32.0,3.0,3.0,320.0,16.0,58.0,66.0,110.0,13.0,45.0,5.0,19.0,54.0,11.0,44.0,82.0,19.0,35.0,15.0,26.0,10.0,17.0,17.0,9.0,61.0,26.0,0.0,1.0,0.0466,0.0,2.0,0.0,8.0,,5.0,1.0,
14024023,2026-05-03,13:00:00,Crystal Palace,Bournemouth,False,0,3,50.0,0.89,1.0,7.0,3.0,1.0,11.0,405.0,22.0,10.0,2.0,1.0,1.0,5.0,1.0,6.0,1.0,0.0,1.0,21.0,2.0,0.0,314.0,18.0,50.0,64.0,107.0,24.0,66.0,3.0,11.0,46.0,10.0,38.0,82.0,16.0,35.0,6.0,14.0,9.0,22.0,22.0,4.0,52.0,31.0,1.0,3.0,-1.0657,1.0,1.0,1.0,9.0,,1.0,2.0,
14023939,2026-05-03,14:30:00,Manchester United,Liverpool FC,True,3,2,37.0,2.34,3.0,18.0,3.0,3.0,12.0,362.0,19.0,11.0,2.0,6.0,1.0,6.0,6.0,14.0,4.0,1.0,2.0,30.0,1.0,3.0,287.0,9.0,48.0,63.0,99.0,19.0,44.0,7.0,13.0,55.0,2.0,36.0,66.0,13.0,23.0,7.0,13.0,12.0,19.0,19.0,16.0,50.0,22.0,2.0,3.0,-0.8106,0.0,,,8.0,,,0.0,
14023939,2026-05-03,14:30:00,Liverpool FC,Manchester United,False,2,3,63.0,0.89,1.0,13.0,3.0,2.0,11.0,613.0,8.0,12.0,2.0,5.0,0.0,5.0,3.0,7.0,6.0,1.0,0.0,21.0,3.0,3.0,541.0,16.0,67.0,143.0,176.0,13.0,35.0,4.0,14.0,45.0,4.0,30.0,66.0,10.0,23.0,10.0,25.0,4.0,8.0,8.0,10.0,45.0,14.0,0.0,3.0,-0.8294,1.0,,,11.0,,,1.0,
14023927,2026-05-03,18:00:00,Aston Villa,Tottenham Hotspur,True,1,2,45.0,0.32,1.0,5.0,3.0,5.0,12.0,374.0,19.0,12.0,2.0,1.0,0.0,1.0,3.0,2.0,3.0,0.0,1.0,9.0,1.0,2.0,312.0,21.0,44.0,58.0,83.0,9.0,25.0,2.0,13.0,49.0,15.0,37.0,78.0,8.0,13.0,6.0,14.0,12.0,19.0,19.0,5.0,40.0,14.0,,3.0,-0.1265,,,0.0,6.0,,,,
14023927,2026-05-03,18:00:00,Tottenham Hotspur,Aston Villa,False,2,1,55.0,0.99,2.0,10.0,0.0,5.0,12.0,466.0,23.0,12.0,5.0,5.0,1.0,3.0,2.0,6.0,4.0,1.0,1.0,18.0,0.0,4.0,400.0,17.0,46.0,69.0,97.0,14.0,44.0,8.0,13.0,51.0,6.0,41.0,78.0,5.0,13.0,7.0,20.0,13.0,23.0,23.0,10.0,42.0,16.0,,0.0,-0.76,,,1.0,7.0,,,,
14023925,2026-05-04,14:00:00,Chelsea,Nottingham Forest,True,1,3,67.0,2.15,2.0,21.0,1.0,10.0,12.0,659.0,14.0,9.0,3.0,5.0,1.0,8.0,8.0,12.0,9.0,1.0,1.0,37.0,4.0,1.0,597.0,19.0,57.0,182.0,216.0,18.0,33.0,10.0,35.0,47.0,11.0,28.0,66.0,15.0,26.0,6.0,17.0,6.0,14.0,14.0,7.0,49.0,9.0,,1.0,-0.3553,0.0,,1.0,1.0,,1.0,,0.0
14023925,2026-05-04,14:00:00,Nottingham Forest,Chelsea,False,3,1,33.0,2.05,3.0,6.0,4.0,1.0,10.0,334.0,22.0,11.0,1.0,4.0,0.0,1.0,1.0,6.0,1.0,3.0,0.0,17.0,2.0,2.0,267.0,11.0,29.0,41.0,58.0,16.0,49.0,1.0,4.0,53.0,10.0,38.0,66.0,11.0,26.0,4.0,8.0,10.0,22.0,22.0,10.0,37.0,25.0,,4.0,0.6239,1.0,,0.0,16.0,,0.0,,1.0
14023930,2026-05-04,19:00:00,Everton,Manchester City,True,3,3,25.0,2.72,4.0,14.0,1.0,5.0,15.0,201.0,26.0,5.0,4.0,6.0,0.0,2.0,6.0,10.0,4.0,3.0,1.0,16.0,0.0,4.0,138.0,18.0,41.0,27.0,61.0,18.0,45.0,3.0,7.0,45.0,11.0,34.0,83.0,18.0,33.0,3.0,10.0,13.0,26.0,26.0,4.0,41.0,22.0,0.0,1.0,-0.7883,,,1.0,12.0,,0.0,0.0,
14023930,2026-05-04,19:00:00,Manchester City,Everton,False,3,3,75.0,1.54,1.0,21.0,3.0,9.0,5.0,629.0,18.0,15.0,1.0,4.0,0.0,8.0,9.0,13.0,8.0,1.0,0.0,48.0,7.0,0.0,568.0,19.0,69.0,223.0,251.0,16.0,36.0,5.0,23.0,55.0,9.0,49.0,83.0,15.0,33.0,16.0,33.0,12.0,18.0,18.0,2.0,45.0,20.0,1.0,3.0,0.72,,,1.0,2.0,,1.0,3.0,
14024024,2026-05-09,11:30:00,Liverpool FC,Chelsea,True,1,1,48.0,0.56,1.0,8.0,2.0,5.0,17.0,473.0,10.0,17.0,2.0,3.0,2.0,4.0,1.0,5.0,3.0,,1.0,24.0,3.0,2.0,398.0,16.0,35.0,66.0,99.0,15.0,44.0,6.0,16.0,43.0,10.0,34.0,80.0,8.0,17.0,8.0,18.0,6.0,10.0,10.0,6.0,39.0,10.0,,2.0,-0.5895,2.0,0.0,,7.0,,0.0,,
14024024,2026-05-09,11:30:00,Chelsea,Liverpool FC,False,1,1,52.0,0.5,1.0,6.0,2.0,2.0,17.0,515.0,20.0,17.0,4.0,3.0,0.0,2.0,1.0,4.0,2.0,,1.0,22.0,2.0,2.0,446.0,17.0,45.0,82.0,122.0,11.0,43.0,2.0,7.0,57.0,6.0,46.0,80.0,9.0,17.0,9.0,13.0,10.0,20.0,20.0,10.0,40.0,14.0,,2.0,-0.4864,1.0,1.0,,8.0,,1.0,,
14023935,2026-05-09,14:00:00,Brighton & Hove Albion,Wolverhampton,True,3,0,72.0,1.62,4.0,14.0,1.0,7.0,9.0,578.0,15.0,11.0,1.0,6.0,0.0,5.0,3.0,10.0,4.0,3.0,1.0,36.0,3.0,1.0,498.0,24.0,59.0,93.0,134.0,28.0,55.0,8.0,25.0,52.0,8.0,34.0,69.0,13.0,21.0,8.0,17.0,10.0,15.0,15.0,10.0,41.0,7.0,0.0,1.0,0.0899,,1.0,0.0,8.0,,,,
14023935,2026-05-09,14:00:00,Wolverhampton,Brighton & Hove Albion,False,0,3,28.0,0.49,2.0,5.0,3.0,1.0,11.0,225.0,17.0,9.0,2.0,1.0,1.0,4.0,0.0,4.0,1.0,0.0,2.0,15.0,1.0,3.0,154.0,13.0,33.0,24.0,49.0,14.0,53.0,3.0,6.0,48.0,11.0,35.0,69.0,8.0,21.0,9.0,13.0,7.0,17.0,17.0,13.0,39.0,32.0,1.0,3.0,0.2494,,1.0,2.0,10.0,,,,
14023948,2026-05-09,14:00:00,Fulham,Bournemouth,True,0,1,60.0,1.33,1.0,14.0,3.0,11.0,12.0,520.0,16.0,21.0,4.0,2.0,2.0,6.0,6.0,11.0,3.0,,1.0,33.0,2.0,1.0,456.0,14.0,49.0,92.0,125.0,23.0,38.0,3.0,28.0,59.0,6.0,44.0,72.0,13.0,24.0,7.0,12.0,12.0,16.0,16.0,5.0,40.0,9.0,,3.0,-0.2819,0.0,0.0,,5.0,1.0,1.0,3.0,
14023948,2026-05-09,14:00:00,Bournemouth,Fulham,False,1,0,40.0,0.82,2.0,10.0,2.0,2.0,21.0,359.0,11.0,12.0,2.0,5.0,1.0,3.0,2.0,5.0,5.0,,2.0,17.0,0.0,3.0,308.0,7.0,52.0,53.0,81.0,25.0,55.0,3.0,9.0,41.0,12.0,28.0,72.0,11.0,24.0,5.0,9.0,8.0,11.0,11.0,5.0,49.0,33.0,,2.0,0.1602,1.0,1.0,,9.0,1.0,0.0,1.0,
14023938,2026-05-09,14:00:00,Sunderland,Manchester United,True,0,0,51.0,1.25,2.0,15.0,1.0,6.0,12.0,493.0,10.0,12.0,0.0,4.0,1.0,6.0,5.0,9.0,6.0,,2.0,27.0,3.0,1.0,414.0,8.0,64.0,107.0,150.0,18.0,37.0,2.0,17.0,54.0,5.0,27.0,57.0,17.0,25.0,6.0,15.0,8.0,10.0,10.0,10.0,56.0,22.0,,1.0,0.0855,1.0,,1.0,5.0,,1.0,,
14023938,2026-05-09,14:00:00,Manchester United,Sunderland,False,0,0,49.0,0.62,0.0,11.0,4.0,7.0,12.0,478.0,14.0,12.0,3.0,1.0,0.0,5.0,5.0,6.0,5.0,,0.0,21.0,2.0,0.0,392.0,13.0,45.0,94.0,128.0,28.0,56.0,4.0,16.0,46.0,6.0,30.0,57.0,8.0,25.0,5.0,9.0,10.0,14.0,14.0,11.0,46.0,24.0,,4.0,1.814,2.0,,0.0,9.0,,0.0,,
14023946,2026-05-09,16:30:00,Manchester City,Brentford,True,3,0,58.0,2.98,6.0,25.0,2.0,10.0,8.0,474.0,14.0,14.0,4.0,10.0,0.0,7.0,8.0,15.0,10.0,1.0,5.0,61.0,3.0,0.0,409.0,22.0,40.0,155.0,194.0,17.0,35.0,5.0,19.0,55.0,16.0,49.0,89.0,14.0,26.0,21.0,29.0,8.0,14.0,14.0,5.0,44.0,30.0,0.0,2.0,0.3224,0.0,1.0,0.0,4.0,,0.0,0.0,
14023946,2026-05-09,16:30:00,Brentford,Manchester City,False,0,3,42.0,0.24,2.0,4.0,7.0,2.0,14.0,337.0,24.0,8.0,2.0,2.0,1.0,1.0,1.0,2.0,2.0,0.0,2.0,11.0,2.0,2.0,259.0,9.0,48.0,51.0,94.0,19.0,58.0,1.0,12.0,45.0,5.0,40.0,89.0,12.0,26.0,8.0,17.0,14.0,24.0,24.0,11.0,47.0,29.0,1.0,7.0,1.5027,1.0,2.0,1.0,12.0,,2.0,1.0,
14023929,2026-05-10,13:00:00,Burnley,Aston Villa,True,2,2,34.0,1.79,3.0,15.0,5.0,2.0,18.0,260.0,21.0,8.0,1.0,6.0,0.0,4.0,5.0,7.0,8.0,1.0,2.0,21.0,1.0,1.0,192.0,14.0,35.0,48.0,75.0,12.0,42.0,3.0,15.0,49.0,7.0,34.0,69.0,5.0,11.0,5.0,11.0,13.0,21.0,21.0,9.0,47.0,31.0,0.0,5.0,-0.7891,1.0,1.0,1.0,12.0,,,0.0,
14023929,2026-05-10,13:00:00,Aston Villa,Burnley,False,2,2,66.0,1.44,3.0,18.0,4.0,8.0,8.0,528.0,13.0,18.0,1.0,7.0,0.0,6.0,5.0,10.0,8.0,1.0,2.0,31.0,2.0,1.0,456.0,21.0,49.0,88.0,123.0,17.0,38.0,6.0,26.0,51.0,11.0,35.0,69.0,6.0,11.0,4.0,14.0,8.0,13.0,13.0,5.0,50.0,13.0,1.0,4.0,-0.2152,0.0,1.0,0.0,6.0,,,2.0,
14023937,2026-05-10,13:00:00,Crystal Palace,Everton,True,2,2,59.0,2.56,6.0,21.0,5.0,5.0,5.0,467.0,21.0,13.0,0.0,8.0,1.0,8.0,5.0,15.0,6.0,1.0,5.0,28.0,2.0,1.0,387.0,13.0,50.0,114.0,146.0,20.0,51.0,8.0,22.0,50.0,8.0,36.0,70.0,35.0,73.0,2.0,8.0,9.0,21.0,21.0,4.0,43.0,31.0,,5.0,0.026,2.0,0.0,1.0,2.0,,1.0,1.0,
14023937,2026-05-10,13:00:00,Everton,Crystal Palace,False,2,2,41.0,1.59,4.0,13.0,6.0,10.0,13.0,315.0,14.0,5.0,2.0,6.0,0.0,3.0,4.0,10.0,3.0,2.0,2.0,42.0,1.0,2.0,232.0,16.0,46.0,86.0,126.0,19.0,53.0,6.0,20.0,50.0,10.0,34.0,70.0,38.0,73.0,15.0,26.0,7.0,14.0,14.0,6.0,33.0,25.0,,6.0,1.4139,1.0,1.0,1.0,14.0,,1.0,1.0,
14023943,2026-05-10,13:00:00,Nottingham Forest,Newcastle United,True,1,1,46.0,1.1,2.0,17.0,5.0,2.0,16.0,421.0,16.0,11.0,2.0,6.0,0.0,5.0,6.0,11.0,6.0,1.0,1.0,24.0,0.0,1.0,343.0,16.0,54.0,76.0,114.0,17.0,55.0,3.0,14.0,43.0,6.0,36.0,77.0,7.0,22.0,9.0,20.0,8.0,16.0,16.0,5.0,56.0,26.0,,5.0,0.2464,,0.0,,6.0,,0.0,2.0,
14023943,2026-05-10,13:00:00,Newcastle United,Nottingham Forest,False,1,1,54.0,1.48,4.0,16.0,5.0,1.0,11.0,495.0,17.0,16.0,0.0,6.0,1.0,6.0,4.0,7.0,9.0,1.0,3.0,28.0,4.0,0.0,421.0,18.0,59.0,125.0,172.0,15.0,35.0,4.0,14.0,57.0,7.0,41.0,77.0,15.0,22.0,8.0,17.0,9.0,17.0,17.0,9.0,50.0,28.0,,5.0,-0.0556,,1.0,,6.0,,2.0,2.0,
14023942,2026-05-10,15:30:00,West Ham United,Arsenal,True,0,1,36.0,1.15,2.0,9.0,1.0,4.0,14.0,283.0,15.0,12.0,3.0,3.0,0.0,2.0,4.0,6.0,3.0,,2.0,15.0,0.0,,187.0,19.0,58.0,50.0,96.0,17.0,63.0,2.0,14.0,59.0,5.0,34.0,58.0,17.0,28.0,8.0,11.0,7.0,15.0,15.0,5.0,34.0,24.0,,1.0,-0.2649,0.0,,0.0,9.0,,1.0,,
14023942,2026-05-10,15:30:00,Arsenal,West Ham United,False,1,0,64.0,1.18,3.0,15.0,3.0,3.0,12.0,500.0,8.0,14.0,4.0,4.0,2.0,6.0,5.0,9.0,6.0,,3.0,27.0,4.0,,416.0,20.0,65.0,108.0,145.0,14.0,49.0,4.0,17.0,41.0,7.0,24.0,58.0,11.0,28.0,2.0,10.0,4.0,8.0,8.0,3.0,36.0,26.0,,3.0,0.794,1.0,,2.0,6.0,,2.0,,
14023944,2026-05-11,19:00:00,Tottenham Hotspur,Leeds United,True,1,1,57.0,1.27,2.0,16.0,3.0,14.0,12.0,431.0,21.0,7.0,3.0,3.0,0.0,8.0,5.0,13.0,3.0,0.0,2.0,34.0,1.0,1.0,345.0,18.0,48.0,87.0,126.0,21.0,49.0,9.0,30.0,51.0,16.0,39.0,80.0,26.0,47.0,12.0,21.0,14.0,21.0,21.0,11.0,47.0,21.0,,3.0,1.5906,,,0.0,6.0,,1.0,3.0,
14023944,2026-05-11,19:00:00,Leeds United,Tottenham Hotspur,False,1,1,43.0,1.34,2.0,11.0,1.0,2.0,7.0,336.0,25.0,11.0,1.0,4.0,2.0,6.0,1.0,6.0,5.0,1.0,1.0,13.0,2.0,3.0,243.0,16.0,65.0,55.0,99.0,21.0,54.0,6.0,14.0,49.0,13.0,41.0,80.0,21.0,47.0,5.0,13.0,19.0,25.0,25.0,9.0,40.0,47.0,,1.0,-0.0333,,,3.0,15.0,,0.0,1.0,
14023928,2026-05-15,19:00:00,Aston Villa,Liverpool FC,True,4,2,45.0,1.85,5.0,14.0,3.0,4.0,12.0,365.0,11.0,9.0,3.0,9.0,1.0,2.0,3.0,9.0,5.0,2.0,3.0,19.0,2.0,2.0,299.0,19.0,38.0,76.0,112.0,21.0,47.0,1.0,11.0,47.0,4.0,28.0,55.0,10.0,26.0,8.0,13.0,9.0,11.0,11.0,5.0,35.0,24.0,0.0,3.0,-0.3847,1.0,1.0,1.0,6.0,,1.0,2.0,
14023928,2026-05-15,19:00:00,Liverpool FC,Aston Villa,False,2,4,55.0,1.43,3.0,16.0,5.0,9.0,9.0,443.0,9.0,12.0,1.0,5.0,1.0,8.0,3.0,10.0,6.0,2.0,1.0,32.0,2.0,3.0,384.0,14.0,44.0,102.0,132.0,17.0,34.0,9.0,24.0,53.0,4.0,27.0,55.0,16.0,26.0,6.0,13.0,6.0,9.0,9.0,9.0,39.0,16.0,1.0,5.0,-0.8891,0.0,0.0,0.0,4.0,,0.0,2.0,
14023956,2026-05-17,11:30:00,Manchester United,Nottingham Forest,True,3,2,48.0,4.57,7.0,29.0,2.0,7.0,11.0,438.0,16.0,5.0,2.0,8.0,2.0,9.0,12.0,21.0,8.0,2.0,5.0,45.0,2.0,0.0,383.0,13.0,35.0,106.0,134.0,31.0,45.0,7.0,16.0,47.0,10.0,30.0,71.0,12.0,18.0,9.0,19.0,9.0,16.0,16.0,10.0,52.0,32.0,0.0,2.0,-0.089,0.0,2.0,0.0,6.0,,4.0,2.0,
14023956,2026-05-17,11:30:00,Nottingham Forest,Manchester United,False,2,3,52.0,1.88,4.0,11.0,5.0,6.0,5.0,472.0,20.0,11.0,1.0,4.0,0.0,4.0,3.0,11.0,1.0,2.0,2.0,23.0,1.0,1.0,398.0,21.0,49.0,79.0,112.0,15.0,40.0,6.0,20.0,53.0,4.0,41.0,71.0,6.0,18.0,11.0,23.0,13.0,20.0,20.0,12.0,50.0,18.0,1.0,5.0,0.1852,3.0,0.0,1.0,11.0,,2.0,1.0,
14023953,2026-05-17,14:00:00,Brentford,Crystal Palace,True,2,2,58.0,1.71,1.0,14.0,3.0,9.0,7.0,467.0,5.0,5.0,1.0,3.0,0.0,8.0,3.0,11.0,3.0,1.0,0.0,29.0,3.0,2.0,372.0,16.0,71.0,80.0,143.0,27.0,60.0,3.0,22.0,48.0,8.0,16.0,41.0,27.0,48.0,6.0,16.0,4.0,5.0,5.0,7.0,67.0,40.0,1.0,3.0,-1.0359,1.0,0.0,0.0,7.0,,,1.0,
14023953,2026-05-17,14:00:00,Crystal Palace,Brentford,False,2,2,42.0,1.72,2.0,16.0,1.0,4.0,5.0,344.0,18.0,6.0,3.0,5.0,2.0,5.0,6.0,10.0,6.0,1.0,1.0,27.0,2.0,1.0,229.0,19.0,55.0,67.0,119.0,19.0,72.0,4.0,12.0,52.0,4.0,25.0,41.0,21.0,48.0,2.0,3.0,11.0,18.0,18.0,13.0,56.0,43.0,0.0,1.0,0.1682,1.0,1.0,3.0,10.0,,,0.0,
14023955,2026-05-17,14:00:00,Everton,Sunderland,True,1,3,48.0,1.04,2.0,10.0,0.0,3.0,14.0,407.0,13.0,9.0,3.0,4.0,0.0,4.0,2.0,6.0,4.0,0.0,2.0,15.0,2.0,0.0,346.0,20.0,69.0,107.0,146.0,18.0,56.0,7.0,18.0,51.0,5.0,26.0,52.0,14.0,27.0,5.0,10.0,9.0,13.0,13.0,10.0,40.0,35.0,2.0,0.0,-1.7228,,0.0,0.0,5.0,,0.0,1.0,
14023955,2026-05-17,14:00:00,Sunderland,Everton,False,3,1,52.0,0.76,2.0,7.0,3.0,2.0,9.0,451.0,10.0,14.0,0.0,3.0,0.0,4.0,0.0,5.0,2.0,2.0,0.0,12.0,4.0,1.0,384.0,18.0,55.0,80.0,118.0,17.0,42.0,2.0,20.0,49.0,8.0,26.0,52.0,13.0,27.0,3.0,8.0,6.0,10.0,10.0,3.0,43.0,30.0,0.0,3.0,-0.0063,,1.0,3.0,8.0,,1.0,0.0,
14023954,2026-05-17,14:00:00,Leeds United,Brighton & Hove Albion,True,1,0,34.0,0.39,1.0,7.0,7.0,7.0,9.0,280.0,12.0,7.0,1.0,1.0,0.0,3.0,3.0,3.0,4.0,1.0,0.0,17.0,0.0,3.0,188.0,19.0,51.0,54.0,97.0,17.0,56.0,3.0,20.0,51.0,4.0,26.0,46.0,20.0,44.0,8.0,10.0,5.0,12.0,12.0,3.0,37.0,37.0,0.0,7.0,0.6314,2.0,1.0,1.0,10.0,,0.0,0.0,
14023954,2026-05-17,14:00:00,Brighton & Hove Albion,Leeds United,False,0,1,66.0,3.06,3.0,19.0,1.0,8.0,7.0,556.0,6.0,9.0,0.0,8.0,0.0,6.0,5.0,15.0,4.0,0.0,3.0,39.0,1.0,2.0,471.0,19.0,60.0,113.0,155.0,13.0,46.0,13.0,36.0,49.0,7.0,20.0,46.0,24.0,44.0,6.0,11.0,3.0,6.0,6.0,6.0,43.0,34.0,1.0,1.0,-0.1713,1.0,2.0,1.0,7.0,,1.0,1.0,
14023958,2026-05-17,14:00:00,Wolverhampton,Fulham,True,1,1,31.0,1.4,3.0,11.0,4.0,3.0,20.0,261.0,16.0,8.0,1.0,3.0,1.0,8.0,0.0,7.0,4.0,0.0,3.0,20.0,2.0,1.0,181.0,14.0,54.0,46.0,90.0,19.0,52.0,6.0,14.0,39.0,11.0,29.0,77.0,9.0,20.0,5.0,13.0,11.0,16.0,16.0,12.0,58.0,22.0,,4.0,0.3697,0.0,3.0,,8.0,,1.0,1.0,
14023958,2026-05-17,14:00:00,Fulham,Wolverhampton,False,1,1,69.0,1.59,2.0,13.0,2.0,6.0,8.0,592.0,19.0,19.0,0.0,5.0,0.0,5.0,3.0,8.0,5.0,1.0,1.0,35.0,3.0,2.0,512.0,16.0,55.0,124.0,162.0,19.0,37.0,4.0,20.0,61.0,11.0,48.0,77.0,11.0,20.0,10.0,15.0,11.0,19.0,19.0,10.0,57.0,24.0,,2.0,-0.4913,1.0,2.0,,11.0,,2.0,0.0,
14023957,2026-05-17,16:30:00,Newcastle United,West Ham United,True,3,1,55.0,1.73,3.0,15.0,7.0,9.0,8.0,503.0,24.0,11.0,1.0,7.0,0.0,2.0,6.0,9.0,6.0,3.0,0.0,43.0,1.0,2.0,414.0,27.0,52.0,124.0,163.0,19.0,49.0,4.0,18.0,48.0,13.0,40.0,76.0,8.0,23.0,6.0,13.0,17.0,24.0,24.0,8.0,49.0,14.0,0.0,7.0,-0.2144,,2.0,,10.0,,3.0,1.0,
14023957,2026-05-17,16:30:00,West Ham United,Newcastle United,False,1,3,45.0,0.95,1.0,15.0,4.0,1.0,11.0,410.0,20.0,8.0,3.0,8.0,1.0,3.0,4.0,10.0,5.0,0.0,1.0,34.0,2.0,2.0,340.0,20.0,62.0,105.0,139.0,20.0,52.0,6.0,17.0,52.0,13.0,36.0,76.0,15.0,23.0,8.0,19.0,14.0,20.0,20.0,9.0,51.0,19.0,2.0,4.0,-0.6696,,0.0,,11.0,,0.0,0.0,
14023950,2026-05-18,19:00:00,Arsenal,Burnley,True,1,0,60.0,1.29,1.0,13.0,0.0,3.0,7.0,513.0,17.0,16.0,1.0,3.0,2.0,7.0,3.0,9.0,4.0,1.0,,38.0,5.0,1.0,444.0,22.0,73.0,157.0,194.0,18.0,43.0,2.0,13.0,54.0,13.0,35.0,67.0,13.0,22.0,3.0,11.0,9.0,17.0,17.0,2.0,41.0,15.0,,0.0,0.0,,,0.0,5.0,,,1.0,
14023950,2026-05-18,19:00:00,Burnley,Arsenal,False,0,1,40.0,0.19,0.0,5.0,2.0,3.0,16.0,336.0,21.0,7.0,3.0,0.0,0.0,4.0,1.0,2.0,3.0,0.0,,7.0,0.0,0.0,266.0,10.0,42.0,36.0,67.0,23.0,60.0,4.0,10.0,46.0,8.0,32.0,67.0,9.0,22.0,4.0,13.0,11.0,21.0,21.0,7.0,38.0,24.0,,2.0,1.0266,,,1.0,18.0,,,0.0,
14023936,2026-05-19,18:30:00,Bournemouth,Manchester City,True,1,1,46.0,2.25,3.0,10.0,3.0,7.0,16.0,446.0,18.0,7.0,4.0,2.0,2.0,5.0,3.0,6.0,4.0,,3.0,16.0,0.0,2.0,361.0,19.0,47.0,69.0,102.0,15.0,50.0,3.0,14.0,45.0,2.0,29.0,66.0,12.0,25.0,4.0,7.0,7.0,18.0,18.0,2.0,52.0,36.0,,3.0,-0.0098,0.0,,,10.0,,1.0,,
14023936,2026-05-19,18:30:00,Manchester City,Bournemouth,False,1,1,54.0,1.48,1.0,14.0,2.0,6.0,7.0,536.0,5.0,16.0,2.0,5.0,1.0,3.0,6.0,10.0,4.0,,1.0,45.0,1.0,2.0,464.0,14.0,68.0,112.0,160.0,24.0,45.0,2.0,17.0,55.0,9.0,37.0,66.0,13.0,25.0,17.0,26.0,4.0,5.0,5.0,6.0,54.0,18.0,,2.0,0.2179,1.0,,,7.0,,1.0,,
16087727,2026-05-19,19:15:00,Chelsea,Tottenham Hotspur,True,2,1,44.0,0.63,1.0,9.0,2.0,3.0,11.0,432.0,19.0,18.0,4.0,4.0,1.0,3.0,2.0,4.0,5.0,1.0,0.0,11.0,4.0,1.0,360.0,16.0,39.0,49.0,74.0,15.0,45.0,1.0,10.0,51.0,9.0,42.0,81.0,10.0,20.0,5.0,10.0,14.0,19.0,19.0,14.0,47.0,10.0,0.0,2.0,0.1334,0.0,0.0,,7.0,,,0.0,
16087727,2026-05-19,19:15:00,Tottenham Hotspur,Chelsea,False,1,2,56.0,1.27,4.0,9.0,2.0,4.0,18.0,546.0,14.0,11.0,3.0,3.0,1.0,5.0,1.0,8.0,1.0,1.0,3.0,25.0,1.0,1.0,479.0,17.0,45.0,86.0,116.0,23.0,42.0,4.0,16.0,49.0,12.0,39.0,81.0,10.0,20.0,14.0,21.0,9.0,14.0,14.0,11.0,47.0,14.0,1.0,2.0,-0.6846,1.0,2.0,,3.0,,,1.0,
14023959,2026-05-24,15:00:00,Brighton & Hove Albion,Manchester United,True,0,3,52.0,0.79,0.0,13.0,5.0,0.0,11.0,484.0,17.0,8.0,0.0,2.0,0.0,6.0,5.0,9.0,4.0,0.0,0.0,32.0,3.0,1.0,415.0,16.0,45.0,100.0,144.0,18.0,37.0,4.0,20.0,50.0,10.0,27.0,63.0,13.0,17.0,2.0,10.0,12.0,17.0,17.0,8.0,49.0,12.0,,5.0,-0.8221,1.0,0.0,,9.0,,0.0,,
14023959,2026-05-24,15:00:00,Manchester United,Brighton & Hove Albion,False,3,0,48.0,1.66,4.0,11.0,2.0,3.0,8.0,450.0,18.0,11.0,1.0,7.0,1.0,3.0,1.0,7.0,4.0,3.0,1.0,32.0,0.0,0.0,372.0,12.0,50.0,87.0,111.0,22.0,55.0,1.0,11.0,50.0,9.0,36.0,63.0,4.0,17.0,7.0,15.0,12.0,18.0,18.0,10.0,48.0,14.0,,2.0,0.3018,0.0,2.0,,15.0,,1.0,,
14023960,2026-05-24,15:00:00,Burnley,Wolverhampton,True,1,1,70.0,0.98,2.0,16.0,3.0,7.0,10.0,569.0,9.0,11.0,2.0,8.0,1.0,2.0,6.0,7.0,9.0,0.0,2.0,33.0,1.0,0.0,498.0,15.0,75.0,155.0,191.0,31.0,53.0,6.0,28.0,49.0,7.0,27.0,58.0,13.0,24.0,8.0,18.0,8.0,9.0,9.0,7.0,55.0,13.0,,3.0,1.3642,,3.0,0.0,7.0,,1.0,1.0,
14023960,2026-05-24,15:00:00,Wolverhampton,Burnley,False,1,1,30.0,2.09,4.0,16.0,7.0,7.0,11.0,225.0,17.0,9.0,2.0,4.0,1.0,5.0,7.0,10.0,6.0,1.0,3.0,26.0,4.0,3.0,163.0,13.0,39.0,39.0,63.0,13.0,45.0,8.0,22.0,51.0,3.0,31.0,58.0,11.0,24.0,5.0,11.0,10.0,17.0,17.0,9.0,56.0,28.0,,7.0,0.2218,,1.0,1.0,8.0,,1.0,0.0,
14023963,2026-05-24,15:00:00,Crystal Palace,Arsenal,True,1,2,40.0,0.98,3.0,8.0,5.0,3.0,9.0,328.0,12.0,12.0,0.0,3.0,0.0,3.0,2.0,8.0,0.0,1.0,2.0,21.0,2.0,1.0,261.0,12.0,48.0,56.0,93.0,18.0,47.0,4.0,18.0,51.0,2.0,31.0,57.0,11.0,25.0,7.0,12.0,4.0,12.0,12.0,10.0,44.0,23.0,,5.0,-0.2894,0.0,0.0,0.0,7.0,,0.0,1.0,
14023963,2026-05-24,15:00:00,Arsenal,Crystal Palace,False,2,1,60.0,2.53,7.0,17.0,2.0,4.0,12.0,518.0,7.0,9.0,1.0,7.0,1.0,6.0,4.0,14.0,3.0,0.0,7.0,41.0,0.0,0.0,460.0,16.0,67.0,124.0,157.0,14.0,36.0,5.0,13.0,49.0,7.0,26.0,57.0,14.0,25.0,12.0,17.0,3.0,7.0,7.0,5.0,42.0,28.0,,2.0,-0.055,1.0,1.0,1.0,5.0,,3.0,0.0,
14023965,2026-05-24,15:00:00,Fulham,Newcastle United,True,2,0,45.0,1.81,1.0,21.0,2.0,6.0,13.0,418.0,16.0,6.0,2.0,6.0,1.0,9.0,6.0,10.0,11.0,1.0,,33.0,1.0,1.0,345.0,15.0,52.0,102.0,147.0,20.0,46.0,2.0,13.0,49.0,11.0,31.0,60.0,12.0,28.0,10.0,13.0,13.0,16.0,16.0,12.0,47.0,13.0,,2.0,0.1642,0.0,1.0,0.0,9.0,,1.0,0.0,
14023965,2026-05-24,15:00:00,Newcastle United,Fulham,False,0,2,55.0,0.31,0.0,7.0,4.0,6.0,6.0,508.0,14.0,13.0,2.0,2.0,0.0,3.0,2.0,4.0,3.0,0.0,,19.0,2.0,1.0,445.0,11.0,43.0,76.0,101.0,18.0,45.0,2.0,16.0,51.0,9.0,29.0,60.0,16.0,28.0,2.0,9.0,11.0,14.0,14.0,10.0,42.0,19.0,,4.0,-0.1708,1.0,1.0,1.0,15.0,,1.0,1.0,
14023962,2026-05-24,15:00:00,Liverpool FC,Brentford,True,1,1,60.0,3.04,4.0,24.0,1.0,14.0,9.0,508.0,15.0,9.0,2.0,8.0,1.0,8.0,8.0,17.0,7.0,1.0,3.0,44.0,1.0,1.0,438.0,15.0,65.0,155.0,180.0,25.0,55.0,5.0,27.0,48.0,11.0,31.0,68.0,15.0,27.0,8.0,18.0,4.0,15.0,15.0,6.0,51.0,17.0,,1.0,-0.1557,0.0,0.0,0.0,8.0,,1.0,0.0,
14023962,2026-05-24,15:00:00,Brentford,Liverpool FC,False,1,1,40.0,1.56,3.0,11.0,7.0,2.0,9.0,333.0,21.0,9.0,3.0,2.0,0.0,6.0,3.0,9.0,2.0,1.0,2.0,24.0,2.0,0.0,262.0,11.0,26.0,55.0,81.0,15.0,51.0,6.0,18.0,52.0,6.0,37.0,68.0,12.0,27.0,7.0,16.0,10.0,21.0,21.0,3.0,50.0,28.0,,7.0,1.6815,2.0,1.0,3.0,15.0,,0.0,1.0,
14023961,2026-05-24,15:00:00,Manchester City,Aston Villa,True,1,2,53.0,1.34,2.0,16.0,3.0,9.0,8.0,481.0,10.0,4.0,1.0,3.0,0.0,7.0,6.0,10.0,6.0,1.0,1.0,46.0,2.0,1.0,426.0,20.0,55.0,163.0,201.0,19.0,30.0,1.0,14.0,38.0,12.0,19.0,58.0,7.0,10.0,5.0,21.0,6.0,10.0,10.0,7.0,33.0,15.0,1.0,3.0,0.6451,1.0,,0.0,6.0,,2.0,0.0,
14023961,2026-05-24,15:00:00,Aston Villa,Manchester City,False,2,1,47.0,1.77,4.0,12.0,2.0,4.0,4.0,440.0,28.0,8.0,0.0,5.0,1.0,5.0,2.0,9.0,3.0,2.0,2.0,20.0,2.0,1.0,397.0,10.0,25.0,40.0,57.0,20.0,40.0,3.0,8.0,62.0,4.0,39.0,58.0,3.0,10.0,3.0,9.0,19.0,28.0,28.0,11.0,32.0,37.0,0.0,2.0,0.513,0.0,,1.0,12.0,,1.0,1.0,
14023964,2026-05-24,15:00:00,Nottingham Forest,Bournemouth,True,1,1,45.0,1.73,4.0,15.0,3.0,6.0,11.0,396.0,16.0,7.0,1.0,5.0,1.0,5.0,5.0,10.0,5.0,,4.0,24.0,2.0,3.0,307.0,12.0,46.0,55.0,87.0,18.0,52.0,6.0,17.0,43.0,8.0,27.0,69.0,14.0,26.0,4.0,17.0,8.0,16.0,16.0,10.0,49.0,28.0,1.0,3.0,-0.5311,2.0,,0.0,15.0,,,2.0,
14023964,2026-05-24,15:00:00,Bournemouth,Nottingham Forest,False,1,1,55.0,0.95,1.0,17.0,3.0,3.0,7.0,485.0,21.0,11.0,1.0,4.0,0.0,6.0,7.0,6.0,11.0,,1.0,31.0,5.0,1.0,409.0,26.0,63.0,144.0,187.0,21.0,50.0,2.0,15.0,57.0,7.0,42.0,69.0,12.0,26.0,10.0,19.0,8.0,21.0,21.0,18.0,47.0,18.0,0.0,3.0,-0.4764,1.0,,2.0,5.0,,,1.0,
14023966,2026-05-24,15:00:00,Sunderland,Chelsea,True,2,1,44.0,1.84,2.0,21.0,2.0,6.0,15.0,346.0,18.0,12.0,5.0,6.0,0.0,8.0,7.0,16.0,5.0,,2.0,35.0,2.0,2.0,285.0,20.0,56.0,90.0,123.0,21.0,44.0,1.0,18.0,48.0,3.0,32.0,60.0,6.0,19.0,2.0,6.0,12.0,18.0,18.0,11.0,46.0,19.0,1.0,2.0,-0.5938,0.0,0.0,,4.0,0.0,2.0,0.0,
14023966,2026-05-24,15:00:00,Chelsea,Sunderland,False,1,2,56.0,0.89,2.0,8.0,5.0,2.0,12.0,452.0,7.0,15.0,5.0,3.0,0.0,3.0,2.0,4.0,4.0,,2.0,15.0,3.0,1.0,376.0,19.0,46.0,70.0,106.0,19.0,50.0,1.0,9.0,52.0,8.0,28.0,60.0,13.0,19.0,7.0,17.0,3.0,7.0,7.0,9.0,45.0,23.0,1.0,5.0,-0.727,1.0,3.0,,7.0,1.0,0.0,1.0,
14023967,2026-05-24,15:00:00,Tottenham Hotspur,Everton,True,1,0,50.0,1.15,3.0,20.0,1.0,7.0,15.0,381.0,21.0,18.0,3.0,2.0,1.0,9.0,9.0,15.0,5.0,1.0,2.0,30.0,4.0,,321.0,13.0,38.0,63.0,84.0,14.0,39.0,9.0,24.0,52.0,12.0,47.0,88.0,23.0,46.0,8.0,18.0,15.0,21.0,21.0,10.0,42.0,35.0,,1.0,0.0461,1.0,,0.0,5.0,,0.0,,
14023967,2026-05-24,15:00:00,Everton,Tottenham Hotspur,False,0,1,50.0,0.41,0.0,10.0,1.0,7.0,18.0,384.0,22.0,15.0,2.0,1.0,0.0,6.0,3.0,8.0,2.0,0.0,0.0,17.0,2.0,,316.0,18.0,55.0,95.0,134.0,16.0,47.0,7.0,23.0,48.0,12.0,41.0,88.0,23.0,46.0,7.0,16.0,10.0,22.0,22.0,4.0,38.0,26.0,,1.0,-0.2288,0.0,,2.0,8.0,,1.0,,
14023968,2026-05-24,15:00:00,West Ham United,Leeds United,True,3,0,42.0,2.61,4.0,16.0,3.0,6.0,11.0,316.0,12.0,14.0,0.0,9.0,0.0,4.0,3.0,13.0,3.0,1.0,3.0,27.0,1.0,0.0,239.0,13.0,50.0,66.0,97.0,16.0,53.0,4.0,25.0,45.0,12.0,34.0,72.0,10.0,25.0,8.0,17.0,8.0,12.0,12.0,7.0,50.0,22.0,,3.0,0.463,0.0,3.0,,7.0,,1.0,1.0,
14023968,2026-05-24,15:00:00,Leeds United,West Ham United,False,0,3,58.0,1.59,2.0,13.0,5.0,4.0,14.0,453.0,21.0,11.0,3.0,3.0,0.0,6.0,4.0,9.0,4.0,0.0,2.0,27.0,2.0,1.0,374.0,17.0,52.0,75.0,113.0,24.0,50.0,4.0,18.0,55.0,8.0,38.0,72.0,15.0,25.0,8.0,12.0,9.0,21.0,21.0,7.0,49.0,26.0,,5.0,0.2661,3.0,0.0,,6.0,,2.0,2.0,
